ISO-10303-21;
HEADER;
FILE_DESCRIPTION(('Open CASCADE Model'),'2;1');
FILE_NAME('Open CASCADE Shape Model','2026-09-13T01:35:38',('Author'),(
    'Open CASCADE'),'Open CASCADE STEP processor 7.9','Open CASCADE 7.9'
  ,'Unknown');
FILE_SCHEMA(('AUTOMOTIVE_DESIGN { 1 0 10303 214 1 1 1 1 }'));
ENDSEC;
DATA;
#1 = APPLICATION_PROTOCOL_DEFINITION('international standard',
  'automotive_design',2000,#2);
#2 = APPLICATION_CONTEXT(
  'core data for automotive mechanical design processes');
#3 = SHAPE_DEFINITION_REPRESENTATION(#4,#10);
#4 = PRODUCT_DEFINITION_SHAPE('','',#5);
#5 = PRODUCT_DEFINITION('design','',#6,#9);
#6 = PRODUCT_DEFINITION_FORMATION('','',#7);
#7 = PRODUCT('Open CASCADE STEP translator 7.9 6',
  'Open CASCADE STEP translator 7.9 6','',(#8));
#8 = PRODUCT_CONTEXT('',#2,'mechanical');
#9 = PRODUCT_DEFINITION_CONTEXT('part definition',#2,'design');
#10 = ADVANCED_BREP_SHAPE_REPRESENTATION('',(#11,#15),#8783);
#11 = AXIS2_PLACEMENT_3D('',#12,#13,#14);
#12 = CARTESIAN_POINT('',(0.,0.,0.));
#13 = DIRECTION('',(0.,0.,1.));
#14 = DIRECTION('',(1.,0.,-0.));
#15 = MANIFOLD_SOLID_BREP('',#16);
#16 = CLOSED_SHELL('',(#17,#1453,#1529,#1606,#1678,#1754,#1882,#1982,
    #2319,#2366,#2499,#2546,#2623,#2669,#2723,#2771,#2840,#2886,#2933,
    #2979,#3028,#3080,#3185,#3261,#3310,#3387,#3491,#3624,#3673,#4005,
    #4077,#4178,#4228,#4297,#4344,#4391,#4416,#4466,#4535,#4582,#4629,
    #4654,#4730,#4779,#4828,#4855,#4931,#4980,#5029,#5056,#5132,#5181,
    #5230,#5257,#5284,#5291,#5369,#5418,#5660,#5687,#5736,#5842,#5914,
    #5963,#6013,#6040,#6111,#6161,#6210,#6238,#6338,#6387,#6562,#6589,
    #6818,#7138,#7187,#7238,#7265,#7316,#7343,#7350,#7399,#7788,#7815,
    #7867,#7914,#7941,#7968,#7975,#8022,#8049,#8076,#8083,#8110,#8117,
    #8124,#8131,#8138,#8145,#8194,#8221,#8294,#8321,#8348,#8375,#8382,
    #8431,#8457,#8464,#8513,#8560,#8587,#8614,#8667,#8716,#8742,#8749,
    #8776));
#17 = ADVANCED_FACE('',(#18,#861,#892,#998,#1029,#1135,#1241,#1347),#32,
  .T.);
#18 = FACE_BOUND('',#19,.T.);
#19 = EDGE_LOOP('',(#20,#55,#83,#111,#139,#167,#195,#222,#249,#276,#303,
    #331,#359,#387,#415,#443,#471,#499,#527,#555,#583,#611,#639,#667,
    #695,#723,#751,#779,#807,#835));
#20 = ORIENTED_EDGE('',*,*,#21,.F.);
#21 = EDGE_CURVE('',#22,#24,#26,.T.);
#22 = VERTEX_POINT('',#23);
#23 = CARTESIAN_POINT('',(6.,34.,8.));
#24 = VERTEX_POINT('',#25);
#25 = CARTESIAN_POINT('',(10.,34.,8.));
#26 = SURFACE_CURVE('',#27,(#31,#43),.PCURVE_S1.);
#27 = LINE('',#28,#29);
#28 = CARTESIAN_POINT('',(6.,34.,8.));
#29 = VECTOR('',#30,1.);
#30 = DIRECTION('',(1.,-1.110223024625E-16,0.));
#31 = PCURVE('',#32,#37);
#32 = PLANE('',#33);
#33 = AXIS2_PLACEMENT_3D('',#34,#35,#36);
#34 = CARTESIAN_POINT('',(-34.,-34.,8.));
#35 = DIRECTION('',(0.,0.,1.));
#36 = DIRECTION('',(1.,0.,0.));
#37 = DEFINITIONAL_REPRESENTATION('',(#38),#42);
#38 = LINE('',#39,#40);
#39 = CARTESIAN_POINT('',(40.,68.));
#40 = VECTOR('',#41,1.);
#41 = DIRECTION('',(1.,-1.110223024625E-16));
#42 = ( GEOMETRIC_REPRESENTATION_CONTEXT(2) 
PARAMETRIC_REPRESENTATION_CONTEXT() REPRESENTATION_CONTEXT('2D SPACE',''
  ) );
#43 = PCURVE('',#44,#49);
#44 = PLANE('',#45);
#45 = AXIS2_PLACEMENT_3D('',#46,#47,#48);
#46 = CARTESIAN_POINT('',(6.,34.,8.));
#47 = DIRECTION('',(-7.850462293419E-17,-0.707106781187,0.707106781187)
  );
#48 = DIRECTION('',(7.850462293419E-17,0.707106781187,0.707106781187));
#49 = DEFINITIONAL_REPRESENTATION('',(#50),#54);
#50 = LINE('',#51,#52);
#51 = CARTESIAN_POINT('',(0.,0.));
#52 = VECTOR('',#53,1.);
#53 = DIRECTION('',(0.,-1.));
#54 = ( GEOMETRIC_REPRESENTATION_CONTEXT(2) 
PARAMETRIC_REPRESENTATION_CONTEXT() REPRESENTATION_CONTEXT('2D SPACE',''
  ) );
#55 = ORIENTED_EDGE('',*,*,#56,.T.);
#56 = EDGE_CURVE('',#22,#57,#59,.T.);
#57 = VERTEX_POINT('',#58);
#58 = CARTESIAN_POINT('',(6.,56.,8.));
#59 = SURFACE_CURVE('',#60,(#64,#71),.PCURVE_S1.);
#60 = LINE('',#61,#62);
#61 = CARTESIAN_POINT('',(6.,34.,8.));
#62 = VECTOR('',#63,1.);
#63 = DIRECTION('',(1.110223024625E-16,1.,0.));
#64 = PCURVE('',#32,#65);
#65 = DEFINITIONAL_REPRESENTATION('',(#66),#70);
#66 = LINE('',#67,#68);
#67 = CARTESIAN_POINT('',(40.,68.));
#68 = VECTOR('',#69,1.);
#69 = DIRECTION('',(1.110223024625E-16,1.));
#70 = ( GEOMETRIC_REPRESENTATION_CONTEXT(2) 
PARAMETRIC_REPRESENTATION_CONTEXT() REPRESENTATION_CONTEXT('2D SPACE',''
  ) );
#71 = PCURVE('',#72,#77);
#72 = PLANE('',#73);
#73 = AXIS2_PLACEMENT_3D('',#74,#75,#76);
#74 = CARTESIAN_POINT('',(6.,44.,3.9));
#75 = DIRECTION('',(-1.,1.110223024625E-16,0.));
#76 = DIRECTION('',(0.,0.,1.));
#77 = DEFINITIONAL_REPRESENTATION('',(#78),#82);
#78 = LINE('',#79,#80);
#79 = CARTESIAN_POINT('',(4.1,-10.));
#80 = VECTOR('',#81,1.);
#81 = DIRECTION('',(0.,1.));
#82 = ( GEOMETRIC_REPRESENTATION_CONTEXT(2) 
PARAMETRIC_REPRESENTATION_CONTEXT() REPRESENTATION_CONTEXT('2D SPACE',''
  ) );
#83 = ORIENTED_EDGE('',*,*,#84,.T.);
#84 = EDGE_CURVE('',#57,#85,#87,.T.);
#85 = VERTEX_POINT('',#86);
#86 = CARTESIAN_POINT('',(6.,66.,8.));
#87 = SURFACE_CURVE('',#88,(#92,#99),.PCURVE_S1.);
#88 = LINE('',#89,#90);
#89 = CARTESIAN_POINT('',(6.,56.,8.));
#90 = VECTOR('',#91,1.);
#91 = DIRECTION('',(1.110223024625E-16,1.,0.));
#92 = PCURVE('',#32,#93);
#93 = DEFINITIONAL_REPRESENTATION('',(#94),#98);
#94 = LINE('',#95,#96);
#95 = CARTESIAN_POINT('',(40.,90.));
#96 = VECTOR('',#97,1.);
#97 = DIRECTION('',(1.110223024625E-16,1.));
#98 = ( GEOMETRIC_REPRESENTATION_CONTEXT(2) 
PARAMETRIC_REPRESENTATION_CONTEXT() REPRESENTATION_CONTEXT('2D SPACE',''
  ) );
#99 = PCURVE('',#100,#105);
#100 = PLANE('',#101);
#101 = AXIS2_PLACEMENT_3D('',#102,#103,#104);
#102 = CARTESIAN_POINT('',(6.,56.,-1.));
#103 = DIRECTION('',(-1.,1.110223024625E-16,0.));
#104 = DIRECTION('',(0.,0.,1.));
#105 = DEFINITIONAL_REPRESENTATION('',(#106),#110);
#106 = LINE('',#107,#108);
#107 = CARTESIAN_POINT('',(9.,0.));
#108 = VECTOR('',#109,1.);
#109 = DIRECTION('',(0.,1.));
#110 = ( GEOMETRIC_REPRESENTATION_CONTEXT(2) 
PARAMETRIC_REPRESENTATION_CONTEXT() REPRESENTATION_CONTEXT('2D SPACE',''
  ) );
#111 = ORIENTED_EDGE('',*,*,#112,.T.);
#112 = EDGE_CURVE('',#85,#113,#115,.T.);
#113 = VERTEX_POINT('',#114);
#114 = CARTESIAN_POINT('',(-24.,66.,8.));
#115 = SURFACE_CURVE('',#116,(#120,#127),.PCURVE_S1.);
#116 = LINE('',#117,#118);
#117 = CARTESIAN_POINT('',(26.,66.,8.));
#118 = VECTOR('',#119,1.);
#119 = DIRECTION('',(-1.,1.110223024625E-16,0.));
#120 = PCURVE('',#32,#121);
#121 = DEFINITIONAL_REPRESENTATION('',(#122),#126);
#122 = LINE('',#123,#124);
#123 = CARTESIAN_POINT('',(60.,100.));
#124 = VECTOR('',#125,1.);
#125 = DIRECTION('',(-1.,1.110223024625E-16));
#126 = ( GEOMETRIC_REPRESENTATION_CONTEXT(2) 
PARAMETRIC_REPRESENTATION_CONTEXT() REPRESENTATION_CONTEXT('2D SPACE',''
  ) );
#127 = PCURVE('',#128,#133);
#128 = PLANE('',#129);
#129 = AXIS2_PLACEMENT_3D('',#130,#131,#132);
#130 = CARTESIAN_POINT('',(26.,66.,0.));
#131 = DIRECTION('',(1.110223024625E-16,1.,0.));
#132 = DIRECTION('',(0.,0.,1.));
#133 = DEFINITIONAL_REPRESENTATION('',(#134),#138);
#134 = LINE('',#135,#136);
#135 = CARTESIAN_POINT('',(8.,0.));
#136 = VECTOR('',#137,1.);
#137 = DIRECTION('',(0.,-1.));
#138 = ( GEOMETRIC_REPRESENTATION_CONTEXT(2) 
PARAMETRIC_REPRESENTATION_CONTEXT() REPRESENTATION_CONTEXT('2D SPACE',''
  ) );
#139 = ORIENTED_EDGE('',*,*,#140,.F.);
#140 = EDGE_CURVE('',#141,#113,#143,.T.);
#141 = VERTEX_POINT('',#142);
#142 = CARTESIAN_POINT('',(-24.,34.,8.));
#143 = SURFACE_CURVE('',#144,(#148,#155),.PCURVE_S1.);
#144 = LINE('',#145,#146);
#145 = CARTESIAN_POINT('',(-24.,30.,8.));
#146 = VECTOR('',#147,1.);
#147 = DIRECTION('',(1.110223024625E-16,1.,0.));
#148 = PCURVE('',#32,#149);
#149 = DEFINITIONAL_REPRESENTATION('',(#150),#154);
#150 = LINE('',#151,#152);
#151 = CARTESIAN_POINT('',(10.,64.));
#152 = VECTOR('',#153,1.);
#153 = DIRECTION('',(1.110223024625E-16,1.));
#154 = ( GEOMETRIC_REPRESENTATION_CONTEXT(2) 
PARAMETRIC_REPRESENTATION_CONTEXT() REPRESENTATION_CONTEXT('2D SPACE',''
  ) );
#155 = PCURVE('',#156,#161);
#156 = PLANE('',#157);
#157 = AXIS2_PLACEMENT_3D('',#158,#159,#160);
#158 = CARTESIAN_POINT('',(-24.,30.,0.));
#159 = DIRECTION('',(-1.,1.110223024625E-16,0.));
#160 = DIRECTION('',(0.,0.,1.));
#161 = DEFINITIONAL_REPRESENTATION('',(#162),#166);
#162 = LINE('',#163,#164);
#163 = CARTESIAN_POINT('',(8.,0.));
#164 = VECTOR('',#165,1.);
#165 = DIRECTION('',(0.,1.));
#166 = ( GEOMETRIC_REPRESENTATION_CONTEXT(2) 
PARAMETRIC_REPRESENTATION_CONTEXT() REPRESENTATION_CONTEXT('2D SPACE',''
  ) );
#167 = ORIENTED_EDGE('',*,*,#168,.F.);
#168 = EDGE_CURVE('',#169,#141,#171,.T.);
#169 = VERTEX_POINT('',#170);
#170 = CARTESIAN_POINT('',(-33.4,34.,8.));
#171 = SURFACE_CURVE('',#172,(#176,#183),.PCURVE_S1.);
#172 = LINE('',#173,#174);
#173 = CARTESIAN_POINT('',(-34.,34.,8.));
#174 = VECTOR('',#175,1.);
#175 = DIRECTION('',(1.,0.,0.));
#176 = PCURVE('',#32,#177);
#177 = DEFINITIONAL_REPRESENTATION('',(#178),#182);
#178 = LINE('',#179,#180);
#179 = CARTESIAN_POINT('',(0.,68.));
#180 = VECTOR('',#181,1.);
#181 = DIRECTION('',(1.,0.));
#182 = ( GEOMETRIC_REPRESENTATION_CONTEXT(2) 
PARAMETRIC_REPRESENTATION_CONTEXT() REPRESENTATION_CONTEXT('2D SPACE',''
  ) );
#183 = PCURVE('',#184,#189);
#184 = PLANE('',#185);
#185 = AXIS2_PLACEMENT_3D('',#186,#187,#188);
#186 = CARTESIAN_POINT('',(-34.,34.,0.));
#187 = DIRECTION('',(0.,1.,0.));
#188 = DIRECTION('',(0.,0.,1.));
#189 = DEFINITIONAL_REPRESENTATION('',(#190),#194);
#190 = LINE('',#191,#192);
#191 = CARTESIAN_POINT('',(8.,0.));
#192 = VECTOR('',#193,1.);
#193 = DIRECTION('',(0.,1.));
#194 = ( GEOMETRIC_REPRESENTATION_CONTEXT(2) 
PARAMETRIC_REPRESENTATION_CONTEXT() REPRESENTATION_CONTEXT('2D SPACE',''
  ) );
#195 = ORIENTED_EDGE('',*,*,#196,.F.);
#196 = EDGE_CURVE('',#197,#169,#199,.T.);
#197 = VERTEX_POINT('',#198);
#198 = CARTESIAN_POINT('',(-15.75,16.35,8.));
#199 = SURFACE_CURVE('',#200,(#204,#211),.PCURVE_S1.);
#200 = LINE('',#201,#202);
#201 = CARTESIAN_POINT('',(-149.85,150.45,8.));
#202 = VECTOR('',#203,1.);
#203 = DIRECTION('',(-0.707106781187,0.707106781187,0.));
#204 = PCURVE('',#32,#205);
#205 = DEFINITIONAL_REPRESENTATION('',(#206),#210);
#206 = LINE('',#207,#208);
#207 = CARTESIAN_POINT('',(-115.85,184.45));
#208 = VECTOR('',#209,1.);
#209 = DIRECTION('',(-0.707106781187,0.707106781187));
#210 = ( GEOMETRIC_REPRESENTATION_CONTEXT(2) 
PARAMETRIC_REPRESENTATION_CONTEXT() REPRESENTATION_CONTEXT('2D SPACE',''
  ) );
#211 = PCURVE('',#212,#217);
#212 = PLANE('',#213);
#213 = AXIS2_PLACEMENT_3D('',#214,#215,#216);
#214 = CARTESIAN_POINT('',(-300.,300.6,-1.));
#215 = DIRECTION('',(0.707106781187,0.707106781187,-0.));
#216 = DIRECTION('',(0.707106781187,-0.707106781187,0.));
#217 = DEFINITIONAL_REPRESENTATION('',(#218),#221);
#218 = B_SPLINE_CURVE_WITH_KNOTS('',1,(#219,#220),.UNSPECIFIED.,.F.,.F.,
  (2,2),(-260.0031634422,-164.6851693383),.PIECEWISE_BEZIER_KNOTS.);
#219 = CARTESIAN_POINT('',(472.34732983261,-9.));
#220 = CARTESIAN_POINT('',(377.02933572866,-9.));
#221 = ( GEOMETRIC_REPRESENTATION_CONTEXT(2) 
PARAMETRIC_REPRESENTATION_CONTEXT() REPRESENTATION_CONTEXT('2D SPACE',''
  ) );
#222 = ORIENTED_EDGE('',*,*,#223,.F.);
#223 = EDGE_CURVE('',#224,#197,#226,.T.);
#224 = VERTEX_POINT('',#225);
#225 = CARTESIAN_POINT('',(16.35,16.35,8.));
#226 = SURFACE_CURVE('',#227,(#231,#238),.PCURVE_S1.);
#227 = LINE('',#228,#229);
#228 = CARTESIAN_POINT('',(-25.175,16.35,8.));
#229 = VECTOR('',#230,1.);
#230 = DIRECTION('',(-1.,0.,0.));
#231 = PCURVE('',#32,#232);
#232 = DEFINITIONAL_REPRESENTATION('',(#233),#237);
#233 = LINE('',#234,#235);
#234 = CARTESIAN_POINT('',(8.825,50.35));
#235 = VECTOR('',#236,1.);
#236 = DIRECTION('',(-1.,0.));
#237 = ( GEOMETRIC_REPRESENTATION_CONTEXT(2) 
PARAMETRIC_REPRESENTATION_CONTEXT() REPRESENTATION_CONTEXT('2D SPACE',''
  ) );
#238 = PCURVE('',#239,#244);
#239 = PLANE('',#240);
#240 = AXIS2_PLACEMENT_3D('',#241,#242,#243);
#241 = CARTESIAN_POINT('',(-16.35,16.35,-1.));
#242 = DIRECTION('',(0.,1.,0.));
#243 = DIRECTION('',(0.,0.,1.));
#244 = DEFINITIONAL_REPRESENTATION('',(#245),#248);
#245 = B_SPLINE_CURVE_WITH_KNOTS('',1,(#246,#247),.UNSPECIFIED.,.F.,.F.,
  (2,2),(-41.525,-8.825),.PIECEWISE_BEZIER_KNOTS.);
#246 = CARTESIAN_POINT('',(9.,32.7));
#247 = CARTESIAN_POINT('',(9.,0.));
#248 = ( GEOMETRIC_REPRESENTATION_CONTEXT(2) 
PARAMETRIC_REPRESENTATION_CONTEXT() REPRESENTATION_CONTEXT('2D SPACE',''
  ) );
#249 = ORIENTED_EDGE('',*,*,#250,.F.);
#250 = EDGE_CURVE('',#251,#224,#253,.T.);
#251 = VERTEX_POINT('',#252);
#252 = CARTESIAN_POINT('',(16.35,-15.75,8.));
#253 = SURFACE_CURVE('',#254,(#258,#265),.PCURVE_S1.);
#254 = LINE('',#255,#256);
#255 = CARTESIAN_POINT('',(16.35,-25.175,8.));
#256 = VECTOR('',#257,1.);
#257 = DIRECTION('',(0.,1.,0.));
#258 = PCURVE('',#32,#259);
#259 = DEFINITIONAL_REPRESENTATION('',(#260),#264);
#260 = LINE('',#261,#262);
#261 = CARTESIAN_POINT('',(50.35,8.825));
#262 = VECTOR('',#263,1.);
#263 = DIRECTION('',(0.,1.));
#264 = ( GEOMETRIC_REPRESENTATION_CONTEXT(2) 
PARAMETRIC_REPRESENTATION_CONTEXT() REPRESENTATION_CONTEXT('2D SPACE',''
  ) );
#265 = PCURVE('',#266,#271);
#266 = PLANE('',#267);
#267 = AXIS2_PLACEMENT_3D('',#268,#269,#270);
#268 = CARTESIAN_POINT('',(16.35,-16.35,-1.));
#269 = DIRECTION('',(1.,0.,0.));
#270 = DIRECTION('',(0.,0.,1.));
#271 = DEFINITIONAL_REPRESENTATION('',(#272),#275);
#272 = B_SPLINE_CURVE_WITH_KNOTS('',1,(#273,#274),.UNSPECIFIED.,.F.,.F.,
  (2,2),(8.825,41.525),.PIECEWISE_BEZIER_KNOTS.);
#273 = CARTESIAN_POINT('',(9.,0.));
#274 = CARTESIAN_POINT('',(9.,-32.7));
#275 = ( GEOMETRIC_REPRESENTATION_CONTEXT(2) 
PARAMETRIC_REPRESENTATION_CONTEXT() REPRESENTATION_CONTEXT('2D SPACE',''
  ) );
#276 = ORIENTED_EDGE('',*,*,#277,.F.);
#277 = EDGE_CURVE('',#278,#251,#280,.T.);
#278 = VERTEX_POINT('',#279);
#279 = CARTESIAN_POINT('',(34.,-33.4,8.));
#280 = SURFACE_CURVE('',#281,(#285,#292),.PCURVE_S1.);
#281 = LINE('',#282,#283);
#282 = CARTESIAN_POINT('',(-149.85,150.45,8.));
#283 = VECTOR('',#284,1.);
#284 = DIRECTION('',(-0.707106781187,0.707106781187,0.));
#285 = PCURVE('',#32,#286);
#286 = DEFINITIONAL_REPRESENTATION('',(#287),#291);
#287 = LINE('',#288,#289);
#288 = CARTESIAN_POINT('',(-115.85,184.45));
#289 = VECTOR('',#290,1.);
#290 = DIRECTION('',(-0.707106781187,0.707106781187));
#291 = ( GEOMETRIC_REPRESENTATION_CONTEXT(2) 
PARAMETRIC_REPRESENTATION_CONTEXT() REPRESENTATION_CONTEXT('2D SPACE',''
  ) );
#292 = PCURVE('',#293,#298);
#293 = PLANE('',#294);
#294 = AXIS2_PLACEMENT_3D('',#295,#296,#297);
#295 = CARTESIAN_POINT('',(-300.,300.6,-1.));
#296 = DIRECTION('',(0.707106781187,0.707106781187,-0.));
#297 = DIRECTION('',(0.707106781187,-0.707106781187,0.));
#298 = DEFINITIONAL_REPRESENTATION('',(#299),#302);
#299 = B_SPLINE_CURVE_WITH_KNOTS('',1,(#300,#301),.UNSPECIFIED.,.F.,.F.,
  (2,2),(-260.0031634422,-164.6851693383),.PIECEWISE_BEZIER_KNOTS.);
#300 = CARTESIAN_POINT('',(472.34732983261,-9.));
#301 = CARTESIAN_POINT('',(377.02933572866,-9.));
#302 = ( GEOMETRIC_REPRESENTATION_CONTEXT(2) 
PARAMETRIC_REPRESENTATION_CONTEXT() REPRESENTATION_CONTEXT('2D SPACE',''
  ) );
#303 = ORIENTED_EDGE('',*,*,#304,.T.);
#304 = EDGE_CURVE('',#278,#305,#307,.T.);
#305 = VERTEX_POINT('',#306);
#306 = CARTESIAN_POINT('',(34.,-26.,8.));
#307 = SURFACE_CURVE('',#308,(#312,#319),.PCURVE_S1.);
#308 = LINE('',#309,#310);
#309 = CARTESIAN_POINT('',(34.,-34.,8.));
#310 = VECTOR('',#311,1.);
#311 = DIRECTION('',(0.,1.,0.));
#312 = PCURVE('',#32,#313);
#313 = DEFINITIONAL_REPRESENTATION('',(#314),#318);
#314 = LINE('',#315,#316);
#315 = CARTESIAN_POINT('',(68.,0.));
#316 = VECTOR('',#317,1.);
#317 = DIRECTION('',(0.,1.));
#318 = ( GEOMETRIC_REPRESENTATION_CONTEXT(2) 
PARAMETRIC_REPRESENTATION_CONTEXT() REPRESENTATION_CONTEXT('2D SPACE',''
  ) );
#319 = PCURVE('',#320,#325);
#320 = PLANE('',#321);
#321 = AXIS2_PLACEMENT_3D('',#322,#323,#324);
#322 = CARTESIAN_POINT('',(34.,-34.,0.));
#323 = DIRECTION('',(1.,0.,0.));
#324 = DIRECTION('',(0.,0.,1.));
#325 = DEFINITIONAL_REPRESENTATION('',(#326),#330);
#326 = LINE('',#327,#328);
#327 = CARTESIAN_POINT('',(8.,0.));
#328 = VECTOR('',#329,1.);
#329 = DIRECTION('',(0.,-1.));
#330 = ( GEOMETRIC_REPRESENTATION_CONTEXT(2) 
PARAMETRIC_REPRESENTATION_CONTEXT() REPRESENTATION_CONTEXT('2D SPACE',''
  ) );
#331 = ORIENTED_EDGE('',*,*,#332,.F.);
#332 = EDGE_CURVE('',#333,#305,#335,.T.);
#333 = VERTEX_POINT('',#334);
#334 = CARTESIAN_POINT('',(34.,-22.,8.));
#335 = SURFACE_CURVE('',#336,(#340,#347),.PCURVE_S1.);
#336 = LINE('',#337,#338);
#337 = CARTESIAN_POINT('',(34.,-22.,8.));
#338 = VECTOR('',#339,1.);
#339 = DIRECTION('',(0.,-1.,0.));
#340 = PCURVE('',#32,#341);
#341 = DEFINITIONAL_REPRESENTATION('',(#342),#346);
#342 = LINE('',#343,#344);
#343 = CARTESIAN_POINT('',(68.,12.));
#344 = VECTOR('',#345,1.);
#345 = DIRECTION('',(0.,-1.));
#346 = ( GEOMETRIC_REPRESENTATION_CONTEXT(2) 
PARAMETRIC_REPRESENTATION_CONTEXT() REPRESENTATION_CONTEXT('2D SPACE',''
  ) );
#347 = PCURVE('',#348,#353);
#348 = PLANE('',#349);
#349 = AXIS2_PLACEMENT_3D('',#350,#351,#352);
#350 = CARTESIAN_POINT('',(34.,-22.,8.));
#351 = DIRECTION('',(-0.707106781187,0.,0.707106781187));
#352 = DIRECTION('',(0.707106781187,0.,0.707106781187));
#353 = DEFINITIONAL_REPRESENTATION('',(#354),#358);
#354 = LINE('',#355,#356);
#355 = CARTESIAN_POINT('',(0.,0.));
#356 = VECTOR('',#357,1.);
#357 = DIRECTION('',(0.,-1.));
#358 = ( GEOMETRIC_REPRESENTATION_CONTEXT(2) 
PARAMETRIC_REPRESENTATION_CONTEXT() REPRESENTATION_CONTEXT('2D SPACE',''
  ) );
#359 = ORIENTED_EDGE('',*,*,#360,.T.);
#360 = EDGE_CURVE('',#333,#361,#363,.T.);
#361 = VERTEX_POINT('',#362);
#362 = CARTESIAN_POINT('',(62.,-22.,8.));
#363 = SURFACE_CURVE('',#364,(#368,#375),.PCURVE_S1.);
#364 = LINE('',#365,#366);
#365 = CARTESIAN_POINT('',(34.,-22.,8.));
#366 = VECTOR('',#367,1.);
#367 = DIRECTION('',(1.,0.,0.));
#368 = PCURVE('',#32,#369);
#369 = DEFINITIONAL_REPRESENTATION('',(#370),#374);
#370 = LINE('',#371,#372);
#371 = CARTESIAN_POINT('',(68.,12.));
#372 = VECTOR('',#373,1.);
#373 = DIRECTION('',(1.,0.));
#374 = ( GEOMETRIC_REPRESENTATION_CONTEXT(2) 
PARAMETRIC_REPRESENTATION_CONTEXT() REPRESENTATION_CONTEXT('2D SPACE',''
  ) );
#375 = PCURVE('',#376,#381);
#376 = PLANE('',#377);
#377 = AXIS2_PLACEMENT_3D('',#378,#379,#380);
#378 = CARTESIAN_POINT('',(44.,-22.,3.9));
#379 = DIRECTION('',(0.,1.,0.));
#380 = DIRECTION('',(0.,0.,1.));
#381 = DEFINITIONAL_REPRESENTATION('',(#382),#386);
#382 = LINE('',#383,#384);
#383 = CARTESIAN_POINT('',(4.1,-10.));
#384 = VECTOR('',#385,1.);
#385 = DIRECTION('',(0.,1.));
#386 = ( GEOMETRIC_REPRESENTATION_CONTEXT(2) 
PARAMETRIC_REPRESENTATION_CONTEXT() REPRESENTATION_CONTEXT('2D SPACE',''
  ) );
#387 = ORIENTED_EDGE('',*,*,#388,.T.);
#388 = EDGE_CURVE('',#361,#389,#391,.T.);
#389 = VERTEX_POINT('',#390);
#390 = CARTESIAN_POINT('',(62.,-17.,8.));
#391 = SURFACE_CURVE('',#392,(#396,#403),.PCURVE_S1.);
#392 = LINE('',#393,#394);
#393 = CARTESIAN_POINT('',(62.,-24.5,8.));
#394 = VECTOR('',#395,1.);
#395 = DIRECTION('',(0.,1.,0.));
#396 = PCURVE('',#32,#397);
#397 = DEFINITIONAL_REPRESENTATION('',(#398),#402);
#398 = LINE('',#399,#400);
#399 = CARTESIAN_POINT('',(96.,9.5));
#400 = VECTOR('',#401,1.);
#401 = DIRECTION('',(0.,1.));
#402 = ( GEOMETRIC_REPRESENTATION_CONTEXT(2) 
PARAMETRIC_REPRESENTATION_CONTEXT() REPRESENTATION_CONTEXT('2D SPACE',''
  ) );
#403 = PCURVE('',#404,#409);
#404 = PLANE('',#405);
#405 = AXIS2_PLACEMENT_3D('',#406,#407,#408);
#406 = CARTESIAN_POINT('',(62.,-23.,3.8));
#407 = DIRECTION('',(1.,0.,0.));
#408 = DIRECTION('',(0.,0.,1.));
#409 = DEFINITIONAL_REPRESENTATION('',(#410),#414);
#410 = LINE('',#411,#412);
#411 = CARTESIAN_POINT('',(4.2,1.5));
#412 = VECTOR('',#413,1.);
#413 = DIRECTION('',(0.,-1.));
#414 = ( GEOMETRIC_REPRESENTATION_CONTEXT(2) 
PARAMETRIC_REPRESENTATION_CONTEXT() REPRESENTATION_CONTEXT('2D SPACE',''
  ) );
#415 = ORIENTED_EDGE('',*,*,#416,.T.);
#416 = EDGE_CURVE('',#389,#417,#419,.T.);
#417 = VERTEX_POINT('',#418);
#418 = CARTESIAN_POINT('',(56.,-17.,8.));
#419 = SURFACE_CURVE('',#420,(#424,#431),.PCURVE_S1.);
#420 = LINE('',#421,#422);
#421 = CARTESIAN_POINT('',(43.,-17.,8.));
#422 = VECTOR('',#423,1.);
#423 = DIRECTION('',(-1.,0.,0.));
#424 = PCURVE('',#32,#425);
#425 = DEFINITIONAL_REPRESENTATION('',(#426),#430);
#426 = LINE('',#427,#428);
#427 = CARTESIAN_POINT('',(77.,17.));
#428 = VECTOR('',#429,1.);
#429 = DIRECTION('',(-1.,0.));
#430 = ( GEOMETRIC_REPRESENTATION_CONTEXT(2) 
PARAMETRIC_REPRESENTATION_CONTEXT() REPRESENTATION_CONTEXT('2D SPACE',''
  ) );
#431 = PCURVE('',#432,#437);
#432 = PLANE('',#433);
#433 = AXIS2_PLACEMENT_3D('',#434,#435,#436);
#434 = CARTESIAN_POINT('',(56.,-17.,-1.));
#435 = DIRECTION('',(0.,1.,0.));
#436 = DIRECTION('',(0.,0.,1.));
#437 = DEFINITIONAL_REPRESENTATION('',(#438),#442);
#438 = LINE('',#439,#440);
#439 = CARTESIAN_POINT('',(9.,-13.));
#440 = VECTOR('',#441,1.);
#441 = DIRECTION('',(0.,-1.));
#442 = ( GEOMETRIC_REPRESENTATION_CONTEXT(2) 
PARAMETRIC_REPRESENTATION_CONTEXT() REPRESENTATION_CONTEXT('2D SPACE',''
  ) );
#443 = ORIENTED_EDGE('',*,*,#444,.T.);
#444 = EDGE_CURVE('',#417,#445,#447,.T.);
#445 = VERTEX_POINT('',#446);
#446 = CARTESIAN_POINT('',(56.,-10.,8.));
#447 = SURFACE_CURVE('',#448,(#452,#459),.PCURVE_S1.);
#448 = LINE('',#449,#450);
#449 = CARTESIAN_POINT('',(56.,-21.5,8.));
#450 = VECTOR('',#451,1.);
#451 = DIRECTION('',(0.,1.,0.));
#452 = PCURVE('',#32,#453);
#453 = DEFINITIONAL_REPRESENTATION('',(#454),#458);
#454 = LINE('',#455,#456);
#455 = CARTESIAN_POINT('',(90.,12.5));
#456 = VECTOR('',#457,1.);
#457 = DIRECTION('',(0.,1.));
#458 = ( GEOMETRIC_REPRESENTATION_CONTEXT(2) 
PARAMETRIC_REPRESENTATION_CONTEXT() REPRESENTATION_CONTEXT('2D SPACE',''
  ) );
#459 = PCURVE('',#460,#465);
#460 = PLANE('',#461);
#461 = AXIS2_PLACEMENT_3D('',#462,#463,#464);
#462 = CARTESIAN_POINT('',(56.,-17.,-1.));
#463 = DIRECTION('',(1.,0.,0.));
#464 = DIRECTION('',(0.,0.,1.));
#465 = DEFINITIONAL_REPRESENTATION('',(#466),#470);
#466 = LINE('',#467,#468);
#467 = CARTESIAN_POINT('',(9.,4.5));
#468 = VECTOR('',#469,1.);
#469 = DIRECTION('',(0.,-1.));
#470 = ( GEOMETRIC_REPRESENTATION_CONTEXT(2) 
PARAMETRIC_REPRESENTATION_CONTEXT() REPRESENTATION_CONTEXT('2D SPACE',''
  ) );
#471 = ORIENTED_EDGE('',*,*,#472,.T.);
#472 = EDGE_CURVE('',#445,#473,#475,.T.);
#473 = VERTEX_POINT('',#474);
#474 = CARTESIAN_POINT('',(34.,-10.,8.));
#475 = SURFACE_CURVE('',#476,(#480,#487),.PCURVE_S1.);
#476 = LINE('',#477,#478);
#477 = CARTESIAN_POINT('',(65.,-10.,8.));
#478 = VECTOR('',#479,1.);
#479 = DIRECTION('',(-1.,0.,0.));
#480 = PCURVE('',#32,#481);
#481 = DEFINITIONAL_REPRESENTATION('',(#482),#486);
#482 = LINE('',#483,#484);
#483 = CARTESIAN_POINT('',(99.,24.));
#484 = VECTOR('',#485,1.);
#485 = DIRECTION('',(-1.,0.));
#486 = ( GEOMETRIC_REPRESENTATION_CONTEXT(2) 
PARAMETRIC_REPRESENTATION_CONTEXT() REPRESENTATION_CONTEXT('2D SPACE',''
  ) );
#487 = PCURVE('',#488,#493);
#488 = PLANE('',#489);
#489 = AXIS2_PLACEMENT_3D('',#490,#491,#492);
#490 = CARTESIAN_POINT('',(52.428932188135,-10.,15.784774720595));
#491 = DIRECTION('',(0.,1.,0.));
#492 = DIRECTION('',(0.,0.,1.));
#493 = DEFINITIONAL_REPRESENTATION('',(#494),#498);
#494 = LINE('',#495,#496);
#495 = CARTESIAN_POINT('',(-7.784774720595,12.571067811865));
#496 = VECTOR('',#497,1.);
#497 = DIRECTION('',(0.,-1.));
#498 = ( GEOMETRIC_REPRESENTATION_CONTEXT(2) 
PARAMETRIC_REPRESENTATION_CONTEXT() REPRESENTATION_CONTEXT('2D SPACE',''
  ) );
#499 = ORIENTED_EDGE('',*,*,#500,.F.);
#500 = EDGE_CURVE('',#501,#473,#503,.T.);
#501 = VERTEX_POINT('',#502);
#502 = CARTESIAN_POINT('',(34.,-6.,8.));
#503 = SURFACE_CURVE('',#504,(#508,#515),.PCURVE_S1.);
#504 = LINE('',#505,#506);
#505 = CARTESIAN_POINT('',(34.,-6.,8.));
#506 = VECTOR('',#507,1.);
#507 = DIRECTION('',(0.,-1.,0.));
#508 = PCURVE('',#32,#509);
#509 = DEFINITIONAL_REPRESENTATION('',(#510),#514);
#510 = LINE('',#511,#512);
#511 = CARTESIAN_POINT('',(68.,28.));
#512 = VECTOR('',#513,1.);
#513 = DIRECTION('',(0.,-1.));
#514 = ( GEOMETRIC_REPRESENTATION_CONTEXT(2) 
PARAMETRIC_REPRESENTATION_CONTEXT() REPRESENTATION_CONTEXT('2D SPACE',''
  ) );
#515 = PCURVE('',#516,#521);
#516 = PLANE('',#517);
#517 = AXIS2_PLACEMENT_3D('',#518,#519,#520);
#518 = CARTESIAN_POINT('',(34.,-6.,8.));
#519 = DIRECTION('',(-0.707106781187,0.,0.707106781187));
#520 = DIRECTION('',(0.707106781187,0.,0.707106781187));
#521 = DEFINITIONAL_REPRESENTATION('',(#522),#526);
#522 = LINE('',#523,#524);
#523 = CARTESIAN_POINT('',(0.,0.));
#524 = VECTOR('',#525,1.);
#525 = DIRECTION('',(0.,-1.));
#526 = ( GEOMETRIC_REPRESENTATION_CONTEXT(2) 
PARAMETRIC_REPRESENTATION_CONTEXT() REPRESENTATION_CONTEXT('2D SPACE',''
  ) );
#527 = ORIENTED_EDGE('',*,*,#528,.T.);
#528 = EDGE_CURVE('',#501,#529,#531,.T.);
#529 = VERTEX_POINT('',#530);
#530 = CARTESIAN_POINT('',(56.,-6.,8.));
#531 = SURFACE_CURVE('',#532,(#536,#543),.PCURVE_S1.);
#532 = LINE('',#533,#534);
#533 = CARTESIAN_POINT('',(34.,-6.,8.));
#534 = VECTOR('',#535,1.);
#535 = DIRECTION('',(1.,0.,0.));
#536 = PCURVE('',#32,#537);
#537 = DEFINITIONAL_REPRESENTATION('',(#538),#542);
#538 = LINE('',#539,#540);
#539 = CARTESIAN_POINT('',(68.,28.));
#540 = VECTOR('',#541,1.);
#541 = DIRECTION('',(1.,0.));
#542 = ( GEOMETRIC_REPRESENTATION_CONTEXT(2) 
PARAMETRIC_REPRESENTATION_CONTEXT() REPRESENTATION_CONTEXT('2D SPACE',''
  ) );
#543 = PCURVE('',#544,#549);
#544 = PLANE('',#545);
#545 = AXIS2_PLACEMENT_3D('',#546,#547,#548);
#546 = CARTESIAN_POINT('',(44.,-6.,3.9));
#547 = DIRECTION('',(0.,1.,0.));
#548 = DIRECTION('',(0.,0.,1.));
#549 = DEFINITIONAL_REPRESENTATION('',(#550),#554);
#550 = LINE('',#551,#552);
#551 = CARTESIAN_POINT('',(4.1,-10.));
#552 = VECTOR('',#553,1.);
#553 = DIRECTION('',(0.,1.));
#554 = ( GEOMETRIC_REPRESENTATION_CONTEXT(2) 
PARAMETRIC_REPRESENTATION_CONTEXT() REPRESENTATION_CONTEXT('2D SPACE',''
  ) );
#555 = ORIENTED_EDGE('',*,*,#556,.T.);
#556 = EDGE_CURVE('',#529,#557,#559,.T.);
#557 = VERTEX_POINT('',#558);
#558 = CARTESIAN_POINT('',(66.,-6.,8.));
#559 = SURFACE_CURVE('',#560,(#564,#571),.PCURVE_S1.);
#560 = LINE('',#561,#562);
#561 = CARTESIAN_POINT('',(56.,-6.,8.));
#562 = VECTOR('',#563,1.);
#563 = DIRECTION('',(1.,0.,0.));
#564 = PCURVE('',#32,#565);
#565 = DEFINITIONAL_REPRESENTATION('',(#566),#570);
#566 = LINE('',#567,#568);
#567 = CARTESIAN_POINT('',(90.,28.));
#568 = VECTOR('',#569,1.);
#569 = DIRECTION('',(1.,0.));
#570 = ( GEOMETRIC_REPRESENTATION_CONTEXT(2) 
PARAMETRIC_REPRESENTATION_CONTEXT() REPRESENTATION_CONTEXT('2D SPACE',''
  ) );
#571 = PCURVE('',#572,#577);
#572 = PLANE('',#573);
#573 = AXIS2_PLACEMENT_3D('',#574,#575,#576);
#574 = CARTESIAN_POINT('',(56.,-6.,-1.));
#575 = DIRECTION('',(0.,1.,0.));
#576 = DIRECTION('',(0.,0.,1.));
#577 = DEFINITIONAL_REPRESENTATION('',(#578),#582);
#578 = LINE('',#579,#580);
#579 = CARTESIAN_POINT('',(9.,0.));
#580 = VECTOR('',#581,1.);
#581 = DIRECTION('',(0.,1.));
#582 = ( GEOMETRIC_REPRESENTATION_CONTEXT(2) 
PARAMETRIC_REPRESENTATION_CONTEXT() REPRESENTATION_CONTEXT('2D SPACE',''
  ) );
#583 = ORIENTED_EDGE('',*,*,#584,.T.);
#584 = EDGE_CURVE('',#557,#585,#587,.T.);
#585 = VERTEX_POINT('',#586);
#586 = CARTESIAN_POINT('',(66.,24.,8.));
#587 = SURFACE_CURVE('',#588,(#592,#599),.PCURVE_S1.);
#588 = LINE('',#589,#590);
#589 = CARTESIAN_POINT('',(66.,-26.,8.));
#590 = VECTOR('',#591,1.);
#591 = DIRECTION('',(0.,1.,0.));
#592 = PCURVE('',#32,#593);
#593 = DEFINITIONAL_REPRESENTATION('',(#594),#598);
#594 = LINE('',#595,#596);
#595 = CARTESIAN_POINT('',(100.,8.));
#596 = VECTOR('',#597,1.);
#597 = DIRECTION('',(0.,1.));
#598 = ( GEOMETRIC_REPRESENTATION_CONTEXT(2) 
PARAMETRIC_REPRESENTATION_CONTEXT() REPRESENTATION_CONTEXT('2D SPACE',''
  ) );
#599 = PCURVE('',#600,#605);
#600 = PLANE('',#601);
#601 = AXIS2_PLACEMENT_3D('',#602,#603,#604);
#602 = CARTESIAN_POINT('',(66.,-26.,0.));
#603 = DIRECTION('',(1.,0.,0.));
#604 = DIRECTION('',(0.,0.,1.));
#605 = DEFINITIONAL_REPRESENTATION('',(#606),#610);
#606 = LINE('',#607,#608);
#607 = CARTESIAN_POINT('',(8.,0.));
#608 = VECTOR('',#609,1.);
#609 = DIRECTION('',(0.,-1.));
#610 = ( GEOMETRIC_REPRESENTATION_CONTEXT(2) 
PARAMETRIC_REPRESENTATION_CONTEXT() REPRESENTATION_CONTEXT('2D SPACE',''
  ) );
#611 = ORIENTED_EDGE('',*,*,#612,.F.);
#612 = EDGE_CURVE('',#613,#585,#615,.T.);
#613 = VERTEX_POINT('',#614);
#614 = CARTESIAN_POINT('',(34.,24.,8.));
#615 = SURFACE_CURVE('',#616,(#620,#627),.PCURVE_S1.);
#616 = LINE('',#617,#618);
#617 = CARTESIAN_POINT('',(30.,24.,8.));
#618 = VECTOR('',#619,1.);
#619 = DIRECTION('',(1.,0.,0.));
#620 = PCURVE('',#32,#621);
#621 = DEFINITIONAL_REPRESENTATION('',(#622),#626);
#622 = LINE('',#623,#624);
#623 = CARTESIAN_POINT('',(64.,58.));
#624 = VECTOR('',#625,1.);
#625 = DIRECTION('',(1.,0.));
#626 = ( GEOMETRIC_REPRESENTATION_CONTEXT(2) 
PARAMETRIC_REPRESENTATION_CONTEXT() REPRESENTATION_CONTEXT('2D SPACE',''
  ) );
#627 = PCURVE('',#628,#633);
#628 = PLANE('',#629);
#629 = AXIS2_PLACEMENT_3D('',#630,#631,#632);
#630 = CARTESIAN_POINT('',(30.,24.,0.));
#631 = DIRECTION('',(0.,1.,0.));
#632 = DIRECTION('',(0.,0.,1.));
#633 = DEFINITIONAL_REPRESENTATION('',(#634),#638);
#634 = LINE('',#635,#636);
#635 = CARTESIAN_POINT('',(8.,0.));
#636 = VECTOR('',#637,1.);
#637 = DIRECTION('',(0.,1.));
#638 = ( GEOMETRIC_REPRESENTATION_CONTEXT(2) 
PARAMETRIC_REPRESENTATION_CONTEXT() REPRESENTATION_CONTEXT('2D SPACE',''
  ) );
#639 = ORIENTED_EDGE('',*,*,#640,.T.);
#640 = EDGE_CURVE('',#613,#641,#643,.T.);
#641 = VERTEX_POINT('',#642);
#642 = CARTESIAN_POINT('',(34.,34.,8.));
#643 = SURFACE_CURVE('',#644,(#648,#655),.PCURVE_S1.);
#644 = LINE('',#645,#646);
#645 = CARTESIAN_POINT('',(34.,-34.,8.));
#646 = VECTOR('',#647,1.);
#647 = DIRECTION('',(0.,1.,0.));
#648 = PCURVE('',#32,#649);
#649 = DEFINITIONAL_REPRESENTATION('',(#650),#654);
#650 = LINE('',#651,#652);
#651 = CARTESIAN_POINT('',(68.,0.));
#652 = VECTOR('',#653,1.);
#653 = DIRECTION('',(0.,1.));
#654 = ( GEOMETRIC_REPRESENTATION_CONTEXT(2) 
PARAMETRIC_REPRESENTATION_CONTEXT() REPRESENTATION_CONTEXT('2D SPACE',''
  ) );
#655 = PCURVE('',#656,#661);
#656 = PLANE('',#657);
#657 = AXIS2_PLACEMENT_3D('',#658,#659,#660);
#658 = CARTESIAN_POINT('',(34.,-34.,0.));
#659 = DIRECTION('',(1.,0.,0.));
#660 = DIRECTION('',(0.,0.,1.));
#661 = DEFINITIONAL_REPRESENTATION('',(#662),#666);
#662 = LINE('',#663,#664);
#663 = CARTESIAN_POINT('',(8.,0.));
#664 = VECTOR('',#665,1.);
#665 = DIRECTION('',(0.,-1.));
#666 = ( GEOMETRIC_REPRESENTATION_CONTEXT(2) 
PARAMETRIC_REPRESENTATION_CONTEXT() REPRESENTATION_CONTEXT('2D SPACE',''
  ) );
#667 = ORIENTED_EDGE('',*,*,#668,.F.);
#668 = EDGE_CURVE('',#669,#641,#671,.T.);
#669 = VERTEX_POINT('',#670);
#670 = CARTESIAN_POINT('',(26.,34.,8.));
#671 = SURFACE_CURVE('',#672,(#676,#683),.PCURVE_S1.);
#672 = LINE('',#673,#674);
#673 = CARTESIAN_POINT('',(-34.,34.,8.));
#674 = VECTOR('',#675,1.);
#675 = DIRECTION('',(1.,0.,0.));
#676 = PCURVE('',#32,#677);
#677 = DEFINITIONAL_REPRESENTATION('',(#678),#682);
#678 = LINE('',#679,#680);
#679 = CARTESIAN_POINT('',(0.,68.));
#680 = VECTOR('',#681,1.);
#681 = DIRECTION('',(1.,0.));
#682 = ( GEOMETRIC_REPRESENTATION_CONTEXT(2) 
PARAMETRIC_REPRESENTATION_CONTEXT() REPRESENTATION_CONTEXT('2D SPACE',''
  ) );
#683 = PCURVE('',#684,#689);
#684 = PLANE('',#685);
#685 = AXIS2_PLACEMENT_3D('',#686,#687,#688);
#686 = CARTESIAN_POINT('',(-34.,34.,0.));
#687 = DIRECTION('',(0.,1.,0.));
#688 = DIRECTION('',(0.,0.,1.));
#689 = DEFINITIONAL_REPRESENTATION('',(#690),#694);
#690 = LINE('',#691,#692);
#691 = CARTESIAN_POINT('',(8.,0.));
#692 = VECTOR('',#693,1.);
#693 = DIRECTION('',(0.,1.));
#694 = ( GEOMETRIC_REPRESENTATION_CONTEXT(2) 
PARAMETRIC_REPRESENTATION_CONTEXT() REPRESENTATION_CONTEXT('2D SPACE',''
  ) );
#695 = ORIENTED_EDGE('',*,*,#696,.F.);
#696 = EDGE_CURVE('',#697,#669,#699,.T.);
#697 = VERTEX_POINT('',#698);
#698 = CARTESIAN_POINT('',(22.,34.,8.));
#699 = SURFACE_CURVE('',#700,(#704,#711),.PCURVE_S1.);
#700 = LINE('',#701,#702);
#701 = CARTESIAN_POINT('',(22.,34.,8.));
#702 = VECTOR('',#703,1.);
#703 = DIRECTION('',(1.,-1.110223024625E-16,0.));
#704 = PCURVE('',#32,#705);
#705 = DEFINITIONAL_REPRESENTATION('',(#706),#710);
#706 = LINE('',#707,#708);
#707 = CARTESIAN_POINT('',(56.,68.));
#708 = VECTOR('',#709,1.);
#709 = DIRECTION('',(1.,-1.110223024625E-16));
#710 = ( GEOMETRIC_REPRESENTATION_CONTEXT(2) 
PARAMETRIC_REPRESENTATION_CONTEXT() REPRESENTATION_CONTEXT('2D SPACE',''
  ) );
#711 = PCURVE('',#712,#717);
#712 = PLANE('',#713);
#713 = AXIS2_PLACEMENT_3D('',#714,#715,#716);
#714 = CARTESIAN_POINT('',(22.,34.,8.));
#715 = DIRECTION('',(-7.850462293419E-17,-0.707106781187,0.707106781187)
  );
#716 = DIRECTION('',(7.850462293419E-17,0.707106781187,0.707106781187));
#717 = DEFINITIONAL_REPRESENTATION('',(#718),#722);
#718 = LINE('',#719,#720);
#719 = CARTESIAN_POINT('',(0.,0.));
#720 = VECTOR('',#721,1.);
#721 = DIRECTION('',(0.,-1.));
#722 = ( GEOMETRIC_REPRESENTATION_CONTEXT(2) 
PARAMETRIC_REPRESENTATION_CONTEXT() REPRESENTATION_CONTEXT('2D SPACE',''
  ) );
#723 = ORIENTED_EDGE('',*,*,#724,.T.);
#724 = EDGE_CURVE('',#697,#725,#727,.T.);
#725 = VERTEX_POINT('',#726);
#726 = CARTESIAN_POINT('',(22.,62.,8.));
#727 = SURFACE_CURVE('',#728,(#732,#739),.PCURVE_S1.);
#728 = LINE('',#729,#730);
#729 = CARTESIAN_POINT('',(22.,34.,8.));
#730 = VECTOR('',#731,1.);
#731 = DIRECTION('',(1.110223024625E-16,1.,0.));
#732 = PCURVE('',#32,#733);
#733 = DEFINITIONAL_REPRESENTATION('',(#734),#738);
#734 = LINE('',#735,#736);
#735 = CARTESIAN_POINT('',(56.,68.));
#736 = VECTOR('',#737,1.);
#737 = DIRECTION('',(1.110223024625E-16,1.));
#738 = ( GEOMETRIC_REPRESENTATION_CONTEXT(2) 
PARAMETRIC_REPRESENTATION_CONTEXT() REPRESENTATION_CONTEXT('2D SPACE',''
  ) );
#739 = PCURVE('',#740,#745);
#740 = PLANE('',#741);
#741 = AXIS2_PLACEMENT_3D('',#742,#743,#744);
#742 = CARTESIAN_POINT('',(22.,44.,3.9));
#743 = DIRECTION('',(-1.,1.110223024625E-16,0.));
#744 = DIRECTION('',(0.,0.,1.));
#745 = DEFINITIONAL_REPRESENTATION('',(#746),#750);
#746 = LINE('',#747,#748);
#747 = CARTESIAN_POINT('',(4.1,-10.));
#748 = VECTOR('',#749,1.);
#749 = DIRECTION('',(0.,1.));
#750 = ( GEOMETRIC_REPRESENTATION_CONTEXT(2) 
PARAMETRIC_REPRESENTATION_CONTEXT() REPRESENTATION_CONTEXT('2D SPACE',''
  ) );
#751 = ORIENTED_EDGE('',*,*,#752,.T.);
#752 = EDGE_CURVE('',#725,#753,#755,.T.);
#753 = VERTEX_POINT('',#754);
#754 = CARTESIAN_POINT('',(17.,62.,8.));
#755 = SURFACE_CURVE('',#756,(#760,#767),.PCURVE_S1.);
#756 = LINE('',#757,#758);
#757 = CARTESIAN_POINT('',(24.5,62.,8.));
#758 = VECTOR('',#759,1.);
#759 = DIRECTION('',(-1.,1.110223024625E-16,0.));
#760 = PCURVE('',#32,#761);
#761 = DEFINITIONAL_REPRESENTATION('',(#762),#766);
#762 = LINE('',#763,#764);
#763 = CARTESIAN_POINT('',(58.5,96.));
#764 = VECTOR('',#765,1.);
#765 = DIRECTION('',(-1.,1.110223024625E-16));
#766 = ( GEOMETRIC_REPRESENTATION_CONTEXT(2) 
PARAMETRIC_REPRESENTATION_CONTEXT() REPRESENTATION_CONTEXT('2D SPACE',''
  ) );
#767 = PCURVE('',#768,#773);
#768 = PLANE('',#769);
#769 = AXIS2_PLACEMENT_3D('',#770,#771,#772);
#770 = CARTESIAN_POINT('',(23.,62.,3.8));
#771 = DIRECTION('',(1.110223024625E-16,1.,0.));
#772 = DIRECTION('',(0.,0.,1.));
#773 = DEFINITIONAL_REPRESENTATION('',(#774),#778);
#774 = LINE('',#775,#776);
#775 = CARTESIAN_POINT('',(4.2,1.5));
#776 = VECTOR('',#777,1.);
#777 = DIRECTION('',(0.,-1.));
#778 = ( GEOMETRIC_REPRESENTATION_CONTEXT(2) 
PARAMETRIC_REPRESENTATION_CONTEXT() REPRESENTATION_CONTEXT('2D SPACE',''
  ) );
#779 = ORIENTED_EDGE('',*,*,#780,.T.);
#780 = EDGE_CURVE('',#753,#781,#783,.T.);
#781 = VERTEX_POINT('',#782);
#782 = CARTESIAN_POINT('',(17.,56.,8.));
#783 = SURFACE_CURVE('',#784,(#788,#795),.PCURVE_S1.);
#784 = LINE('',#785,#786);
#785 = CARTESIAN_POINT('',(17.,43.,8.));
#786 = VECTOR('',#787,1.);
#787 = DIRECTION('',(-1.110223024625E-16,-1.,0.));
#788 = PCURVE('',#32,#789);
#789 = DEFINITIONAL_REPRESENTATION('',(#790),#794);
#790 = LINE('',#791,#792);
#791 = CARTESIAN_POINT('',(51.,77.));
#792 = VECTOR('',#793,1.);
#793 = DIRECTION('',(-1.110223024625E-16,-1.));
#794 = ( GEOMETRIC_REPRESENTATION_CONTEXT(2) 
PARAMETRIC_REPRESENTATION_CONTEXT() REPRESENTATION_CONTEXT('2D SPACE',''
  ) );
#795 = PCURVE('',#796,#801);
#796 = PLANE('',#797);
#797 = AXIS2_PLACEMENT_3D('',#798,#799,#800);
#798 = CARTESIAN_POINT('',(17.,56.,-1.));
#799 = DIRECTION('',(-1.,1.110223024625E-16,0.));
#800 = DIRECTION('',(0.,0.,1.));
#801 = DEFINITIONAL_REPRESENTATION('',(#802),#806);
#802 = LINE('',#803,#804);
#803 = CARTESIAN_POINT('',(9.,-13.));
#804 = VECTOR('',#805,1.);
#805 = DIRECTION('',(0.,-1.));
#806 = ( GEOMETRIC_REPRESENTATION_CONTEXT(2) 
PARAMETRIC_REPRESENTATION_CONTEXT() REPRESENTATION_CONTEXT('2D SPACE',''
  ) );
#807 = ORIENTED_EDGE('',*,*,#808,.T.);
#808 = EDGE_CURVE('',#781,#809,#811,.T.);
#809 = VERTEX_POINT('',#810);
#810 = CARTESIAN_POINT('',(10.,56.,8.));
#811 = SURFACE_CURVE('',#812,(#816,#823),.PCURVE_S1.);
#812 = LINE('',#813,#814);
#813 = CARTESIAN_POINT('',(21.5,56.,8.));
#814 = VECTOR('',#815,1.);
#815 = DIRECTION('',(-1.,1.110223024625E-16,0.));
#816 = PCURVE('',#32,#817);
#817 = DEFINITIONAL_REPRESENTATION('',(#818),#822);
#818 = LINE('',#819,#820);
#819 = CARTESIAN_POINT('',(55.5,90.));
#820 = VECTOR('',#821,1.);
#821 = DIRECTION('',(-1.,1.110223024625E-16));
#822 = ( GEOMETRIC_REPRESENTATION_CONTEXT(2) 
PARAMETRIC_REPRESENTATION_CONTEXT() REPRESENTATION_CONTEXT('2D SPACE',''
  ) );
#823 = PCURVE('',#824,#829);
#824 = PLANE('',#825);
#825 = AXIS2_PLACEMENT_3D('',#826,#827,#828);
#826 = CARTESIAN_POINT('',(17.,56.,-1.));
#827 = DIRECTION('',(1.110223024625E-16,1.,0.));
#828 = DIRECTION('',(0.,0.,1.));
#829 = DEFINITIONAL_REPRESENTATION('',(#830),#834);
#830 = LINE('',#831,#832);
#831 = CARTESIAN_POINT('',(9.,4.5));
#832 = VECTOR('',#833,1.);
#833 = DIRECTION('',(0.,-1.));
#834 = ( GEOMETRIC_REPRESENTATION_CONTEXT(2) 
PARAMETRIC_REPRESENTATION_CONTEXT() REPRESENTATION_CONTEXT('2D SPACE',''
  ) );
#835 = ORIENTED_EDGE('',*,*,#836,.T.);
#836 = EDGE_CURVE('',#809,#24,#837,.T.);
#837 = SURFACE_CURVE('',#838,(#842,#849),.PCURVE_S1.);
#838 = LINE('',#839,#840);
#839 = CARTESIAN_POINT('',(10.,65.,8.));
#840 = VECTOR('',#841,1.);
#841 = DIRECTION('',(-1.110223024625E-16,-1.,0.));
#842 = PCURVE('',#32,#843);
#843 = DEFINITIONAL_REPRESENTATION('',(#844),#848);
#844 = LINE('',#845,#846);
#845 = CARTESIAN_POINT('',(44.,99.));
#846 = VECTOR('',#847,1.);
#847 = DIRECTION('',(-1.110223024625E-16,-1.));
#848 = ( GEOMETRIC_REPRESENTATION_CONTEXT(2) 
PARAMETRIC_REPRESENTATION_CONTEXT() REPRESENTATION_CONTEXT('2D SPACE',''
  ) );
#849 = PCURVE('',#850,#855);
#850 = PLANE('',#851);
#851 = AXIS2_PLACEMENT_3D('',#852,#853,#854);
#852 = CARTESIAN_POINT('',(10.,52.428932188135,15.784774720595));
#853 = DIRECTION('',(-1.,1.110223024625E-16,0.));
#854 = DIRECTION('',(0.,0.,1.));
#855 = DEFINITIONAL_REPRESENTATION('',(#856),#860);
#856 = LINE('',#857,#858);
#857 = CARTESIAN_POINT('',(-7.784774720595,12.571067811865));
#858 = VECTOR('',#859,1.);
#859 = DIRECTION('',(0.,-1.));
#860 = ( GEOMETRIC_REPRESENTATION_CONTEXT(2) 
PARAMETRIC_REPRESENTATION_CONTEXT() REPRESENTATION_CONTEXT('2D SPACE',''
  ) );
#861 = FACE_BOUND('',#862,.T.);
#862 = EDGE_LOOP('',(#863));
#863 = ORIENTED_EDGE('',*,*,#864,.F.);
#864 = EDGE_CURVE('',#865,#865,#867,.T.);
#865 = VERTEX_POINT('',#866);
#866 = CARTESIAN_POINT('',(28.25,-12.,8.));
#867 = SURFACE_CURVE('',#868,(#873,#880),.PCURVE_S1.);
#868 = CIRCLE('',#869,2.25);
#869 = AXIS2_PLACEMENT_3D('',#870,#871,#872);
#870 = CARTESIAN_POINT('',(26.,-12.,8.));
#871 = DIRECTION('',(0.,0.,1.));
#872 = DIRECTION('',(1.,0.,-0.));
#873 = PCURVE('',#32,#874);
#874 = DEFINITIONAL_REPRESENTATION('',(#875),#879);
#875 = CIRCLE('',#876,2.25);
#876 = AXIS2_PLACEMENT_2D('',#877,#878);
#877 = CARTESIAN_POINT('',(60.,22.));
#878 = DIRECTION('',(1.,0.));
#879 = ( GEOMETRIC_REPRESENTATION_CONTEXT(2) 
PARAMETRIC_REPRESENTATION_CONTEXT() REPRESENTATION_CONTEXT('2D SPACE',''
  ) );
#880 = PCURVE('',#881,#886);
#881 = CYLINDRICAL_SURFACE('',#882,2.25);
#882 = AXIS2_PLACEMENT_3D('',#883,#884,#885);
#883 = CARTESIAN_POINT('',(26.,-12.,-1.));
#884 = DIRECTION('',(0.,0.,1.));
#885 = DIRECTION('',(1.,0.,-0.));
#886 = DEFINITIONAL_REPRESENTATION('',(#887),#891);
#887 = LINE('',#888,#889);
#888 = CARTESIAN_POINT('',(0.,9.));
#889 = VECTOR('',#890,1.);
#890 = DIRECTION('',(1.,0.));
#891 = ( GEOMETRIC_REPRESENTATION_CONTEXT(2) 
PARAMETRIC_REPRESENTATION_CONTEXT() REPRESENTATION_CONTEXT('2D SPACE',''
  ) );
#892 = FACE_BOUND('',#893,.T.);
#893 = EDGE_LOOP('',(#894,#922,#948,#974));
#894 = ORIENTED_EDGE('',*,*,#895,.T.);
#895 = EDGE_CURVE('',#896,#898,#900,.T.);
#896 = VERTEX_POINT('',#897);
#897 = CARTESIAN_POINT('',(36.,-5.,8.));
#898 = VERTEX_POINT('',#899);
#899 = CARTESIAN_POINT('',(18.,-5.,8.));
#900 = SURFACE_CURVE('',#901,(#905,#911),.PCURVE_S1.);
#901 = LINE('',#902,#903);
#902 = CARTESIAN_POINT('',(-8.,-5.,8.));
#903 = VECTOR('',#904,1.);
#904 = DIRECTION('',(-1.,0.,0.));
#905 = PCURVE('',#32,#906);
#906 = DEFINITIONAL_REPRESENTATION('',(#907),#910);
#907 = B_SPLINE_CURVE_WITH_KNOTS('',1,(#908,#909),.UNSPECIFIED.,.F.,.F.,
  (2,2),(-44.,-26.),.PIECEWISE_BEZIER_KNOTS.);
#908 = CARTESIAN_POINT('',(70.,29.));
#909 = CARTESIAN_POINT('',(52.,29.));
#910 = ( GEOMETRIC_REPRESENTATION_CONTEXT(2) 
PARAMETRIC_REPRESENTATION_CONTEXT() REPRESENTATION_CONTEXT('2D SPACE',''
  ) );
#911 = PCURVE('',#912,#917);
#912 = PLANE('',#913);
#913 = AXIS2_PLACEMENT_3D('',#914,#915,#916);
#914 = CARTESIAN_POINT('',(18.,-5.,-1.));
#915 = DIRECTION('',(0.,1.,0.));
#916 = DIRECTION('',(0.,0.,1.));
#917 = DEFINITIONAL_REPRESENTATION('',(#918),#921);
#918 = B_SPLINE_CURVE_WITH_KNOTS('',1,(#919,#920),.UNSPECIFIED.,.F.,.F.,
  (2,2),(-44.,-26.),.PIECEWISE_BEZIER_KNOTS.);
#919 = CARTESIAN_POINT('',(9.,18.));
#920 = CARTESIAN_POINT('',(9.,0.));
#921 = ( GEOMETRIC_REPRESENTATION_CONTEXT(2) 
PARAMETRIC_REPRESENTATION_CONTEXT() REPRESENTATION_CONTEXT('2D SPACE',''
  ) );
#922 = ORIENTED_EDGE('',*,*,#923,.T.);
#923 = EDGE_CURVE('',#898,#924,#926,.T.);
#924 = VERTEX_POINT('',#925);
#925 = CARTESIAN_POINT('',(18.,5.,8.));
#926 = SURFACE_CURVE('',#927,(#931,#937),.PCURVE_S1.);
#927 = LINE('',#928,#929);
#928 = CARTESIAN_POINT('',(18.,-19.5,8.));
#929 = VECTOR('',#930,1.);
#930 = DIRECTION('',(0.,1.,0.));
#931 = PCURVE('',#32,#932);
#932 = DEFINITIONAL_REPRESENTATION('',(#933),#936);
#933 = B_SPLINE_CURVE_WITH_KNOTS('',1,(#934,#935),.UNSPECIFIED.,.F.,.F.,
  (2,2),(14.5,24.5),.PIECEWISE_BEZIER_KNOTS.);
#934 = CARTESIAN_POINT('',(52.,29.));
#935 = CARTESIAN_POINT('',(52.,39.));
#936 = ( GEOMETRIC_REPRESENTATION_CONTEXT(2) 
PARAMETRIC_REPRESENTATION_CONTEXT() REPRESENTATION_CONTEXT('2D SPACE',''
  ) );
#937 = PCURVE('',#938,#943);
#938 = PLANE('',#939);
#939 = AXIS2_PLACEMENT_3D('',#940,#941,#942);
#940 = CARTESIAN_POINT('',(18.,-5.,-1.));
#941 = DIRECTION('',(1.,0.,0.));
#942 = DIRECTION('',(0.,0.,1.));
#943 = DEFINITIONAL_REPRESENTATION('',(#944),#947);
#944 = B_SPLINE_CURVE_WITH_KNOTS('',1,(#945,#946),.UNSPECIFIED.,.F.,.F.,
  (2,2),(14.5,24.5),.PIECEWISE_BEZIER_KNOTS.);
#945 = CARTESIAN_POINT('',(9.,0.));
#946 = CARTESIAN_POINT('',(9.,-10.));
#947 = ( GEOMETRIC_REPRESENTATION_CONTEXT(2) 
PARAMETRIC_REPRESENTATION_CONTEXT() REPRESENTATION_CONTEXT('2D SPACE',''
  ) );
#948 = ORIENTED_EDGE('',*,*,#949,.F.);
#949 = EDGE_CURVE('',#950,#924,#952,.T.);
#950 = VERTEX_POINT('',#951);
#951 = CARTESIAN_POINT('',(36.,5.,8.));
#952 = SURFACE_CURVE('',#953,(#957,#963),.PCURVE_S1.);
#953 = LINE('',#954,#955);
#954 = CARTESIAN_POINT('',(-8.,5.,8.));
#955 = VECTOR('',#956,1.);
#956 = DIRECTION('',(-1.,0.,0.));
#957 = PCURVE('',#32,#958);
#958 = DEFINITIONAL_REPRESENTATION('',(#959),#962);
#959 = B_SPLINE_CURVE_WITH_KNOTS('',1,(#960,#961),.UNSPECIFIED.,.F.,.F.,
  (2,2),(-44.,-26.),.PIECEWISE_BEZIER_KNOTS.);
#960 = CARTESIAN_POINT('',(70.,39.));
#961 = CARTESIAN_POINT('',(52.,39.));
#962 = ( GEOMETRIC_REPRESENTATION_CONTEXT(2) 
PARAMETRIC_REPRESENTATION_CONTEXT() REPRESENTATION_CONTEXT('2D SPACE',''
  ) );
#963 = PCURVE('',#964,#969);
#964 = PLANE('',#965);
#965 = AXIS2_PLACEMENT_3D('',#966,#967,#968);
#966 = CARTESIAN_POINT('',(18.,5.,-1.));
#967 = DIRECTION('',(0.,1.,0.));
#968 = DIRECTION('',(0.,0.,1.));
#969 = DEFINITIONAL_REPRESENTATION('',(#970),#973);
#970 = B_SPLINE_CURVE_WITH_KNOTS('',1,(#971,#972),.UNSPECIFIED.,.F.,.F.,
  (2,2),(-44.,-26.),.PIECEWISE_BEZIER_KNOTS.);
#971 = CARTESIAN_POINT('',(9.,18.));
#972 = CARTESIAN_POINT('',(9.,0.));
#973 = ( GEOMETRIC_REPRESENTATION_CONTEXT(2) 
PARAMETRIC_REPRESENTATION_CONTEXT() REPRESENTATION_CONTEXT('2D SPACE',''
  ) );
#974 = ORIENTED_EDGE('',*,*,#975,.F.);
#975 = EDGE_CURVE('',#896,#950,#976,.T.);
#976 = SURFACE_CURVE('',#977,(#981,#987),.PCURVE_S1.);
#977 = LINE('',#978,#979);
#978 = CARTESIAN_POINT('',(36.,-19.5,8.));
#979 = VECTOR('',#980,1.);
#980 = DIRECTION('',(0.,1.,0.));
#981 = PCURVE('',#32,#982);
#982 = DEFINITIONAL_REPRESENTATION('',(#983),#986);
#983 = B_SPLINE_CURVE_WITH_KNOTS('',1,(#984,#985),.UNSPECIFIED.,.F.,.F.,
  (2,2),(14.5,24.5),.PIECEWISE_BEZIER_KNOTS.);
#984 = CARTESIAN_POINT('',(70.,29.));
#985 = CARTESIAN_POINT('',(70.,39.));
#986 = ( GEOMETRIC_REPRESENTATION_CONTEXT(2) 
PARAMETRIC_REPRESENTATION_CONTEXT() REPRESENTATION_CONTEXT('2D SPACE',''
  ) );
#987 = PCURVE('',#988,#993);
#988 = PLANE('',#989);
#989 = AXIS2_PLACEMENT_3D('',#990,#991,#992);
#990 = CARTESIAN_POINT('',(36.,-5.,-1.));
#991 = DIRECTION('',(1.,0.,0.));
#992 = DIRECTION('',(0.,0.,1.));
#993 = DEFINITIONAL_REPRESENTATION('',(#994),#997);
#994 = B_SPLINE_CURVE_WITH_KNOTS('',1,(#995,#996),.UNSPECIFIED.,.F.,.F.,
  (2,2),(14.5,24.5),.PIECEWISE_BEZIER_KNOTS.);
#995 = CARTESIAN_POINT('',(9.,0.));
#996 = CARTESIAN_POINT('',(9.,-10.));
#997 = ( GEOMETRIC_REPRESENTATION_CONTEXT(2) 
PARAMETRIC_REPRESENTATION_CONTEXT() REPRESENTATION_CONTEXT('2D SPACE',''
  ) );
#998 = FACE_BOUND('',#999,.T.);
#999 = EDGE_LOOP('',(#1000));
#1000 = ORIENTED_EDGE('',*,*,#1001,.F.);
#1001 = EDGE_CURVE('',#1002,#1002,#1004,.T.);
#1002 = VERTEX_POINT('',#1003);
#1003 = CARTESIAN_POINT('',(-9.75,26.,8.));
#1004 = SURFACE_CURVE('',#1005,(#1010,#1017),.PCURVE_S1.);
#1005 = CIRCLE('',#1006,2.25);
#1006 = AXIS2_PLACEMENT_3D('',#1007,#1008,#1009);
#1007 = CARTESIAN_POINT('',(-12.,26.,8.));
#1008 = DIRECTION('',(0.,0.,1.));
#1009 = DIRECTION('',(1.,0.,-0.));
#1010 = PCURVE('',#32,#1011);
#1011 = DEFINITIONAL_REPRESENTATION('',(#1012),#1016);
#1012 = CIRCLE('',#1013,2.25);
#1013 = AXIS2_PLACEMENT_2D('',#1014,#1015);
#1014 = CARTESIAN_POINT('',(22.,60.));
#1015 = DIRECTION('',(1.,0.));
#1016 = ( GEOMETRIC_REPRESENTATION_CONTEXT(2) 
PARAMETRIC_REPRESENTATION_CONTEXT() REPRESENTATION_CONTEXT('2D SPACE',''
  ) );
#1017 = PCURVE('',#1018,#1023);
#1018 = CYLINDRICAL_SURFACE('',#1019,2.25);
#1019 = AXIS2_PLACEMENT_3D('',#1020,#1021,#1022);
#1020 = CARTESIAN_POINT('',(-12.,26.,-1.));
#1021 = DIRECTION('',(0.,0.,1.));
#1022 = DIRECTION('',(1.,0.,-0.));
#1023 = DEFINITIONAL_REPRESENTATION('',(#1024),#1028);
#1024 = LINE('',#1025,#1026);
#1025 = CARTESIAN_POINT('',(0.,9.));
#1026 = VECTOR('',#1027,1.);
#1027 = DIRECTION('',(1.,0.));
#1028 = ( GEOMETRIC_REPRESENTATION_CONTEXT(2) 
PARAMETRIC_REPRESENTATION_CONTEXT() REPRESENTATION_CONTEXT('2D SPACE',''
  ) );
#1029 = FACE_BOUND('',#1030,.T.);
#1030 = EDGE_LOOP('',(#1031,#1059,#1085,#1111));
#1031 = ORIENTED_EDGE('',*,*,#1032,.T.);
#1032 = EDGE_CURVE('',#1033,#1035,#1037,.T.);
#1033 = VERTEX_POINT('',#1034);
#1034 = CARTESIAN_POINT('',(5.,36.,8.));
#1035 = VERTEX_POINT('',#1036);
#1036 = CARTESIAN_POINT('',(5.,18.,8.));
#1037 = SURFACE_CURVE('',#1038,(#1042,#1048),.PCURVE_S1.);
#1038 = LINE('',#1039,#1040);
#1039 = CARTESIAN_POINT('',(5.,-8.,8.));
#1040 = VECTOR('',#1041,1.);
#1041 = DIRECTION('',(-1.110223024625E-16,-1.,0.));
#1042 = PCURVE('',#32,#1043);
#1043 = DEFINITIONAL_REPRESENTATION('',(#1044),#1047);
#1044 = B_SPLINE_CURVE_WITH_KNOTS('',1,(#1045,#1046),.UNSPECIFIED.,.F.,
  .F.,(2,2),(-44.,-26.),.PIECEWISE_BEZIER_KNOTS.);
#1045 = CARTESIAN_POINT('',(39.,70.));
#1046 = CARTESIAN_POINT('',(39.,52.));
#1047 = ( GEOMETRIC_REPRESENTATION_CONTEXT(2) 
PARAMETRIC_REPRESENTATION_CONTEXT() REPRESENTATION_CONTEXT('2D SPACE',''
  ) );
#1048 = PCURVE('',#1049,#1054);
#1049 = PLANE('',#1050);
#1050 = AXIS2_PLACEMENT_3D('',#1051,#1052,#1053);
#1051 = CARTESIAN_POINT('',(5.,18.,-1.));
#1052 = DIRECTION('',(-1.,1.110223024625E-16,0.));
#1053 = DIRECTION('',(0.,0.,1.));
#1054 = DEFINITIONAL_REPRESENTATION('',(#1055),#1058);
#1055 = B_SPLINE_CURVE_WITH_KNOTS('',1,(#1056,#1057),.UNSPECIFIED.,.F.,
  .F.,(2,2),(-44.,-26.),.PIECEWISE_BEZIER_KNOTS.);
#1056 = CARTESIAN_POINT('',(9.,18.));
#1057 = CARTESIAN_POINT('',(9.,0.));
#1058 = ( GEOMETRIC_REPRESENTATION_CONTEXT(2) 
PARAMETRIC_REPRESENTATION_CONTEXT() REPRESENTATION_CONTEXT('2D SPACE',''
  ) );
#1059 = ORIENTED_EDGE('',*,*,#1060,.T.);
#1060 = EDGE_CURVE('',#1035,#1061,#1063,.T.);
#1061 = VERTEX_POINT('',#1062);
#1062 = CARTESIAN_POINT('',(-5.,18.,8.));
#1063 = SURFACE_CURVE('',#1064,(#1068,#1074),.PCURVE_S1.);
#1064 = LINE('',#1065,#1066);
#1065 = CARTESIAN_POINT('',(-14.5,18.,8.));
#1066 = VECTOR('',#1067,1.);
#1067 = DIRECTION('',(-1.,1.110223024625E-16,0.));
#1068 = PCURVE('',#32,#1069);
#1069 = DEFINITIONAL_REPRESENTATION('',(#1070),#1073);
#1070 = B_SPLINE_CURVE_WITH_KNOTS('',1,(#1071,#1072),.UNSPECIFIED.,.F.,
  .F.,(2,2),(-19.5,-9.5),.PIECEWISE_BEZIER_KNOTS.);
#1071 = CARTESIAN_POINT('',(39.,52.));
#1072 = CARTESIAN_POINT('',(29.,52.));
#1073 = ( GEOMETRIC_REPRESENTATION_CONTEXT(2) 
PARAMETRIC_REPRESENTATION_CONTEXT() REPRESENTATION_CONTEXT('2D SPACE',''
  ) );
#1074 = PCURVE('',#1075,#1080);
#1075 = PLANE('',#1076);
#1076 = AXIS2_PLACEMENT_3D('',#1077,#1078,#1079);
#1077 = CARTESIAN_POINT('',(5.,18.,-1.));
#1078 = DIRECTION('',(1.110223024625E-16,1.,0.));
#1079 = DIRECTION('',(0.,0.,1.));
#1080 = DEFINITIONAL_REPRESENTATION('',(#1081),#1084);
#1081 = B_SPLINE_CURVE_WITH_KNOTS('',1,(#1082,#1083),.UNSPECIFIED.,.F.,
  .F.,(2,2),(-19.5,-9.5),.PIECEWISE_BEZIER_KNOTS.);
#1082 = CARTESIAN_POINT('',(9.,0.));
#1083 = CARTESIAN_POINT('',(9.,-10.));
#1084 = ( GEOMETRIC_REPRESENTATION_CONTEXT(2) 
PARAMETRIC_REPRESENTATION_CONTEXT() REPRESENTATION_CONTEXT('2D SPACE',''
  ) );
#1085 = ORIENTED_EDGE('',*,*,#1086,.F.);
#1086 = EDGE_CURVE('',#1087,#1061,#1089,.T.);
#1087 = VERTEX_POINT('',#1088);
#1088 = CARTESIAN_POINT('',(-5.,36.,8.));
#1089 = SURFACE_CURVE('',#1090,(#1094,#1100),.PCURVE_S1.);
#1090 = LINE('',#1091,#1092);
#1091 = CARTESIAN_POINT('',(-5.,-8.,8.));
#1092 = VECTOR('',#1093,1.);
#1093 = DIRECTION('',(-1.110223024625E-16,-1.,0.));
#1094 = PCURVE('',#32,#1095);
#1095 = DEFINITIONAL_REPRESENTATION('',(#1096),#1099);
#1096 = B_SPLINE_CURVE_WITH_KNOTS('',1,(#1097,#1098),.UNSPECIFIED.,.F.,
  .F.,(2,2),(-44.,-26.),.PIECEWISE_BEZIER_KNOTS.);
#1097 = CARTESIAN_POINT('',(29.,70.));
#1098 = CARTESIAN_POINT('',(29.,52.));
#1099 = ( GEOMETRIC_REPRESENTATION_CONTEXT(2) 
PARAMETRIC_REPRESENTATION_CONTEXT() REPRESENTATION_CONTEXT('2D SPACE',''
  ) );
#1100 = PCURVE('',#1101,#1106);
#1101 = PLANE('',#1102);
#1102 = AXIS2_PLACEMENT_3D('',#1103,#1104,#1105);
#1103 = CARTESIAN_POINT('',(-5.,18.,-1.));
#1104 = DIRECTION('',(-1.,1.110223024625E-16,0.));
#1105 = DIRECTION('',(0.,0.,1.));
#1106 = DEFINITIONAL_REPRESENTATION('',(#1107),#1110);
#1107 = B_SPLINE_CURVE_WITH_KNOTS('',1,(#1108,#1109),.UNSPECIFIED.,.F.,
  .F.,(2,2),(-44.,-26.),.PIECEWISE_BEZIER_KNOTS.);
#1108 = CARTESIAN_POINT('',(9.,18.));
#1109 = CARTESIAN_POINT('',(9.,0.));
#1110 = ( GEOMETRIC_REPRESENTATION_CONTEXT(2) 
PARAMETRIC_REPRESENTATION_CONTEXT() REPRESENTATION_CONTEXT('2D SPACE',''
  ) );
#1111 = ORIENTED_EDGE('',*,*,#1112,.F.);
#1112 = EDGE_CURVE('',#1033,#1087,#1113,.T.);
#1113 = SURFACE_CURVE('',#1114,(#1118,#1124),.PCURVE_S1.);
#1114 = LINE('',#1115,#1116);
#1115 = CARTESIAN_POINT('',(-14.5,36.,8.));
#1116 = VECTOR('',#1117,1.);
#1117 = DIRECTION('',(-1.,1.110223024625E-16,0.));
#1118 = PCURVE('',#32,#1119);
#1119 = DEFINITIONAL_REPRESENTATION('',(#1120),#1123);
#1120 = B_SPLINE_CURVE_WITH_KNOTS('',1,(#1121,#1122),.UNSPECIFIED.,.F.,
  .F.,(2,2),(-19.5,-9.5),.PIECEWISE_BEZIER_KNOTS.);
#1121 = CARTESIAN_POINT('',(39.,70.));
#1122 = CARTESIAN_POINT('',(29.,70.));
#1123 = ( GEOMETRIC_REPRESENTATION_CONTEXT(2) 
PARAMETRIC_REPRESENTATION_CONTEXT() REPRESENTATION_CONTEXT('2D SPACE',''
  ) );
#1124 = PCURVE('',#1125,#1130);
#1125 = PLANE('',#1126);
#1126 = AXIS2_PLACEMENT_3D('',#1127,#1128,#1129);
#1127 = CARTESIAN_POINT('',(5.,36.,-1.));
#1128 = DIRECTION('',(1.110223024625E-16,1.,0.));
#1129 = DIRECTION('',(0.,0.,1.));
#1130 = DEFINITIONAL_REPRESENTATION('',(#1131),#1134);
#1131 = B_SPLINE_CURVE_WITH_KNOTS('',1,(#1132,#1133),.UNSPECIFIED.,.F.,
  .F.,(2,2),(-19.5,-9.5),.PIECEWISE_BEZIER_KNOTS.);
#1132 = CARTESIAN_POINT('',(9.,0.));
#1133 = CARTESIAN_POINT('',(9.,-10.));
#1134 = ( GEOMETRIC_REPRESENTATION_CONTEXT(2) 
PARAMETRIC_REPRESENTATION_CONTEXT() REPRESENTATION_CONTEXT('2D SPACE',''
  ) );
#1135 = FACE_BOUND('',#1136,.T.);
#1136 = EDGE_LOOP('',(#1137,#1165,#1191,#1217));
#1137 = ORIENTED_EDGE('',*,*,#1138,.T.);
#1138 = EDGE_CURVE('',#1139,#1141,#1143,.T.);
#1139 = VERTEX_POINT('',#1140);
#1140 = CARTESIAN_POINT('',(20.4,19.,8.));
#1141 = VERTEX_POINT('',#1142);
#1142 = CARTESIAN_POINT('',(19.,19.,8.));
#1143 = SURFACE_CURVE('',#1144,(#1148,#1154),.PCURVE_S1.);
#1144 = LINE('',#1145,#1146);
#1145 = CARTESIAN_POINT('',(-7.5,19.,8.));
#1146 = VECTOR('',#1147,1.);
#1147 = DIRECTION('',(-1.,0.,0.));
#1148 = PCURVE('',#32,#1149);
#1149 = DEFINITIONAL_REPRESENTATION('',(#1150),#1153);
#1150 = B_SPLINE_CURVE_WITH_KNOTS('',1,(#1151,#1152),.UNSPECIFIED.,.F.,
  .F.,(2,2),(-27.9,-26.5),.PIECEWISE_BEZIER_KNOTS.);
#1151 = CARTESIAN_POINT('',(54.4,53.));
#1152 = CARTESIAN_POINT('',(53.,53.));
#1153 = ( GEOMETRIC_REPRESENTATION_CONTEXT(2) 
PARAMETRIC_REPRESENTATION_CONTEXT() REPRESENTATION_CONTEXT('2D SPACE',''
  ) );
#1154 = PCURVE('',#1155,#1160);
#1155 = PLANE('',#1156);
#1156 = AXIS2_PLACEMENT_3D('',#1157,#1158,#1159);
#1157 = CARTESIAN_POINT('',(19.,19.,7.3));
#1158 = DIRECTION('',(0.,1.,0.));
#1159 = DIRECTION('',(0.,0.,1.));
#1160 = DEFINITIONAL_REPRESENTATION('',(#1161),#1164);
#1161 = B_SPLINE_CURVE_WITH_KNOTS('',1,(#1162,#1163),.UNSPECIFIED.,.F.,
  .F.,(2,2),(-27.9,-26.5),.PIECEWISE_BEZIER_KNOTS.);
#1162 = CARTESIAN_POINT('',(0.7,1.4));
#1163 = CARTESIAN_POINT('',(0.7,0.));
#1164 = ( GEOMETRIC_REPRESENTATION_CONTEXT(2) 
PARAMETRIC_REPRESENTATION_CONTEXT() REPRESENTATION_CONTEXT('2D SPACE',''
  ) );
#1165 = ORIENTED_EDGE('',*,*,#1166,.T.);
#1166 = EDGE_CURVE('',#1141,#1167,#1169,.T.);
#1167 = VERTEX_POINT('',#1168);
#1168 = CARTESIAN_POINT('',(19.,25.,8.));
#1169 = SURFACE_CURVE('',#1170,(#1174,#1180),.PCURVE_S1.);
#1170 = LINE('',#1171,#1172);
#1171 = CARTESIAN_POINT('',(19.,-7.5,8.));
#1172 = VECTOR('',#1173,1.);
#1173 = DIRECTION('',(0.,1.,0.));
#1174 = PCURVE('',#32,#1175);
#1175 = DEFINITIONAL_REPRESENTATION('',(#1176),#1179);
#1176 = B_SPLINE_CURVE_WITH_KNOTS('',1,(#1177,#1178),.UNSPECIFIED.,.F.,
  .F.,(2,2),(26.5,32.5),.PIECEWISE_BEZIER_KNOTS.);
#1177 = CARTESIAN_POINT('',(53.,53.));
#1178 = CARTESIAN_POINT('',(53.,59.));
#1179 = ( GEOMETRIC_REPRESENTATION_CONTEXT(2) 
PARAMETRIC_REPRESENTATION_CONTEXT() REPRESENTATION_CONTEXT('2D SPACE',''
  ) );
#1180 = PCURVE('',#1181,#1186);
#1181 = PLANE('',#1182);
#1182 = AXIS2_PLACEMENT_3D('',#1183,#1184,#1185);
#1183 = CARTESIAN_POINT('',(19.,19.,7.3));
#1184 = DIRECTION('',(1.,0.,0.));
#1185 = DIRECTION('',(0.,0.,1.));
#1186 = DEFINITIONAL_REPRESENTATION('',(#1187),#1190);
#1187 = B_SPLINE_CURVE_WITH_KNOTS('',1,(#1188,#1189),.UNSPECIFIED.,.F.,
  .F.,(2,2),(26.5,32.5),.PIECEWISE_BEZIER_KNOTS.);
#1188 = CARTESIAN_POINT('',(0.7,0.));
#1189 = CARTESIAN_POINT('',(0.7,-6.));
#1190 = ( GEOMETRIC_REPRESENTATION_CONTEXT(2) 
PARAMETRIC_REPRESENTATION_CONTEXT() REPRESENTATION_CONTEXT('2D SPACE',''
  ) );
#1191 = ORIENTED_EDGE('',*,*,#1192,.F.);
#1192 = EDGE_CURVE('',#1193,#1167,#1195,.T.);
#1193 = VERTEX_POINT('',#1194);
#1194 = CARTESIAN_POINT('',(20.4,25.,8.));
#1195 = SURFACE_CURVE('',#1196,(#1200,#1206),.PCURVE_S1.);
#1196 = LINE('',#1197,#1198);
#1197 = CARTESIAN_POINT('',(-7.5,25.,8.));
#1198 = VECTOR('',#1199,1.);
#1199 = DIRECTION('',(-1.,0.,0.));
#1200 = PCURVE('',#32,#1201);
#1201 = DEFINITIONAL_REPRESENTATION('',(#1202),#1205);
#1202 = B_SPLINE_CURVE_WITH_KNOTS('',1,(#1203,#1204),.UNSPECIFIED.,.F.,
  .F.,(2,2),(-27.9,-26.5),.PIECEWISE_BEZIER_KNOTS.);
#1203 = CARTESIAN_POINT('',(54.4,59.));
#1204 = CARTESIAN_POINT('',(53.,59.));
#1205 = ( GEOMETRIC_REPRESENTATION_CONTEXT(2) 
PARAMETRIC_REPRESENTATION_CONTEXT() REPRESENTATION_CONTEXT('2D SPACE',''
  ) );
#1206 = PCURVE('',#1207,#1212);
#1207 = PLANE('',#1208);
#1208 = AXIS2_PLACEMENT_3D('',#1209,#1210,#1211);
#1209 = CARTESIAN_POINT('',(19.,25.,7.3));
#1210 = DIRECTION('',(0.,1.,0.));
#1211 = DIRECTION('',(0.,0.,1.));
#1212 = DEFINITIONAL_REPRESENTATION('',(#1213),#1216);
#1213 = B_SPLINE_CURVE_WITH_KNOTS('',1,(#1214,#1215),.UNSPECIFIED.,.F.,
  .F.,(2,2),(-27.9,-26.5),.PIECEWISE_BEZIER_KNOTS.);
#1214 = CARTESIAN_POINT('',(0.7,1.4));
#1215 = CARTESIAN_POINT('',(0.7,0.));
#1216 = ( GEOMETRIC_REPRESENTATION_CONTEXT(2) 
PARAMETRIC_REPRESENTATION_CONTEXT() REPRESENTATION_CONTEXT('2D SPACE',''
  ) );
#1217 = ORIENTED_EDGE('',*,*,#1218,.F.);
#1218 = EDGE_CURVE('',#1139,#1193,#1219,.T.);
#1219 = SURFACE_CURVE('',#1220,(#1224,#1230),.PCURVE_S1.);
#1220 = LINE('',#1221,#1222);
#1221 = CARTESIAN_POINT('',(20.4,-7.5,8.));
#1222 = VECTOR('',#1223,1.);
#1223 = DIRECTION('',(0.,1.,0.));
#1224 = PCURVE('',#32,#1225);
#1225 = DEFINITIONAL_REPRESENTATION('',(#1226),#1229);
#1226 = B_SPLINE_CURVE_WITH_KNOTS('',1,(#1227,#1228),.UNSPECIFIED.,.F.,
  .F.,(2,2),(26.5,32.5),.PIECEWISE_BEZIER_KNOTS.);
#1227 = CARTESIAN_POINT('',(54.4,53.));
#1228 = CARTESIAN_POINT('',(54.4,59.));
#1229 = ( GEOMETRIC_REPRESENTATION_CONTEXT(2) 
PARAMETRIC_REPRESENTATION_CONTEXT() REPRESENTATION_CONTEXT('2D SPACE',''
  ) );
#1230 = PCURVE('',#1231,#1236);
#1231 = PLANE('',#1232);
#1232 = AXIS2_PLACEMENT_3D('',#1233,#1234,#1235);
#1233 = CARTESIAN_POINT('',(20.4,19.,7.3));
#1234 = DIRECTION('',(1.,0.,0.));
#1235 = DIRECTION('',(0.,0.,1.));
#1236 = DEFINITIONAL_REPRESENTATION('',(#1237),#1240);
#1237 = B_SPLINE_CURVE_WITH_KNOTS('',1,(#1238,#1239),.UNSPECIFIED.,.F.,
  .F.,(2,2),(26.5,32.5),.PIECEWISE_BEZIER_KNOTS.);
#1238 = CARTESIAN_POINT('',(0.7,0.));
#1239 = CARTESIAN_POINT('',(0.7,-6.));
#1240 = ( GEOMETRIC_REPRESENTATION_CONTEXT(2) 
PARAMETRIC_REPRESENTATION_CONTEXT() REPRESENTATION_CONTEXT('2D SPACE',''
  ) );
#1241 = FACE_BOUND('',#1242,.T.);
#1242 = EDGE_LOOP('',(#1243,#1271,#1297,#1323));
#1243 = ORIENTED_EDGE('',*,*,#1244,.T.);
#1244 = EDGE_CURVE('',#1245,#1247,#1249,.T.);
#1245 = VERTEX_POINT('',#1246);
#1246 = CARTESIAN_POINT('',(23.4,19.,8.));
#1247 = VERTEX_POINT('',#1248);
#1248 = CARTESIAN_POINT('',(22.,19.,8.));
#1249 = SURFACE_CURVE('',#1250,(#1254,#1260),.PCURVE_S1.);
#1250 = LINE('',#1251,#1252);
#1251 = CARTESIAN_POINT('',(-6.,19.,8.));
#1252 = VECTOR('',#1253,1.);
#1253 = DIRECTION('',(-1.,0.,0.));
#1254 = PCURVE('',#32,#1255);
#1255 = DEFINITIONAL_REPRESENTATION('',(#1256),#1259);
#1256 = B_SPLINE_CURVE_WITH_KNOTS('',1,(#1257,#1258),.UNSPECIFIED.,.F.,
  .F.,(2,2),(-29.4,-28.),.PIECEWISE_BEZIER_KNOTS.);
#1257 = CARTESIAN_POINT('',(57.4,53.));
#1258 = CARTESIAN_POINT('',(56.,53.));
#1259 = ( GEOMETRIC_REPRESENTATION_CONTEXT(2) 
PARAMETRIC_REPRESENTATION_CONTEXT() REPRESENTATION_CONTEXT('2D SPACE',''
  ) );
#1260 = PCURVE('',#1261,#1266);
#1261 = PLANE('',#1262);
#1262 = AXIS2_PLACEMENT_3D('',#1263,#1264,#1265);
#1263 = CARTESIAN_POINT('',(22.,19.,7.3));
#1264 = DIRECTION('',(0.,1.,0.));
#1265 = DIRECTION('',(0.,0.,1.));
#1266 = DEFINITIONAL_REPRESENTATION('',(#1267),#1270);
#1267 = B_SPLINE_CURVE_WITH_KNOTS('',1,(#1268,#1269),.UNSPECIFIED.,.F.,
  .F.,(2,2),(-29.4,-28.),.PIECEWISE_BEZIER_KNOTS.);
#1268 = CARTESIAN_POINT('',(0.7,1.4));
#1269 = CARTESIAN_POINT('',(0.7,0.));
#1270 = ( GEOMETRIC_REPRESENTATION_CONTEXT(2) 
PARAMETRIC_REPRESENTATION_CONTEXT() REPRESENTATION_CONTEXT('2D SPACE',''
  ) );
#1271 = ORIENTED_EDGE('',*,*,#1272,.T.);
#1272 = EDGE_CURVE('',#1247,#1273,#1275,.T.);
#1273 = VERTEX_POINT('',#1274);
#1274 = CARTESIAN_POINT('',(22.,25.,8.));
#1275 = SURFACE_CURVE('',#1276,(#1280,#1286),.PCURVE_S1.);
#1276 = LINE('',#1277,#1278);
#1277 = CARTESIAN_POINT('',(22.,-7.5,8.));
#1278 = VECTOR('',#1279,1.);
#1279 = DIRECTION('',(0.,1.,0.));
#1280 = PCURVE('',#32,#1281);
#1281 = DEFINITIONAL_REPRESENTATION('',(#1282),#1285);
#1282 = B_SPLINE_CURVE_WITH_KNOTS('',1,(#1283,#1284),.UNSPECIFIED.,.F.,
  .F.,(2,2),(26.5,32.5),.PIECEWISE_BEZIER_KNOTS.);
#1283 = CARTESIAN_POINT('',(56.,53.));
#1284 = CARTESIAN_POINT('',(56.,59.));
#1285 = ( GEOMETRIC_REPRESENTATION_CONTEXT(2) 
PARAMETRIC_REPRESENTATION_CONTEXT() REPRESENTATION_CONTEXT('2D SPACE',''
  ) );
#1286 = PCURVE('',#1287,#1292);
#1287 = PLANE('',#1288);
#1288 = AXIS2_PLACEMENT_3D('',#1289,#1290,#1291);
#1289 = CARTESIAN_POINT('',(22.,19.,7.3));
#1290 = DIRECTION('',(1.,0.,0.));
#1291 = DIRECTION('',(0.,0.,1.));
#1292 = DEFINITIONAL_REPRESENTATION('',(#1293),#1296);
#1293 = B_SPLINE_CURVE_WITH_KNOTS('',1,(#1294,#1295),.UNSPECIFIED.,.F.,
  .F.,(2,2),(26.5,32.5),.PIECEWISE_BEZIER_KNOTS.);
#1294 = CARTESIAN_POINT('',(0.7,0.));
#1295 = CARTESIAN_POINT('',(0.7,-6.));
#1296 = ( GEOMETRIC_REPRESENTATION_CONTEXT(2) 
PARAMETRIC_REPRESENTATION_CONTEXT() REPRESENTATION_CONTEXT('2D SPACE',''
  ) );
#1297 = ORIENTED_EDGE('',*,*,#1298,.F.);
#1298 = EDGE_CURVE('',#1299,#1273,#1301,.T.);
#1299 = VERTEX_POINT('',#1300);
#1300 = CARTESIAN_POINT('',(23.4,25.,8.));
#1301 = SURFACE_CURVE('',#1302,(#1306,#1312),.PCURVE_S1.);
#1302 = LINE('',#1303,#1304);
#1303 = CARTESIAN_POINT('',(-6.,25.,8.));
#1304 = VECTOR('',#1305,1.);
#1305 = DIRECTION('',(-1.,0.,0.));
#1306 = PCURVE('',#32,#1307);
#1307 = DEFINITIONAL_REPRESENTATION('',(#1308),#1311);
#1308 = B_SPLINE_CURVE_WITH_KNOTS('',1,(#1309,#1310),.UNSPECIFIED.,.F.,
  .F.,(2,2),(-29.4,-28.),.PIECEWISE_BEZIER_KNOTS.);
#1309 = CARTESIAN_POINT('',(57.4,59.));
#1310 = CARTESIAN_POINT('',(56.,59.));
#1311 = ( GEOMETRIC_REPRESENTATION_CONTEXT(2) 
PARAMETRIC_REPRESENTATION_CONTEXT() REPRESENTATION_CONTEXT('2D SPACE',''
  ) );
#1312 = PCURVE('',#1313,#1318);
#1313 = PLANE('',#1314);
#1314 = AXIS2_PLACEMENT_3D('',#1315,#1316,#1317);
#1315 = CARTESIAN_POINT('',(22.,25.,7.3));
#1316 = DIRECTION('',(0.,1.,0.));
#1317 = DIRECTION('',(0.,0.,1.));
#1318 = DEFINITIONAL_REPRESENTATION('',(#1319),#1322);
#1319 = B_SPLINE_CURVE_WITH_KNOTS('',1,(#1320,#1321),.UNSPECIFIED.,.F.,
  .F.,(2,2),(-29.4,-28.),.PIECEWISE_BEZIER_KNOTS.);
#1320 = CARTESIAN_POINT('',(0.7,1.4));
#1321 = CARTESIAN_POINT('',(0.7,0.));
#1322 = ( GEOMETRIC_REPRESENTATION_CONTEXT(2) 
PARAMETRIC_REPRESENTATION_CONTEXT() REPRESENTATION_CONTEXT('2D SPACE',''
  ) );
#1323 = ORIENTED_EDGE('',*,*,#1324,.F.);
#1324 = EDGE_CURVE('',#1245,#1299,#1325,.T.);
#1325 = SURFACE_CURVE('',#1326,(#1330,#1336),.PCURVE_S1.);
#1326 = LINE('',#1327,#1328);
#1327 = CARTESIAN_POINT('',(23.4,-7.5,8.));
#1328 = VECTOR('',#1329,1.);
#1329 = DIRECTION('',(0.,1.,0.));
#1330 = PCURVE('',#32,#1331);
#1331 = DEFINITIONAL_REPRESENTATION('',(#1332),#1335);
#1332 = B_SPLINE_CURVE_WITH_KNOTS('',1,(#1333,#1334),.UNSPECIFIED.,.F.,
  .F.,(2,2),(26.5,32.5),.PIECEWISE_BEZIER_KNOTS.);
#1333 = CARTESIAN_POINT('',(57.4,53.));
#1334 = CARTESIAN_POINT('',(57.4,59.));
#1335 = ( GEOMETRIC_REPRESENTATION_CONTEXT(2) 
PARAMETRIC_REPRESENTATION_CONTEXT() REPRESENTATION_CONTEXT('2D SPACE',''
  ) );
#1336 = PCURVE('',#1337,#1342);
#1337 = PLANE('',#1338);
#1338 = AXIS2_PLACEMENT_3D('',#1339,#1340,#1341);
#1339 = CARTESIAN_POINT('',(23.4,19.,7.3));
#1340 = DIRECTION('',(1.,0.,0.));
#1341 = DIRECTION('',(0.,0.,1.));
#1342 = DEFINITIONAL_REPRESENTATION('',(#1343),#1346);
#1343 = B_SPLINE_CURVE_WITH_KNOTS('',1,(#1344,#1345),.UNSPECIFIED.,.F.,
  .F.,(2,2),(26.5,32.5),.PIECEWISE_BEZIER_KNOTS.);
#1344 = CARTESIAN_POINT('',(0.7,0.));
#1345 = CARTESIAN_POINT('',(0.7,-6.));
#1346 = ( GEOMETRIC_REPRESENTATION_CONTEXT(2) 
PARAMETRIC_REPRESENTATION_CONTEXT() REPRESENTATION_CONTEXT('2D SPACE',''
  ) );
#1347 = FACE_BOUND('',#1348,.T.);
#1348 = EDGE_LOOP('',(#1349,#1377,#1403,#1429));
#1349 = ORIENTED_EDGE('',*,*,#1350,.T.);
#1350 = EDGE_CURVE('',#1351,#1353,#1355,.T.);
#1351 = VERTEX_POINT('',#1352);
#1352 = CARTESIAN_POINT('',(26.4,19.,8.));
#1353 = VERTEX_POINT('',#1354);
#1354 = CARTESIAN_POINT('',(25.,19.,8.));
#1355 = SURFACE_CURVE('',#1356,(#1360,#1366),.PCURVE_S1.);
#1356 = LINE('',#1357,#1358);
#1357 = CARTESIAN_POINT('',(-4.5,19.,8.));
#1358 = VECTOR('',#1359,1.);
#1359 = DIRECTION('',(-1.,0.,0.));
#1360 = PCURVE('',#32,#1361);
#1361 = DEFINITIONAL_REPRESENTATION('',(#1362),#1365);
#1362 = B_SPLINE_CURVE_WITH_KNOTS('',1,(#1363,#1364),.UNSPECIFIED.,.F.,
  .F.,(2,2),(-30.9,-29.5),.PIECEWISE_BEZIER_KNOTS.);
#1363 = CARTESIAN_POINT('',(60.4,53.));
#1364 = CARTESIAN_POINT('',(59.,53.));
#1365 = ( GEOMETRIC_REPRESENTATION_CONTEXT(2) 
PARAMETRIC_REPRESENTATION_CONTEXT() REPRESENTATION_CONTEXT('2D SPACE',''
  ) );
#1366 = PCURVE('',#1367,#1372);
#1367 = PLANE('',#1368);
#1368 = AXIS2_PLACEMENT_3D('',#1369,#1370,#1371);
#1369 = CARTESIAN_POINT('',(25.,19.,7.3));
#1370 = DIRECTION('',(0.,1.,0.));
#1371 = DIRECTION('',(0.,0.,1.));
#1372 = DEFINITIONAL_REPRESENTATION('',(#1373),#1376);
#1373 = B_SPLINE_CURVE_WITH_KNOTS('',1,(#1374,#1375),.UNSPECIFIED.,.F.,
  .F.,(2,2),(-30.9,-29.5),.PIECEWISE_BEZIER_KNOTS.);
#1374 = CARTESIAN_POINT('',(0.7,1.4));
#1375 = CARTESIAN_POINT('',(0.7,0.));
#1376 = ( GEOMETRIC_REPRESENTATION_CONTEXT(2) 
PARAMETRIC_REPRESENTATION_CONTEXT() REPRESENTATION_CONTEXT('2D SPACE',''
  ) );
#1377 = ORIENTED_EDGE('',*,*,#1378,.T.);
#1378 = EDGE_CURVE('',#1353,#1379,#1381,.T.);
#1379 = VERTEX_POINT('',#1380);
#1380 = CARTESIAN_POINT('',(25.,25.,8.));
#1381 = SURFACE_CURVE('',#1382,(#1386,#1392),.PCURVE_S1.);
#1382 = LINE('',#1383,#1384);
#1383 = CARTESIAN_POINT('',(25.,-7.5,8.));
#1384 = VECTOR('',#1385,1.);
#1385 = DIRECTION('',(0.,1.,0.));
#1386 = PCURVE('',#32,#1387);
#1387 = DEFINITIONAL_REPRESENTATION('',(#1388),#1391);
#1388 = B_SPLINE_CURVE_WITH_KNOTS('',1,(#1389,#1390),.UNSPECIFIED.,.F.,
  .F.,(2,2),(26.5,32.5),.PIECEWISE_BEZIER_KNOTS.);
#1389 = CARTESIAN_POINT('',(59.,53.));
#1390 = CARTESIAN_POINT('',(59.,59.));
#1391 = ( GEOMETRIC_REPRESENTATION_CONTEXT(2) 
PARAMETRIC_REPRESENTATION_CONTEXT() REPRESENTATION_CONTEXT('2D SPACE',''
  ) );
#1392 = PCURVE('',#1393,#1398);
#1393 = PLANE('',#1394);
#1394 = AXIS2_PLACEMENT_3D('',#1395,#1396,#1397);
#1395 = CARTESIAN_POINT('',(25.,19.,7.3));
#1396 = DIRECTION('',(1.,0.,0.));
#1397 = DIRECTION('',(0.,0.,1.));
#1398 = DEFINITIONAL_REPRESENTATION('',(#1399),#1402);
#1399 = B_SPLINE_CURVE_WITH_KNOTS('',1,(#1400,#1401),.UNSPECIFIED.,.F.,
  .F.,(2,2),(26.5,32.5),.PIECEWISE_BEZIER_KNOTS.);
#1400 = CARTESIAN_POINT('',(0.7,0.));
#1401 = CARTESIAN_POINT('',(0.7,-6.));
#1402 = ( GEOMETRIC_REPRESENTATION_CONTEXT(2) 
PARAMETRIC_REPRESENTATION_CONTEXT() REPRESENTATION_CONTEXT('2D SPACE',''
  ) );
#1403 = ORIENTED_EDGE('',*,*,#1404,.F.);
#1404 = EDGE_CURVE('',#1405,#1379,#1407,.T.);
#1405 = VERTEX_POINT('',#1406);
#1406 = CARTESIAN_POINT('',(26.4,25.,8.));
#1407 = SURFACE_CURVE('',#1408,(#1412,#1418),.PCURVE_S1.);
#1408 = LINE('',#1409,#1410);
#1409 = CARTESIAN_POINT('',(-4.5,25.,8.));
#1410 = VECTOR('',#1411,1.);
#1411 = DIRECTION('',(-1.,0.,0.));
#1412 = PCURVE('',#32,#1413);
#1413 = DEFINITIONAL_REPRESENTATION('',(#1414),#1417);
#1414 = B_SPLINE_CURVE_WITH_KNOTS('',1,(#1415,#1416),.UNSPECIFIED.,.F.,
  .F.,(2,2),(-30.9,-29.5),.PIECEWISE_BEZIER_KNOTS.);
#1415 = CARTESIAN_POINT('',(60.4,59.));
#1416 = CARTESIAN_POINT('',(59.,59.));
#1417 = ( GEOMETRIC_REPRESENTATION_CONTEXT(2) 
PARAMETRIC_REPRESENTATION_CONTEXT() REPRESENTATION_CONTEXT('2D SPACE',''
  ) );
#1418 = PCURVE('',#1419,#1424);
#1419 = PLANE('',#1420);
#1420 = AXIS2_PLACEMENT_3D('',#1421,#1422,#1423);
#1421 = CARTESIAN_POINT('',(25.,25.,7.3));
#1422 = DIRECTION('',(0.,1.,0.));
#1423 = DIRECTION('',(0.,0.,1.));
#1424 = DEFINITIONAL_REPRESENTATION('',(#1425),#1428);
#1425 = B_SPLINE_CURVE_WITH_KNOTS('',1,(#1426,#1427),.UNSPECIFIED.,.F.,
  .F.,(2,2),(-30.9,-29.5),.PIECEWISE_BEZIER_KNOTS.);
#1426 = CARTESIAN_POINT('',(0.7,1.4));
#1427 = CARTESIAN_POINT('',(0.7,0.));
#1428 = ( GEOMETRIC_REPRESENTATION_CONTEXT(2) 
PARAMETRIC_REPRESENTATION_CONTEXT() REPRESENTATION_CONTEXT('2D SPACE',''
  ) );
#1429 = ORIENTED_EDGE('',*,*,#1430,.F.);
#1430 = EDGE_CURVE('',#1351,#1405,#1431,.T.);
#1431 = SURFACE_CURVE('',#1432,(#1436,#1442),.PCURVE_S1.);
#1432 = LINE('',#1433,#1434);
#1433 = CARTESIAN_POINT('',(26.4,-7.5,8.));
#1434 = VECTOR('',#1435,1.);
#1435 = DIRECTION('',(0.,1.,0.));
#1436 = PCURVE('',#32,#1437);
#1437 = DEFINITIONAL_REPRESENTATION('',(#1438),#1441);
#1438 = B_SPLINE_CURVE_WITH_KNOTS('',1,(#1439,#1440),.UNSPECIFIED.,.F.,
  .F.,(2,2),(26.5,32.5),.PIECEWISE_BEZIER_KNOTS.);
#1439 = CARTESIAN_POINT('',(60.4,53.));
#1440 = CARTESIAN_POINT('',(60.4,59.));
#1441 = ( GEOMETRIC_REPRESENTATION_CONTEXT(2) 
PARAMETRIC_REPRESENTATION_CONTEXT() REPRESENTATION_CONTEXT('2D SPACE',''
  ) );
#1442 = PCURVE('',#1443,#1448);
#1443 = PLANE('',#1444);
#1444 = AXIS2_PLACEMENT_3D('',#1445,#1446,#1447);
#1445 = CARTESIAN_POINT('',(26.4,19.,7.3));
#1446 = DIRECTION('',(1.,0.,0.));
#1447 = DIRECTION('',(0.,0.,1.));
#1448 = DEFINITIONAL_REPRESENTATION('',(#1449),#1452);
#1449 = B_SPLINE_CURVE_WITH_KNOTS('',1,(#1450,#1451),.UNSPECIFIED.,.F.,
  .F.,(2,2),(26.5,32.5),.PIECEWISE_BEZIER_KNOTS.);
#1450 = CARTESIAN_POINT('',(0.7,0.));
#1451 = CARTESIAN_POINT('',(0.7,-6.));
#1452 = ( GEOMETRIC_REPRESENTATION_CONTEXT(2) 
PARAMETRIC_REPRESENTATION_CONTEXT() REPRESENTATION_CONTEXT('2D SPACE',''
  ) );
#1453 = ADVANCED_FACE('',(#1454),#44,.T.);
#1454 = FACE_BOUND('',#1455,.T.);
#1455 = EDGE_LOOP('',(#1456,#1479,#1480,#1503));
#1456 = ORIENTED_EDGE('',*,*,#1457,.F.);
#1457 = EDGE_CURVE('',#22,#1458,#1460,.T.);
#1458 = VERTEX_POINT('',#1459);
#1459 = CARTESIAN_POINT('',(6.,44.,18.));
#1460 = SURFACE_CURVE('',#1461,(#1465,#1472),.PCURVE_S1.);
#1461 = LINE('',#1462,#1463);
#1462 = CARTESIAN_POINT('',(6.,34.,8.));
#1463 = VECTOR('',#1464,1.);
#1464 = DIRECTION('',(7.850462293419E-17,0.707106781187,0.707106781187)
  );
#1465 = PCURVE('',#44,#1466);
#1466 = DEFINITIONAL_REPRESENTATION('',(#1467),#1471);
#1467 = LINE('',#1468,#1469);
#1468 = CARTESIAN_POINT('',(0.,0.));
#1469 = VECTOR('',#1470,1.);
#1470 = DIRECTION('',(1.,0.));
#1471 = ( GEOMETRIC_REPRESENTATION_CONTEXT(2) 
PARAMETRIC_REPRESENTATION_CONTEXT() REPRESENTATION_CONTEXT('2D SPACE',''
  ) );
#1472 = PCURVE('',#72,#1473);
#1473 = DEFINITIONAL_REPRESENTATION('',(#1474),#1478);
#1474 = LINE('',#1475,#1476);
#1475 = CARTESIAN_POINT('',(4.1,-10.));
#1476 = VECTOR('',#1477,1.);
#1477 = DIRECTION('',(0.707106781187,0.707106781187));
#1478 = ( GEOMETRIC_REPRESENTATION_CONTEXT(2) 
PARAMETRIC_REPRESENTATION_CONTEXT() REPRESENTATION_CONTEXT('2D SPACE',''
  ) );
#1479 = ORIENTED_EDGE('',*,*,#21,.T.);
#1480 = ORIENTED_EDGE('',*,*,#1481,.T.);
#1481 = EDGE_CURVE('',#24,#1482,#1484,.T.);
#1482 = VERTEX_POINT('',#1483);
#1483 = CARTESIAN_POINT('',(10.,44.,18.));
#1484 = SURFACE_CURVE('',#1485,(#1489,#1496),.PCURVE_S1.);
#1485 = LINE('',#1486,#1487);
#1486 = CARTESIAN_POINT('',(10.,34.,8.));
#1487 = VECTOR('',#1488,1.);
#1488 = DIRECTION('',(7.850462293419E-17,0.707106781187,0.707106781187)
  );
#1489 = PCURVE('',#44,#1490);
#1490 = DEFINITIONAL_REPRESENTATION('',(#1491),#1495);
#1491 = LINE('',#1492,#1493);
#1492 = CARTESIAN_POINT('',(3.140184917368E-16,-4.));
#1493 = VECTOR('',#1494,1.);
#1494 = DIRECTION('',(1.,0.));
#1495 = ( GEOMETRIC_REPRESENTATION_CONTEXT(2) 
PARAMETRIC_REPRESENTATION_CONTEXT() REPRESENTATION_CONTEXT('2D SPACE',''
  ) );
#1496 = PCURVE('',#850,#1497);
#1497 = DEFINITIONAL_REPRESENTATION('',(#1498),#1502);
#1498 = LINE('',#1499,#1500);
#1499 = CARTESIAN_POINT('',(-7.784774720595,-18.42893218813));
#1500 = VECTOR('',#1501,1.);
#1501 = DIRECTION('',(0.707106781187,0.707106781187));
#1502 = ( GEOMETRIC_REPRESENTATION_CONTEXT(2) 
PARAMETRIC_REPRESENTATION_CONTEXT() REPRESENTATION_CONTEXT('2D SPACE',''
  ) );
#1503 = ORIENTED_EDGE('',*,*,#1504,.F.);
#1504 = EDGE_CURVE('',#1458,#1482,#1505,.T.);
#1505 = SURFACE_CURVE('',#1506,(#1510,#1517),.PCURVE_S1.);
#1506 = LINE('',#1507,#1508);
#1507 = CARTESIAN_POINT('',(8.,44.,18.));
#1508 = VECTOR('',#1509,1.);
#1509 = DIRECTION('',(1.,-1.110223024625E-16,0.));
#1510 = PCURVE('',#44,#1511);
#1511 = DEFINITIONAL_REPRESENTATION('',(#1512),#1516);
#1512 = LINE('',#1513,#1514);
#1513 = CARTESIAN_POINT('',(14.142135623731,-2.));
#1514 = VECTOR('',#1515,1.);
#1515 = DIRECTION('',(0.,-1.));
#1516 = ( GEOMETRIC_REPRESENTATION_CONTEXT(2) 
PARAMETRIC_REPRESENTATION_CONTEXT() REPRESENTATION_CONTEXT('2D SPACE',''
  ) );
#1517 = PCURVE('',#1518,#1523);
#1518 = PLANE('',#1519);
#1519 = AXIS2_PLACEMENT_3D('',#1520,#1521,#1522);
#1520 = CARTESIAN_POINT('',(10.,44.,3.9));
#1521 = DIRECTION('',(1.110223024625E-16,1.,0.));
#1522 = DIRECTION('',(0.,0.,1.));
#1523 = DEFINITIONAL_REPRESENTATION('',(#1524),#1528);
#1524 = LINE('',#1525,#1526);
#1525 = CARTESIAN_POINT('',(14.1,-2.));
#1526 = VECTOR('',#1527,1.);
#1527 = DIRECTION('',(0.,1.));
#1528 = ( GEOMETRIC_REPRESENTATION_CONTEXT(2) 
PARAMETRIC_REPRESENTATION_CONTEXT() REPRESENTATION_CONTEXT('2D SPACE',''
  ) );
#1529 = ADVANCED_FACE('',(#1530),#72,.T.);
#1530 = FACE_BOUND('',#1531,.T.);
#1531 = EDGE_LOOP('',(#1532,#1555,#1556,#1557,#1580));
#1532 = ORIENTED_EDGE('',*,*,#1533,.F.);
#1533 = EDGE_CURVE('',#57,#1534,#1536,.T.);
#1534 = VERTEX_POINT('',#1535);
#1535 = CARTESIAN_POINT('',(6.,56.,28.));
#1536 = SURFACE_CURVE('',#1537,(#1541,#1548),.PCURVE_S1.);
#1537 = LINE('',#1538,#1539);
#1538 = CARTESIAN_POINT('',(6.,56.,-1.));
#1539 = VECTOR('',#1540,1.);
#1540 = DIRECTION('',(0.,0.,1.));
#1541 = PCURVE('',#72,#1542);
#1542 = DEFINITIONAL_REPRESENTATION('',(#1543),#1547);
#1543 = LINE('',#1544,#1545);
#1544 = CARTESIAN_POINT('',(-4.9,12.));
#1545 = VECTOR('',#1546,1.);
#1546 = DIRECTION('',(1.,0.));
#1547 = ( GEOMETRIC_REPRESENTATION_CONTEXT(2) 
PARAMETRIC_REPRESENTATION_CONTEXT() REPRESENTATION_CONTEXT('2D SPACE',''
  ) );
#1548 = PCURVE('',#824,#1549);
#1549 = DEFINITIONAL_REPRESENTATION('',(#1550),#1554);
#1550 = LINE('',#1551,#1552);
#1551 = CARTESIAN_POINT('',(0.,-11.));
#1552 = VECTOR('',#1553,1.);
#1553 = DIRECTION('',(1.,0.));
#1554 = ( GEOMETRIC_REPRESENTATION_CONTEXT(2) 
PARAMETRIC_REPRESENTATION_CONTEXT() REPRESENTATION_CONTEXT('2D SPACE',''
  ) );
#1555 = ORIENTED_EDGE('',*,*,#56,.F.);
#1556 = ORIENTED_EDGE('',*,*,#1457,.T.);
#1557 = ORIENTED_EDGE('',*,*,#1558,.T.);
#1558 = EDGE_CURVE('',#1458,#1559,#1561,.T.);
#1559 = VERTEX_POINT('',#1560);
#1560 = CARTESIAN_POINT('',(6.,44.,28.));
#1561 = SURFACE_CURVE('',#1562,(#1566,#1573),.PCURVE_S1.);
#1562 = LINE('',#1563,#1564);
#1563 = CARTESIAN_POINT('',(6.,44.,3.9));
#1564 = VECTOR('',#1565,1.);
#1565 = DIRECTION('',(0.,0.,1.));
#1566 = PCURVE('',#72,#1567);
#1567 = DEFINITIONAL_REPRESENTATION('',(#1568),#1572);
#1568 = LINE('',#1569,#1570);
#1569 = CARTESIAN_POINT('',(0.,0.));
#1570 = VECTOR('',#1571,1.);
#1571 = DIRECTION('',(1.,0.));
#1572 = ( GEOMETRIC_REPRESENTATION_CONTEXT(2) 
PARAMETRIC_REPRESENTATION_CONTEXT() REPRESENTATION_CONTEXT('2D SPACE',''
  ) );
#1573 = PCURVE('',#1518,#1574);
#1574 = DEFINITIONAL_REPRESENTATION('',(#1575),#1579);
#1575 = LINE('',#1576,#1577);
#1576 = CARTESIAN_POINT('',(0.,-4.));
#1577 = VECTOR('',#1578,1.);
#1578 = DIRECTION('',(1.,0.));
#1579 = ( GEOMETRIC_REPRESENTATION_CONTEXT(2) 
PARAMETRIC_REPRESENTATION_CONTEXT() REPRESENTATION_CONTEXT('2D SPACE',''
  ) );
#1580 = ORIENTED_EDGE('',*,*,#1581,.T.);
#1581 = EDGE_CURVE('',#1559,#1534,#1582,.T.);
#1582 = SURFACE_CURVE('',#1583,(#1587,#1594),.PCURVE_S1.);
#1583 = LINE('',#1584,#1585);
#1584 = CARTESIAN_POINT('',(6.,44.,28.));
#1585 = VECTOR('',#1586,1.);
#1586 = DIRECTION('',(1.110223024625E-16,1.,0.));
#1587 = PCURVE('',#72,#1588);
#1588 = DEFINITIONAL_REPRESENTATION('',(#1589),#1593);
#1589 = LINE('',#1590,#1591);
#1590 = CARTESIAN_POINT('',(24.1,0.));
#1591 = VECTOR('',#1592,1.);
#1592 = DIRECTION('',(0.,1.));
#1593 = ( GEOMETRIC_REPRESENTATION_CONTEXT(2) 
PARAMETRIC_REPRESENTATION_CONTEXT() REPRESENTATION_CONTEXT('2D SPACE',''
  ) );
#1594 = PCURVE('',#1595,#1600);
#1595 = PLANE('',#1596);
#1596 = AXIS2_PLACEMENT_3D('',#1597,#1598,#1599);
#1597 = CARTESIAN_POINT('',(10.,44.,28.));
#1598 = DIRECTION('',(0.,0.,1.));
#1599 = DIRECTION('',(1.110223024625E-16,1.,0.));
#1600 = DEFINITIONAL_REPRESENTATION('',(#1601),#1605);
#1601 = LINE('',#1602,#1603);
#1602 = CARTESIAN_POINT('',(-4.440892098501E-16,4.));
#1603 = VECTOR('',#1604,1.);
#1604 = DIRECTION('',(1.,0.));
#1605 = ( GEOMETRIC_REPRESENTATION_CONTEXT(2) 
PARAMETRIC_REPRESENTATION_CONTEXT() REPRESENTATION_CONTEXT('2D SPACE',''
  ) );
#1606 = ADVANCED_FACE('',(#1607),#850,.F.);
#1607 = FACE_BOUND('',#1608,.F.);
#1608 = EDGE_LOOP('',(#1609,#1610,#1611,#1634,#1657));
#1609 = ORIENTED_EDGE('',*,*,#836,.T.);
#1610 = ORIENTED_EDGE('',*,*,#1481,.T.);
#1611 = ORIENTED_EDGE('',*,*,#1612,.T.);
#1612 = EDGE_CURVE('',#1482,#1613,#1615,.T.);
#1613 = VERTEX_POINT('',#1614);
#1614 = CARTESIAN_POINT('',(10.,44.,28.));
#1615 = SURFACE_CURVE('',#1616,(#1620,#1627),.PCURVE_S1.);
#1616 = LINE('',#1617,#1618);
#1617 = CARTESIAN_POINT('',(10.,44.,3.9));
#1618 = VECTOR('',#1619,1.);
#1619 = DIRECTION('',(0.,0.,1.));
#1620 = PCURVE('',#850,#1621);
#1621 = DEFINITIONAL_REPRESENTATION('',(#1622),#1626);
#1622 = LINE('',#1623,#1624);
#1623 = CARTESIAN_POINT('',(-11.88477472059,-8.428932188135));
#1624 = VECTOR('',#1625,1.);
#1625 = DIRECTION('',(1.,0.));
#1626 = ( GEOMETRIC_REPRESENTATION_CONTEXT(2) 
PARAMETRIC_REPRESENTATION_CONTEXT() REPRESENTATION_CONTEXT('2D SPACE',''
  ) );
#1627 = PCURVE('',#1518,#1628);
#1628 = DEFINITIONAL_REPRESENTATION('',(#1629),#1633);
#1629 = LINE('',#1630,#1631);
#1630 = CARTESIAN_POINT('',(0.,0.));
#1631 = VECTOR('',#1632,1.);
#1632 = DIRECTION('',(1.,0.));
#1633 = ( GEOMETRIC_REPRESENTATION_CONTEXT(2) 
PARAMETRIC_REPRESENTATION_CONTEXT() REPRESENTATION_CONTEXT('2D SPACE',''
  ) );
#1634 = ORIENTED_EDGE('',*,*,#1635,.F.);
#1635 = EDGE_CURVE('',#1636,#1613,#1638,.T.);
#1636 = VERTEX_POINT('',#1637);
#1637 = CARTESIAN_POINT('',(10.,56.,28.));
#1638 = SURFACE_CURVE('',#1639,(#1643,#1650),.PCURVE_S1.);
#1639 = LINE('',#1640,#1641);
#1640 = CARTESIAN_POINT('',(10.,65.,28.));
#1641 = VECTOR('',#1642,1.);
#1642 = DIRECTION('',(-1.110223024625E-16,-1.,0.));
#1643 = PCURVE('',#850,#1644);
#1644 = DEFINITIONAL_REPRESENTATION('',(#1645),#1649);
#1645 = LINE('',#1646,#1647);
#1646 = CARTESIAN_POINT('',(12.215225279405,12.571067811865));
#1647 = VECTOR('',#1648,1.);
#1648 = DIRECTION('',(0.,-1.));
#1649 = ( GEOMETRIC_REPRESENTATION_CONTEXT(2) 
PARAMETRIC_REPRESENTATION_CONTEXT() REPRESENTATION_CONTEXT('2D SPACE',''
  ) );
#1650 = PCURVE('',#1595,#1651);
#1651 = DEFINITIONAL_REPRESENTATION('',(#1652),#1656);
#1652 = LINE('',#1653,#1654);
#1653 = CARTESIAN_POINT('',(21.,5.551115123126E-16));
#1654 = VECTOR('',#1655,1.);
#1655 = DIRECTION('',(-1.,0.));
#1656 = ( GEOMETRIC_REPRESENTATION_CONTEXT(2) 
PARAMETRIC_REPRESENTATION_CONTEXT() REPRESENTATION_CONTEXT('2D SPACE',''
  ) );
#1657 = ORIENTED_EDGE('',*,*,#1658,.T.);
#1658 = EDGE_CURVE('',#1636,#809,#1659,.T.);
#1659 = SURFACE_CURVE('',#1660,(#1664,#1671),.PCURVE_S1.);
#1660 = LINE('',#1661,#1662);
#1661 = CARTESIAN_POINT('',(10.,56.,7.392387360298));
#1662 = VECTOR('',#1663,1.);
#1663 = DIRECTION('',(0.,0.,-1.));
#1664 = PCURVE('',#850,#1665);
#1665 = DEFINITIONAL_REPRESENTATION('',(#1666),#1670);
#1666 = LINE('',#1667,#1668);
#1667 = CARTESIAN_POINT('',(-8.392387360298,3.571067811865));
#1668 = VECTOR('',#1669,1.);
#1669 = DIRECTION('',(-1.,0.));
#1670 = ( GEOMETRIC_REPRESENTATION_CONTEXT(2) 
PARAMETRIC_REPRESENTATION_CONTEXT() REPRESENTATION_CONTEXT('2D SPACE',''
  ) );
#1671 = PCURVE('',#824,#1672);
#1672 = DEFINITIONAL_REPRESENTATION('',(#1673),#1677);
#1673 = LINE('',#1674,#1675);
#1674 = CARTESIAN_POINT('',(8.392387360298,-7.));
#1675 = VECTOR('',#1676,1.);
#1676 = DIRECTION('',(-1.,0.));
#1677 = ( GEOMETRIC_REPRESENTATION_CONTEXT(2) 
PARAMETRIC_REPRESENTATION_CONTEXT() REPRESENTATION_CONTEXT('2D SPACE',''
  ) );
#1678 = ADVANCED_FACE('',(#1679),#100,.F.);
#1679 = FACE_BOUND('',#1680,.F.);
#1680 = EDGE_LOOP('',(#1681,#1704,#1732,#1753));
#1681 = ORIENTED_EDGE('',*,*,#1682,.T.);
#1682 = EDGE_CURVE('',#85,#1683,#1685,.T.);
#1683 = VERTEX_POINT('',#1684);
#1684 = CARTESIAN_POINT('',(6.,66.,5.));
#1685 = SURFACE_CURVE('',#1686,(#1690,#1697),.PCURVE_S1.);
#1686 = LINE('',#1687,#1688);
#1687 = CARTESIAN_POINT('',(6.,66.,8.));
#1688 = VECTOR('',#1689,1.);
#1689 = DIRECTION('',(0.,0.,-1.));
#1690 = PCURVE('',#100,#1691);
#1691 = DEFINITIONAL_REPRESENTATION('',(#1692),#1696);
#1692 = LINE('',#1693,#1694);
#1693 = CARTESIAN_POINT('',(9.,10.));
#1694 = VECTOR('',#1695,1.);
#1695 = DIRECTION('',(-1.,0.));
#1696 = ( GEOMETRIC_REPRESENTATION_CONTEXT(2) 
PARAMETRIC_REPRESENTATION_CONTEXT() REPRESENTATION_CONTEXT('2D SPACE',''
  ) );
#1697 = PCURVE('',#128,#1698);
#1698 = DEFINITIONAL_REPRESENTATION('',(#1699),#1703);
#1699 = LINE('',#1700,#1701);
#1700 = CARTESIAN_POINT('',(8.,-20.));
#1701 = VECTOR('',#1702,1.);
#1702 = DIRECTION('',(-1.,0.));
#1703 = ( GEOMETRIC_REPRESENTATION_CONTEXT(2) 
PARAMETRIC_REPRESENTATION_CONTEXT() REPRESENTATION_CONTEXT('2D SPACE',''
  ) );
#1704 = ORIENTED_EDGE('',*,*,#1705,.F.);
#1705 = EDGE_CURVE('',#1706,#1683,#1708,.T.);
#1706 = VERTEX_POINT('',#1707);
#1707 = CARTESIAN_POINT('',(6.,56.,5.));
#1708 = SURFACE_CURVE('',#1709,(#1713,#1720),.PCURVE_S1.);
#1709 = LINE('',#1710,#1711);
#1710 = CARTESIAN_POINT('',(6.,49.,5.));
#1711 = VECTOR('',#1712,1.);
#1712 = DIRECTION('',(1.110223024625E-16,1.,0.));
#1713 = PCURVE('',#100,#1714);
#1714 = DEFINITIONAL_REPRESENTATION('',(#1715),#1719);
#1715 = LINE('',#1716,#1717);
#1716 = CARTESIAN_POINT('',(6.,-7.));
#1717 = VECTOR('',#1718,1.);
#1718 = DIRECTION('',(0.,1.));
#1719 = ( GEOMETRIC_REPRESENTATION_CONTEXT(2) 
PARAMETRIC_REPRESENTATION_CONTEXT() REPRESENTATION_CONTEXT('2D SPACE',''
  ) );
#1720 = PCURVE('',#1721,#1726);
#1721 = PLANE('',#1722);
#1722 = AXIS2_PLACEMENT_3D('',#1723,#1724,#1725);
#1723 = CARTESIAN_POINT('',(6.4,42.,5.));
#1724 = DIRECTION('',(0.,0.,1.));
#1725 = DIRECTION('',(1.110223024625E-16,1.,0.));
#1726 = DEFINITIONAL_REPRESENTATION('',(#1727),#1731);
#1727 = LINE('',#1728,#1729);
#1728 = CARTESIAN_POINT('',(7.,0.4));
#1729 = VECTOR('',#1730,1.);
#1730 = DIRECTION('',(1.,0.));
#1731 = ( GEOMETRIC_REPRESENTATION_CONTEXT(2) 
PARAMETRIC_REPRESENTATION_CONTEXT() REPRESENTATION_CONTEXT('2D SPACE',''
  ) );
#1732 = ORIENTED_EDGE('',*,*,#1733,.T.);
#1733 = EDGE_CURVE('',#1706,#57,#1734,.T.);
#1734 = SURFACE_CURVE('',#1735,(#1739,#1746),.PCURVE_S1.);
#1735 = LINE('',#1736,#1737);
#1736 = CARTESIAN_POINT('',(6.,56.,-1.));
#1737 = VECTOR('',#1738,1.);
#1738 = DIRECTION('',(0.,0.,1.));
#1739 = PCURVE('',#100,#1740);
#1740 = DEFINITIONAL_REPRESENTATION('',(#1741),#1745);
#1741 = LINE('',#1742,#1743);
#1742 = CARTESIAN_POINT('',(0.,0.));
#1743 = VECTOR('',#1744,1.);
#1744 = DIRECTION('',(1.,0.));
#1745 = ( GEOMETRIC_REPRESENTATION_CONTEXT(2) 
PARAMETRIC_REPRESENTATION_CONTEXT() REPRESENTATION_CONTEXT('2D SPACE',''
  ) );
#1746 = PCURVE('',#824,#1747);
#1747 = DEFINITIONAL_REPRESENTATION('',(#1748),#1752);
#1748 = LINE('',#1749,#1750);
#1749 = CARTESIAN_POINT('',(0.,-11.));
#1750 = VECTOR('',#1751,1.);
#1751 = DIRECTION('',(1.,0.));
#1752 = ( GEOMETRIC_REPRESENTATION_CONTEXT(2) 
PARAMETRIC_REPRESENTATION_CONTEXT() REPRESENTATION_CONTEXT('2D SPACE',''
  ) );
#1753 = ORIENTED_EDGE('',*,*,#84,.T.);
#1754 = ADVANCED_FACE('',(#1755),#824,.T.);
#1755 = FACE_BOUND('',#1756,.T.);
#1756 = EDGE_LOOP('',(#1757,#1780,#1808,#1836,#1857,#1858,#1859,#1880,
    #1881));
#1757 = ORIENTED_EDGE('',*,*,#1758,.F.);
#1758 = EDGE_CURVE('',#1759,#781,#1761,.T.);
#1759 = VERTEX_POINT('',#1760);
#1760 = CARTESIAN_POINT('',(17.,56.,0.));
#1761 = SURFACE_CURVE('',#1762,(#1766,#1773),.PCURVE_S1.);
#1762 = LINE('',#1763,#1764);
#1763 = CARTESIAN_POINT('',(17.,56.,-1.));
#1764 = VECTOR('',#1765,1.);
#1765 = DIRECTION('',(0.,0.,1.));
#1766 = PCURVE('',#824,#1767);
#1767 = DEFINITIONAL_REPRESENTATION('',(#1768),#1772);
#1768 = LINE('',#1769,#1770);
#1769 = CARTESIAN_POINT('',(0.,0.));
#1770 = VECTOR('',#1771,1.);
#1771 = DIRECTION('',(1.,0.));
#1772 = ( GEOMETRIC_REPRESENTATION_CONTEXT(2) 
PARAMETRIC_REPRESENTATION_CONTEXT() REPRESENTATION_CONTEXT('2D SPACE',''
  ) );
#1773 = PCURVE('',#796,#1774);
#1774 = DEFINITIONAL_REPRESENTATION('',(#1775),#1779);
#1775 = LINE('',#1776,#1777);
#1776 = CARTESIAN_POINT('',(0.,0.));
#1777 = VECTOR('',#1778,1.);
#1778 = DIRECTION('',(1.,0.));
#1779 = ( GEOMETRIC_REPRESENTATION_CONTEXT(2) 
PARAMETRIC_REPRESENTATION_CONTEXT() REPRESENTATION_CONTEXT('2D SPACE',''
  ) );
#1780 = ORIENTED_EDGE('',*,*,#1781,.T.);
#1781 = EDGE_CURVE('',#1759,#1782,#1784,.T.);
#1782 = VERTEX_POINT('',#1783);
#1783 = CARTESIAN_POINT('',(6.4,56.,0.));
#1784 = SURFACE_CURVE('',#1785,(#1789,#1796),.PCURVE_S1.);
#1785 = LINE('',#1786,#1787);
#1786 = CARTESIAN_POINT('',(21.5,56.,0.));
#1787 = VECTOR('',#1788,1.);
#1788 = DIRECTION('',(-1.,1.110223024625E-16,0.));
#1789 = PCURVE('',#824,#1790);
#1790 = DEFINITIONAL_REPRESENTATION('',(#1791),#1795);
#1791 = LINE('',#1792,#1793);
#1792 = CARTESIAN_POINT('',(1.,4.5));
#1793 = VECTOR('',#1794,1.);
#1794 = DIRECTION('',(0.,-1.));
#1795 = ( GEOMETRIC_REPRESENTATION_CONTEXT(2) 
PARAMETRIC_REPRESENTATION_CONTEXT() REPRESENTATION_CONTEXT('2D SPACE',''
  ) );
#1796 = PCURVE('',#1797,#1802);
#1797 = PLANE('',#1798);
#1798 = AXIS2_PLACEMENT_3D('',#1799,#1800,#1801);
#1799 = CARTESIAN_POINT('',(26.,30.,0.));
#1800 = DIRECTION('',(0.,0.,1.));
#1801 = DIRECTION('',(1.110223024625E-16,1.,0.));
#1802 = DEFINITIONAL_REPRESENTATION('',(#1803),#1807);
#1803 = LINE('',#1804,#1805);
#1804 = CARTESIAN_POINT('',(26.,4.5));
#1805 = VECTOR('',#1806,1.);
#1806 = DIRECTION('',(0.,1.));
#1807 = ( GEOMETRIC_REPRESENTATION_CONTEXT(2) 
PARAMETRIC_REPRESENTATION_CONTEXT() REPRESENTATION_CONTEXT('2D SPACE',''
  ) );
#1808 = ORIENTED_EDGE('',*,*,#1809,.T.);
#1809 = EDGE_CURVE('',#1782,#1810,#1812,.T.);
#1810 = VERTEX_POINT('',#1811);
#1811 = CARTESIAN_POINT('',(6.4,56.,5.));
#1812 = SURFACE_CURVE('',#1813,(#1817,#1824),.PCURVE_S1.);
#1813 = LINE('',#1814,#1815);
#1814 = CARTESIAN_POINT('',(6.4,56.,-0.5));
#1815 = VECTOR('',#1816,1.);
#1816 = DIRECTION('',(0.,0.,1.));
#1817 = PCURVE('',#824,#1818);
#1818 = DEFINITIONAL_REPRESENTATION('',(#1819),#1823);
#1819 = LINE('',#1820,#1821);
#1820 = CARTESIAN_POINT('',(0.5,-10.6));
#1821 = VECTOR('',#1822,1.);
#1822 = DIRECTION('',(1.,0.));
#1823 = ( GEOMETRIC_REPRESENTATION_CONTEXT(2) 
PARAMETRIC_REPRESENTATION_CONTEXT() REPRESENTATION_CONTEXT('2D SPACE',''
  ) );
#1824 = PCURVE('',#1825,#1830);
#1825 = PLANE('',#1826);
#1826 = AXIS2_PLACEMENT_3D('',#1827,#1828,#1829);
#1827 = CARTESIAN_POINT('',(6.4,42.,0.));
#1828 = DIRECTION('',(-1.,1.110223024625E-16,0.));
#1829 = DIRECTION('',(0.,0.,1.));
#1830 = DEFINITIONAL_REPRESENTATION('',(#1831),#1835);
#1831 = LINE('',#1832,#1833);
#1832 = CARTESIAN_POINT('',(-0.5,14.));
#1833 = VECTOR('',#1834,1.);
#1834 = DIRECTION('',(1.,0.));
#1835 = ( GEOMETRIC_REPRESENTATION_CONTEXT(2) 
PARAMETRIC_REPRESENTATION_CONTEXT() REPRESENTATION_CONTEXT('2D SPACE',''
  ) );
#1836 = ORIENTED_EDGE('',*,*,#1837,.F.);
#1837 = EDGE_CURVE('',#1706,#1810,#1838,.T.);
#1838 = SURFACE_CURVE('',#1839,(#1843,#1850),.PCURVE_S1.);
#1839 = LINE('',#1840,#1841);
#1840 = CARTESIAN_POINT('',(11.7,56.,5.));
#1841 = VECTOR('',#1842,1.);
#1842 = DIRECTION('',(1.,-1.110223024625E-16,0.));
#1843 = PCURVE('',#824,#1844);
#1844 = DEFINITIONAL_REPRESENTATION('',(#1845),#1849);
#1845 = LINE('',#1846,#1847);
#1846 = CARTESIAN_POINT('',(6.,-5.3));
#1847 = VECTOR('',#1848,1.);
#1848 = DIRECTION('',(0.,1.));
#1849 = ( GEOMETRIC_REPRESENTATION_CONTEXT(2) 
PARAMETRIC_REPRESENTATION_CONTEXT() REPRESENTATION_CONTEXT('2D SPACE',''
  ) );
#1850 = PCURVE('',#1721,#1851);
#1851 = DEFINITIONAL_REPRESENTATION('',(#1852),#1856);
#1852 = LINE('',#1853,#1854);
#1853 = CARTESIAN_POINT('',(14.,-5.3));
#1854 = VECTOR('',#1855,1.);
#1855 = DIRECTION('',(0.,-1.));
#1856 = ( GEOMETRIC_REPRESENTATION_CONTEXT(2) 
PARAMETRIC_REPRESENTATION_CONTEXT() REPRESENTATION_CONTEXT('2D SPACE',''
  ) );
#1857 = ORIENTED_EDGE('',*,*,#1733,.T.);
#1858 = ORIENTED_EDGE('',*,*,#1533,.T.);
#1859 = ORIENTED_EDGE('',*,*,#1860,.F.);
#1860 = EDGE_CURVE('',#1636,#1534,#1861,.T.);
#1861 = SURFACE_CURVE('',#1862,(#1866,#1873),.PCURVE_S1.);
#1862 = LINE('',#1863,#1864);
#1863 = CARTESIAN_POINT('',(13.5,56.,28.));
#1864 = VECTOR('',#1865,1.);
#1865 = DIRECTION('',(-1.,1.110223024625E-16,0.));
#1866 = PCURVE('',#824,#1867);
#1867 = DEFINITIONAL_REPRESENTATION('',(#1868),#1872);
#1868 = LINE('',#1869,#1870);
#1869 = CARTESIAN_POINT('',(29.,-3.5));
#1870 = VECTOR('',#1871,1.);
#1871 = DIRECTION('',(0.,-1.));
#1872 = ( GEOMETRIC_REPRESENTATION_CONTEXT(2) 
PARAMETRIC_REPRESENTATION_CONTEXT() REPRESENTATION_CONTEXT('2D SPACE',''
  ) );
#1873 = PCURVE('',#1595,#1874);
#1874 = DEFINITIONAL_REPRESENTATION('',(#1875),#1879);
#1875 = LINE('',#1876,#1877);
#1876 = CARTESIAN_POINT('',(12.,-3.5));
#1877 = VECTOR('',#1878,1.);
#1878 = DIRECTION('',(0.,1.));
#1879 = ( GEOMETRIC_REPRESENTATION_CONTEXT(2) 
PARAMETRIC_REPRESENTATION_CONTEXT() REPRESENTATION_CONTEXT('2D SPACE',''
  ) );
#1880 = ORIENTED_EDGE('',*,*,#1658,.T.);
#1881 = ORIENTED_EDGE('',*,*,#808,.F.);
#1882 = ADVANCED_FACE('',(#1883),#128,.T.);
#1883 = FACE_BOUND('',#1884,.T.);
#1884 = EDGE_LOOP('',(#1885,#1886,#1887,#1910,#1938,#1961));
#1885 = ORIENTED_EDGE('',*,*,#112,.F.);
#1886 = ORIENTED_EDGE('',*,*,#1682,.T.);
#1887 = ORIENTED_EDGE('',*,*,#1888,.F.);
#1888 = EDGE_CURVE('',#1889,#1683,#1891,.T.);
#1889 = VERTEX_POINT('',#1890);
#1890 = CARTESIAN_POINT('',(-16.,66.,5.));
#1891 = SURFACE_CURVE('',#1892,(#1896,#1903),.PCURVE_S1.);
#1892 = LINE('',#1893,#1894);
#1893 = CARTESIAN_POINT('',(16.2,66.,5.));
#1894 = VECTOR('',#1895,1.);
#1895 = DIRECTION('',(1.,-1.110223024625E-16,0.));
#1896 = PCURVE('',#128,#1897);
#1897 = DEFINITIONAL_REPRESENTATION('',(#1898),#1902);
#1898 = LINE('',#1899,#1900);
#1899 = CARTESIAN_POINT('',(5.,-9.8));
#1900 = VECTOR('',#1901,1.);
#1901 = DIRECTION('',(0.,1.));
#1902 = ( GEOMETRIC_REPRESENTATION_CONTEXT(2) 
PARAMETRIC_REPRESENTATION_CONTEXT() REPRESENTATION_CONTEXT('2D SPACE',''
  ) );
#1903 = PCURVE('',#1721,#1904);
#1904 = DEFINITIONAL_REPRESENTATION('',(#1905),#1909);
#1905 = LINE('',#1906,#1907);
#1906 = CARTESIAN_POINT('',(24.,-9.8));
#1907 = VECTOR('',#1908,1.);
#1908 = DIRECTION('',(0.,-1.));
#1909 = ( GEOMETRIC_REPRESENTATION_CONTEXT(2) 
PARAMETRIC_REPRESENTATION_CONTEXT() REPRESENTATION_CONTEXT('2D SPACE',''
  ) );
#1910 = ORIENTED_EDGE('',*,*,#1911,.F.);
#1911 = EDGE_CURVE('',#1912,#1889,#1914,.T.);
#1912 = VERTEX_POINT('',#1913);
#1913 = CARTESIAN_POINT('',(-16.,66.,0.));
#1914 = SURFACE_CURVE('',#1915,(#1919,#1926),.PCURVE_S1.);
#1915 = LINE('',#1916,#1917);
#1916 = CARTESIAN_POINT('',(-16.,66.,0.));
#1917 = VECTOR('',#1918,1.);
#1918 = DIRECTION('',(0.,0.,1.));
#1919 = PCURVE('',#128,#1920);
#1920 = DEFINITIONAL_REPRESENTATION('',(#1921),#1925);
#1921 = LINE('',#1922,#1923);
#1922 = CARTESIAN_POINT('',(0.,-42.));
#1923 = VECTOR('',#1924,1.);
#1924 = DIRECTION('',(1.,0.));
#1925 = ( GEOMETRIC_REPRESENTATION_CONTEXT(2) 
PARAMETRIC_REPRESENTATION_CONTEXT() REPRESENTATION_CONTEXT('2D SPACE',''
  ) );
#1926 = PCURVE('',#1927,#1932);
#1927 = PLANE('',#1928);
#1928 = AXIS2_PLACEMENT_3D('',#1929,#1930,#1931);
#1929 = CARTESIAN_POINT('',(-16.,42.,0.));
#1930 = DIRECTION('',(-1.,1.110223024625E-16,0.));
#1931 = DIRECTION('',(0.,0.,1.));
#1932 = DEFINITIONAL_REPRESENTATION('',(#1933),#1937);
#1933 = LINE('',#1934,#1935);
#1934 = CARTESIAN_POINT('',(0.,24.));
#1935 = VECTOR('',#1936,1.);
#1936 = DIRECTION('',(1.,0.));
#1937 = ( GEOMETRIC_REPRESENTATION_CONTEXT(2) 
PARAMETRIC_REPRESENTATION_CONTEXT() REPRESENTATION_CONTEXT('2D SPACE',''
  ) );
#1938 = ORIENTED_EDGE('',*,*,#1939,.T.);
#1939 = EDGE_CURVE('',#1912,#1940,#1942,.T.);
#1940 = VERTEX_POINT('',#1941);
#1941 = CARTESIAN_POINT('',(-24.,66.,0.));
#1942 = SURFACE_CURVE('',#1943,(#1947,#1954),.PCURVE_S1.);
#1943 = LINE('',#1944,#1945);
#1944 = CARTESIAN_POINT('',(26.,66.,0.));
#1945 = VECTOR('',#1946,1.);
#1946 = DIRECTION('',(-1.,1.110223024625E-16,0.));
#1947 = PCURVE('',#128,#1948);
#1948 = DEFINITIONAL_REPRESENTATION('',(#1949),#1953);
#1949 = LINE('',#1950,#1951);
#1950 = CARTESIAN_POINT('',(0.,0.));
#1951 = VECTOR('',#1952,1.);
#1952 = DIRECTION('',(0.,-1.));
#1953 = ( GEOMETRIC_REPRESENTATION_CONTEXT(2) 
PARAMETRIC_REPRESENTATION_CONTEXT() REPRESENTATION_CONTEXT('2D SPACE',''
  ) );
#1954 = PCURVE('',#1797,#1955);
#1955 = DEFINITIONAL_REPRESENTATION('',(#1956),#1960);
#1956 = LINE('',#1957,#1958);
#1957 = CARTESIAN_POINT('',(36.,4.440892098501E-16));
#1958 = VECTOR('',#1959,1.);
#1959 = DIRECTION('',(0.,1.));
#1960 = ( GEOMETRIC_REPRESENTATION_CONTEXT(2) 
PARAMETRIC_REPRESENTATION_CONTEXT() REPRESENTATION_CONTEXT('2D SPACE',''
  ) );
#1961 = ORIENTED_EDGE('',*,*,#1962,.T.);
#1962 = EDGE_CURVE('',#1940,#113,#1963,.T.);
#1963 = SURFACE_CURVE('',#1964,(#1968,#1975),.PCURVE_S1.);
#1964 = LINE('',#1965,#1966);
#1965 = CARTESIAN_POINT('',(-24.,66.,0.));
#1966 = VECTOR('',#1967,1.);
#1967 = DIRECTION('',(0.,0.,1.));
#1968 = PCURVE('',#128,#1969);
#1969 = DEFINITIONAL_REPRESENTATION('',(#1970),#1974);
#1970 = LINE('',#1971,#1972);
#1971 = CARTESIAN_POINT('',(0.,-50.));
#1972 = VECTOR('',#1973,1.);
#1973 = DIRECTION('',(1.,0.));
#1974 = ( GEOMETRIC_REPRESENTATION_CONTEXT(2) 
PARAMETRIC_REPRESENTATION_CONTEXT() REPRESENTATION_CONTEXT('2D SPACE',''
  ) );
#1975 = PCURVE('',#156,#1976);
#1976 = DEFINITIONAL_REPRESENTATION('',(#1977),#1981);
#1977 = LINE('',#1978,#1979);
#1978 = CARTESIAN_POINT('',(0.,36.));
#1979 = VECTOR('',#1980,1.);
#1980 = DIRECTION('',(1.,0.));
#1981 = ( GEOMETRIC_REPRESENTATION_CONTEXT(2) 
PARAMETRIC_REPRESENTATION_CONTEXT() REPRESENTATION_CONTEXT('2D SPACE',''
  ) );
#1982 = ADVANCED_FACE('',(#1983,#2087,#2203),#796,.T.);
#1983 = FACE_BOUND('',#1984,.T.);
#1984 = EDGE_LOOP('',(#1985,#2008,#2009,#2010,#2033,#2061));
#1985 = ORIENTED_EDGE('',*,*,#1986,.T.);
#1986 = EDGE_CURVE('',#1987,#1759,#1989,.T.);
#1987 = VERTEX_POINT('',#1988);
#1988 = CARTESIAN_POINT('',(17.,132.,0.));
#1989 = SURFACE_CURVE('',#1990,(#1994,#2001),.PCURVE_S1.);
#1990 = LINE('',#1991,#1992);
#1991 = CARTESIAN_POINT('',(17.,43.,0.));
#1992 = VECTOR('',#1993,1.);
#1993 = DIRECTION('',(-1.110223024625E-16,-1.,0.));
#1994 = PCURVE('',#796,#1995);
#1995 = DEFINITIONAL_REPRESENTATION('',(#1996),#2000);
#1996 = LINE('',#1997,#1998);
#1997 = CARTESIAN_POINT('',(1.,-13.));
#1998 = VECTOR('',#1999,1.);
#1999 = DIRECTION('',(0.,-1.));
#2000 = ( GEOMETRIC_REPRESENTATION_CONTEXT(2) 
PARAMETRIC_REPRESENTATION_CONTEXT() REPRESENTATION_CONTEXT('2D SPACE',''
  ) );
#2001 = PCURVE('',#1797,#2002);
#2002 = DEFINITIONAL_REPRESENTATION('',(#2003),#2007);
#2003 = LINE('',#2004,#2005);
#2004 = CARTESIAN_POINT('',(13.,9.));
#2005 = VECTOR('',#2006,1.);
#2006 = DIRECTION('',(-1.,0.));
#2007 = ( GEOMETRIC_REPRESENTATION_CONTEXT(2) 
PARAMETRIC_REPRESENTATION_CONTEXT() REPRESENTATION_CONTEXT('2D SPACE',''
  ) );
#2008 = ORIENTED_EDGE('',*,*,#1758,.T.);
#2009 = ORIENTED_EDGE('',*,*,#780,.F.);
#2010 = ORIENTED_EDGE('',*,*,#2011,.T.);
#2011 = EDGE_CURVE('',#753,#2012,#2014,.T.);
#2012 = VERTEX_POINT('',#2013);
#2013 = CARTESIAN_POINT('',(17.,62.,38.));
#2014 = SURFACE_CURVE('',#2015,(#2019,#2026),.PCURVE_S1.);
#2015 = LINE('',#2016,#2017);
#2016 = CARTESIAN_POINT('',(17.,62.,3.8));
#2017 = VECTOR('',#2018,1.);
#2018 = DIRECTION('',(0.,0.,1.));
#2019 = PCURVE('',#796,#2020);
#2020 = DEFINITIONAL_REPRESENTATION('',(#2021),#2025);
#2021 = LINE('',#2022,#2023);
#2022 = CARTESIAN_POINT('',(4.8,6.));
#2023 = VECTOR('',#2024,1.);
#2024 = DIRECTION('',(1.,0.));
#2025 = ( GEOMETRIC_REPRESENTATION_CONTEXT(2) 
PARAMETRIC_REPRESENTATION_CONTEXT() REPRESENTATION_CONTEXT('2D SPACE',''
  ) );
#2026 = PCURVE('',#768,#2027);
#2027 = DEFINITIONAL_REPRESENTATION('',(#2028),#2032);
#2028 = LINE('',#2029,#2030);
#2029 = CARTESIAN_POINT('',(0.,-6.));
#2030 = VECTOR('',#2031,1.);
#2031 = DIRECTION('',(1.,0.));
#2032 = ( GEOMETRIC_REPRESENTATION_CONTEXT(2) 
PARAMETRIC_REPRESENTATION_CONTEXT() REPRESENTATION_CONTEXT('2D SPACE',''
  ) );
#2033 = ORIENTED_EDGE('',*,*,#2034,.T.);
#2034 = EDGE_CURVE('',#2012,#2035,#2037,.T.);
#2035 = VERTEX_POINT('',#2036);
#2036 = CARTESIAN_POINT('',(17.,132.,38.));
#2037 = SURFACE_CURVE('',#2038,(#2042,#2049),.PCURVE_S1.);
#2038 = LINE('',#2039,#2040);
#2039 = CARTESIAN_POINT('',(17.,62.,38.));
#2040 = VECTOR('',#2041,1.);
#2041 = DIRECTION('',(1.110223024625E-16,1.,0.));
#2042 = PCURVE('',#796,#2043);
#2043 = DEFINITIONAL_REPRESENTATION('',(#2044),#2048);
#2044 = LINE('',#2045,#2046);
#2045 = CARTESIAN_POINT('',(39.,6.));
#2046 = VECTOR('',#2047,1.);
#2047 = DIRECTION('',(0.,1.));
#2048 = ( GEOMETRIC_REPRESENTATION_CONTEXT(2) 
PARAMETRIC_REPRESENTATION_CONTEXT() REPRESENTATION_CONTEXT('2D SPACE',''
  ) );
#2049 = PCURVE('',#2050,#2055);
#2050 = PLANE('',#2051);
#2051 = AXIS2_PLACEMENT_3D('',#2052,#2053,#2054);
#2052 = CARTESIAN_POINT('',(23.,62.,38.));
#2053 = DIRECTION('',(0.,0.,1.));
#2054 = DIRECTION('',(1.110223024625E-16,1.,0.));
#2055 = DEFINITIONAL_REPRESENTATION('',(#2056),#2060);
#2056 = LINE('',#2057,#2058);
#2057 = CARTESIAN_POINT('',(-6.661338147751E-16,6.));
#2058 = VECTOR('',#2059,1.);
#2059 = DIRECTION('',(1.,0.));
#2060 = ( GEOMETRIC_REPRESENTATION_CONTEXT(2) 
PARAMETRIC_REPRESENTATION_CONTEXT() REPRESENTATION_CONTEXT('2D SPACE',''
  ) );
#2061 = ORIENTED_EDGE('',*,*,#2062,.F.);
#2062 = EDGE_CURVE('',#1987,#2035,#2063,.T.);
#2063 = SURFACE_CURVE('',#2064,(#2068,#2075),.PCURVE_S1.);
#2064 = LINE('',#2065,#2066);
#2065 = CARTESIAN_POINT('',(17.,132.,0.));
#2066 = VECTOR('',#2067,1.);
#2067 = DIRECTION('',(0.,0.,1.));
#2068 = PCURVE('',#796,#2069);
#2069 = DEFINITIONAL_REPRESENTATION('',(#2070),#2074);
#2070 = LINE('',#2071,#2072);
#2071 = CARTESIAN_POINT('',(1.,76.));
#2072 = VECTOR('',#2073,1.);
#2073 = DIRECTION('',(1.,0.));
#2074 = ( GEOMETRIC_REPRESENTATION_CONTEXT(2) 
PARAMETRIC_REPRESENTATION_CONTEXT() REPRESENTATION_CONTEXT('2D SPACE',''
  ) );
#2075 = PCURVE('',#2076,#2081);
#2076 = PLANE('',#2077);
#2077 = AXIS2_PLACEMENT_3D('',#2078,#2079,#2080);
#2078 = CARTESIAN_POINT('',(26.,132.,0.));
#2079 = DIRECTION('',(1.110223024625E-16,1.,0.));
#2080 = DIRECTION('',(0.,0.,1.));
#2081 = DEFINITIONAL_REPRESENTATION('',(#2082),#2086);
#2082 = LINE('',#2083,#2084);
#2083 = CARTESIAN_POINT('',(0.,-9.));
#2084 = VECTOR('',#2085,1.);
#2085 = DIRECTION('',(1.,0.));
#2086 = ( GEOMETRIC_REPRESENTATION_CONTEXT(2) 
PARAMETRIC_REPRESENTATION_CONTEXT() REPRESENTATION_CONTEXT('2D SPACE',''
  ) );
#2087 = FACE_BOUND('',#2088,.T.);
#2088 = EDGE_LOOP('',(#2089,#2120,#2148,#2177));
#2089 = ORIENTED_EDGE('',*,*,#2090,.F.);
#2090 = EDGE_CURVE('',#2091,#2093,#2095,.T.);
#2091 = VERTEX_POINT('',#2092);
#2092 = CARTESIAN_POINT('',(17.,99.3,17.7));
#2093 = VERTEX_POINT('',#2094);
#2094 = CARTESIAN_POINT('',(17.,99.3,22.3));
#2095 = SURFACE_CURVE('',#2096,(#2101,#2108),.PCURVE_S1.);
#2096 = CIRCLE('',#2097,2.3);
#2097 = AXIS2_PLACEMENT_3D('',#2098,#2099,#2100);
#2098 = CARTESIAN_POINT('',(17.,99.3,20.));
#2099 = DIRECTION('',(-1.,1.110223024625E-16,0.));
#2100 = DIRECTION('',(0.,0.,-1.));
#2101 = PCURVE('',#796,#2102);
#2102 = DEFINITIONAL_REPRESENTATION('',(#2103),#2107);
#2103 = CIRCLE('',#2104,2.3);
#2104 = AXIS2_PLACEMENT_2D('',#2105,#2106);
#2105 = CARTESIAN_POINT('',(21.,43.3));
#2106 = DIRECTION('',(-1.,0.));
#2107 = ( GEOMETRIC_REPRESENTATION_CONTEXT(2) 
PARAMETRIC_REPRESENTATION_CONTEXT() REPRESENTATION_CONTEXT('2D SPACE',''
  ) );
#2108 = PCURVE('',#2109,#2114);
#2109 = CYLINDRICAL_SURFACE('',#2110,2.3);
#2110 = AXIS2_PLACEMENT_3D('',#2111,#2112,#2113);
#2111 = CARTESIAN_POINT('',(16.,99.3,20.));
#2112 = DIRECTION('',(-1.,1.110223024625E-16,0.));
#2113 = DIRECTION('',(0.,0.,-1.));
#2114 = DEFINITIONAL_REPRESENTATION('',(#2115),#2119);
#2115 = LINE('',#2116,#2117);
#2116 = CARTESIAN_POINT('',(0.,-1.));
#2117 = VECTOR('',#2118,1.);
#2118 = DIRECTION('',(1.,0.));
#2119 = ( GEOMETRIC_REPRESENTATION_CONTEXT(2) 
PARAMETRIC_REPRESENTATION_CONTEXT() REPRESENTATION_CONTEXT('2D SPACE',''
  ) );
#2120 = ORIENTED_EDGE('',*,*,#2121,.F.);
#2121 = EDGE_CURVE('',#2122,#2091,#2124,.T.);
#2122 = VERTEX_POINT('',#2123);
#2123 = CARTESIAN_POINT('',(17.,120.7,17.7));
#2124 = SURFACE_CURVE('',#2125,(#2129,#2136),.PCURVE_S1.);
#2125 = LINE('',#2126,#2127);
#2126 = CARTESIAN_POINT('',(17.,91.35,17.7));
#2127 = VECTOR('',#2128,1.);
#2128 = DIRECTION('',(-1.110223024625E-16,-1.,0.));
#2129 = PCURVE('',#796,#2130);
#2130 = DEFINITIONAL_REPRESENTATION('',(#2131),#2135);
#2131 = LINE('',#2132,#2133);
#2132 = CARTESIAN_POINT('',(18.7,35.35));
#2133 = VECTOR('',#2134,1.);
#2134 = DIRECTION('',(0.,-1.));
#2135 = ( GEOMETRIC_REPRESENTATION_CONTEXT(2) 
PARAMETRIC_REPRESENTATION_CONTEXT() REPRESENTATION_CONTEXT('2D SPACE',''
  ) );
#2136 = PCURVE('',#2137,#2142);
#2137 = PLANE('',#2138);
#2138 = AXIS2_PLACEMENT_3D('',#2139,#2140,#2141);
#2139 = CARTESIAN_POINT('',(16.,120.7,17.7));
#2140 = DIRECTION('',(0.,-0.,-1.));
#2141 = DIRECTION('',(-1.110223024625E-16,-1.,0.));
#2142 = DEFINITIONAL_REPRESENTATION('',(#2143),#2147);
#2143 = LINE('',#2144,#2145);
#2144 = CARTESIAN_POINT('',(29.35,-1.));
#2145 = VECTOR('',#2146,1.);
#2146 = DIRECTION('',(1.,0.));
#2147 = ( GEOMETRIC_REPRESENTATION_CONTEXT(2) 
PARAMETRIC_REPRESENTATION_CONTEXT() REPRESENTATION_CONTEXT('2D SPACE',''
  ) );
#2148 = ORIENTED_EDGE('',*,*,#2149,.F.);
#2149 = EDGE_CURVE('',#2150,#2122,#2152,.T.);
#2150 = VERTEX_POINT('',#2151);
#2151 = CARTESIAN_POINT('',(17.,120.7,22.3));
#2152 = SURFACE_CURVE('',#2153,(#2158,#2165),.PCURVE_S1.);
#2153 = CIRCLE('',#2154,2.3);
#2154 = AXIS2_PLACEMENT_3D('',#2155,#2156,#2157);
#2155 = CARTESIAN_POINT('',(17.,120.7,20.));
#2156 = DIRECTION('',(-1.,1.110223024625E-16,0.));
#2157 = DIRECTION('',(0.,0.,1.));
#2158 = PCURVE('',#796,#2159);
#2159 = DEFINITIONAL_REPRESENTATION('',(#2160),#2164);
#2160 = CIRCLE('',#2161,2.3);
#2161 = AXIS2_PLACEMENT_2D('',#2162,#2163);
#2162 = CARTESIAN_POINT('',(21.,64.7));
#2163 = DIRECTION('',(1.,0.));
#2164 = ( GEOMETRIC_REPRESENTATION_CONTEXT(2) 
PARAMETRIC_REPRESENTATION_CONTEXT() REPRESENTATION_CONTEXT('2D SPACE',''
  ) );
#2165 = PCURVE('',#2166,#2171);
#2166 = CYLINDRICAL_SURFACE('',#2167,2.3);
#2167 = AXIS2_PLACEMENT_3D('',#2168,#2169,#2170);
#2168 = CARTESIAN_POINT('',(16.,120.7,20.));
#2169 = DIRECTION('',(-1.,1.110223024625E-16,0.));
#2170 = DIRECTION('',(0.,0.,1.));
#2171 = DEFINITIONAL_REPRESENTATION('',(#2172),#2176);
#2172 = LINE('',#2173,#2174);
#2173 = CARTESIAN_POINT('',(0.,-1.));
#2174 = VECTOR('',#2175,1.);
#2175 = DIRECTION('',(1.,0.));
#2176 = ( GEOMETRIC_REPRESENTATION_CONTEXT(2) 
PARAMETRIC_REPRESENTATION_CONTEXT() REPRESENTATION_CONTEXT('2D SPACE',''
  ) );
#2177 = ORIENTED_EDGE('',*,*,#2178,.F.);
#2178 = EDGE_CURVE('',#2093,#2150,#2179,.T.);
#2179 = SURFACE_CURVE('',#2180,(#2184,#2191),.PCURVE_S1.);
#2180 = LINE('',#2181,#2182);
#2181 = CARTESIAN_POINT('',(17.,80.65,22.3));
#2182 = VECTOR('',#2183,1.);
#2183 = DIRECTION('',(1.110223024625E-16,1.,0.));
#2184 = PCURVE('',#796,#2185);
#2185 = DEFINITIONAL_REPRESENTATION('',(#2186),#2190);
#2186 = LINE('',#2187,#2188);
#2187 = CARTESIAN_POINT('',(23.3,24.65));
#2188 = VECTOR('',#2189,1.);
#2189 = DIRECTION('',(0.,1.));
#2190 = ( GEOMETRIC_REPRESENTATION_CONTEXT(2) 
PARAMETRIC_REPRESENTATION_CONTEXT() REPRESENTATION_CONTEXT('2D SPACE',''
  ) );
#2191 = PCURVE('',#2192,#2197);
#2192 = PLANE('',#2193);
#2193 = AXIS2_PLACEMENT_3D('',#2194,#2195,#2196);
#2194 = CARTESIAN_POINT('',(16.,99.3,22.3));
#2195 = DIRECTION('',(0.,0.,1.));
#2196 = DIRECTION('',(1.110223024625E-16,1.,0.));
#2197 = DEFINITIONAL_REPRESENTATION('',(#2198),#2202);
#2198 = LINE('',#2199,#2200);
#2199 = CARTESIAN_POINT('',(-18.65,-1.));
#2200 = VECTOR('',#2201,1.);
#2201 = DIRECTION('',(1.,0.));
#2202 = ( GEOMETRIC_REPRESENTATION_CONTEXT(2) 
PARAMETRIC_REPRESENTATION_CONTEXT() REPRESENTATION_CONTEXT('2D SPACE',''
  ) );
#2203 = FACE_BOUND('',#2204,.T.);
#2204 = EDGE_LOOP('',(#2205,#2235,#2264,#2292));
#2205 = ORIENTED_EDGE('',*,*,#2206,.F.);
#2206 = EDGE_CURVE('',#2207,#2209,#2211,.T.);
#2207 = VERTEX_POINT('',#2208);
#2208 = CARTESIAN_POINT('',(17.,69.3,22.3));
#2209 = VERTEX_POINT('',#2210);
#2210 = CARTESIAN_POINT('',(17.,90.7,22.3));
#2211 = SURFACE_CURVE('',#2212,(#2216,#2223),.PCURVE_S1.);
#2212 = LINE('',#2213,#2214);
#2213 = CARTESIAN_POINT('',(17.,65.65,22.3));
#2214 = VECTOR('',#2215,1.);
#2215 = DIRECTION('',(1.110223024625E-16,1.,0.));
#2216 = PCURVE('',#796,#2217);
#2217 = DEFINITIONAL_REPRESENTATION('',(#2218),#2222);
#2218 = LINE('',#2219,#2220);
#2219 = CARTESIAN_POINT('',(23.3,9.65));
#2220 = VECTOR('',#2221,1.);
#2221 = DIRECTION('',(0.,1.));
#2222 = ( GEOMETRIC_REPRESENTATION_CONTEXT(2) 
PARAMETRIC_REPRESENTATION_CONTEXT() REPRESENTATION_CONTEXT('2D SPACE',''
  ) );
#2223 = PCURVE('',#2224,#2229);
#2224 = PLANE('',#2225);
#2225 = AXIS2_PLACEMENT_3D('',#2226,#2227,#2228);
#2226 = CARTESIAN_POINT('',(16.,69.3,22.3));
#2227 = DIRECTION('',(0.,0.,1.));
#2228 = DIRECTION('',(1.110223024625E-16,1.,0.));
#2229 = DEFINITIONAL_REPRESENTATION('',(#2230),#2234);
#2230 = LINE('',#2231,#2232);
#2231 = CARTESIAN_POINT('',(-3.65,-1.));
#2232 = VECTOR('',#2233,1.);
#2233 = DIRECTION('',(1.,0.));
#2234 = ( GEOMETRIC_REPRESENTATION_CONTEXT(2) 
PARAMETRIC_REPRESENTATION_CONTEXT() REPRESENTATION_CONTEXT('2D SPACE',''
  ) );
#2235 = ORIENTED_EDGE('',*,*,#2236,.F.);
#2236 = EDGE_CURVE('',#2237,#2207,#2239,.T.);
#2237 = VERTEX_POINT('',#2238);
#2238 = CARTESIAN_POINT('',(17.,69.3,17.7));
#2239 = SURFACE_CURVE('',#2240,(#2245,#2252),.PCURVE_S1.);
#2240 = CIRCLE('',#2241,2.3);
#2241 = AXIS2_PLACEMENT_3D('',#2242,#2243,#2244);
#2242 = CARTESIAN_POINT('',(17.,69.3,20.));
#2243 = DIRECTION('',(-1.,1.110223024625E-16,0.));
#2244 = DIRECTION('',(0.,0.,-1.));
#2245 = PCURVE('',#796,#2246);
#2246 = DEFINITIONAL_REPRESENTATION('',(#2247),#2251);
#2247 = CIRCLE('',#2248,2.3);
#2248 = AXIS2_PLACEMENT_2D('',#2249,#2250);
#2249 = CARTESIAN_POINT('',(21.,13.3));
#2250 = DIRECTION('',(-1.,0.));
#2251 = ( GEOMETRIC_REPRESENTATION_CONTEXT(2) 
PARAMETRIC_REPRESENTATION_CONTEXT() REPRESENTATION_CONTEXT('2D SPACE',''
  ) );
#2252 = PCURVE('',#2253,#2258);
#2253 = CYLINDRICAL_SURFACE('',#2254,2.3);
#2254 = AXIS2_PLACEMENT_3D('',#2255,#2256,#2257);
#2255 = CARTESIAN_POINT('',(16.,69.3,20.));
#2256 = DIRECTION('',(-1.,1.110223024625E-16,0.));
#2257 = DIRECTION('',(0.,0.,-1.));
#2258 = DEFINITIONAL_REPRESENTATION('',(#2259),#2263);
#2259 = LINE('',#2260,#2261);
#2260 = CARTESIAN_POINT('',(0.,-1.));
#2261 = VECTOR('',#2262,1.);
#2262 = DIRECTION('',(1.,0.));
#2263 = ( GEOMETRIC_REPRESENTATION_CONTEXT(2) 
PARAMETRIC_REPRESENTATION_CONTEXT() REPRESENTATION_CONTEXT('2D SPACE',''
  ) );
#2264 = ORIENTED_EDGE('',*,*,#2265,.F.);
#2265 = EDGE_CURVE('',#2266,#2237,#2268,.T.);
#2266 = VERTEX_POINT('',#2267);
#2267 = CARTESIAN_POINT('',(17.,90.7,17.7));
#2268 = SURFACE_CURVE('',#2269,(#2273,#2280),.PCURVE_S1.);
#2269 = LINE('',#2270,#2271);
#2270 = CARTESIAN_POINT('',(17.,76.35,17.7));
#2271 = VECTOR('',#2272,1.);
#2272 = DIRECTION('',(-1.110223024625E-16,-1.,0.));
#2273 = PCURVE('',#796,#2274);
#2274 = DEFINITIONAL_REPRESENTATION('',(#2275),#2279);
#2275 = LINE('',#2276,#2277);
#2276 = CARTESIAN_POINT('',(18.7,20.35));
#2277 = VECTOR('',#2278,1.);
#2278 = DIRECTION('',(0.,-1.));
#2279 = ( GEOMETRIC_REPRESENTATION_CONTEXT(2) 
PARAMETRIC_REPRESENTATION_CONTEXT() REPRESENTATION_CONTEXT('2D SPACE',''
  ) );
#2280 = PCURVE('',#2281,#2286);
#2281 = PLANE('',#2282);
#2282 = AXIS2_PLACEMENT_3D('',#2283,#2284,#2285);
#2283 = CARTESIAN_POINT('',(16.,90.7,17.7));
#2284 = DIRECTION('',(0.,-0.,-1.));
#2285 = DIRECTION('',(-1.110223024625E-16,-1.,0.));
#2286 = DEFINITIONAL_REPRESENTATION('',(#2287),#2291);
#2287 = LINE('',#2288,#2289);
#2288 = CARTESIAN_POINT('',(14.35,-1.));
#2289 = VECTOR('',#2290,1.);
#2290 = DIRECTION('',(1.,0.));
#2291 = ( GEOMETRIC_REPRESENTATION_CONTEXT(2) 
PARAMETRIC_REPRESENTATION_CONTEXT() REPRESENTATION_CONTEXT('2D SPACE',''
  ) );
#2292 = ORIENTED_EDGE('',*,*,#2293,.F.);
#2293 = EDGE_CURVE('',#2209,#2266,#2294,.T.);
#2294 = SURFACE_CURVE('',#2295,(#2300,#2307),.PCURVE_S1.);
#2295 = CIRCLE('',#2296,2.3);
#2296 = AXIS2_PLACEMENT_3D('',#2297,#2298,#2299);
#2297 = CARTESIAN_POINT('',(17.,90.7,20.));
#2298 = DIRECTION('',(-1.,1.110223024625E-16,0.));
#2299 = DIRECTION('',(0.,0.,1.));
#2300 = PCURVE('',#796,#2301);
#2301 = DEFINITIONAL_REPRESENTATION('',(#2302),#2306);
#2302 = CIRCLE('',#2303,2.3);
#2303 = AXIS2_PLACEMENT_2D('',#2304,#2305);
#2304 = CARTESIAN_POINT('',(21.,34.7));
#2305 = DIRECTION('',(1.,0.));
#2306 = ( GEOMETRIC_REPRESENTATION_CONTEXT(2) 
PARAMETRIC_REPRESENTATION_CONTEXT() REPRESENTATION_CONTEXT('2D SPACE',''
  ) );
#2307 = PCURVE('',#2308,#2313);
#2308 = CYLINDRICAL_SURFACE('',#2309,2.3);
#2309 = AXIS2_PLACEMENT_3D('',#2310,#2311,#2312);
#2310 = CARTESIAN_POINT('',(16.,90.7,20.));
#2311 = DIRECTION('',(-1.,1.110223024625E-16,0.));
#2312 = DIRECTION('',(0.,0.,1.));
#2313 = DEFINITIONAL_REPRESENTATION('',(#2314),#2318);
#2314 = LINE('',#2315,#2316);
#2315 = CARTESIAN_POINT('',(0.,-1.));
#2316 = VECTOR('',#2317,1.);
#2317 = DIRECTION('',(1.,0.));
#2318 = ( GEOMETRIC_REPRESENTATION_CONTEXT(2) 
PARAMETRIC_REPRESENTATION_CONTEXT() REPRESENTATION_CONTEXT('2D SPACE',''
  ) );
#2319 = ADVANCED_FACE('',(#2320),#156,.T.);
#2320 = FACE_BOUND('',#2321,.T.);
#2321 = EDGE_LOOP('',(#2322,#2345,#2364,#2365));
#2322 = ORIENTED_EDGE('',*,*,#2323,.F.);
#2323 = EDGE_CURVE('',#2324,#1940,#2326,.T.);
#2324 = VERTEX_POINT('',#2325);
#2325 = CARTESIAN_POINT('',(-24.,34.,0.));
#2326 = SURFACE_CURVE('',#2327,(#2331,#2338),.PCURVE_S1.);
#2327 = LINE('',#2328,#2329);
#2328 = CARTESIAN_POINT('',(-24.,30.,0.));
#2329 = VECTOR('',#2330,1.);
#2330 = DIRECTION('',(1.110223024625E-16,1.,0.));
#2331 = PCURVE('',#156,#2332);
#2332 = DEFINITIONAL_REPRESENTATION('',(#2333),#2337);
#2333 = LINE('',#2334,#2335);
#2334 = CARTESIAN_POINT('',(0.,0.));
#2335 = VECTOR('',#2336,1.);
#2336 = DIRECTION('',(0.,1.));
#2337 = ( GEOMETRIC_REPRESENTATION_CONTEXT(2) 
PARAMETRIC_REPRESENTATION_CONTEXT() REPRESENTATION_CONTEXT('2D SPACE',''
  ) );
#2338 = PCURVE('',#1797,#2339);
#2339 = DEFINITIONAL_REPRESENTATION('',(#2340),#2344);
#2340 = LINE('',#2341,#2342);
#2341 = CARTESIAN_POINT('',(1.554312234475E-15,50.));
#2342 = VECTOR('',#2343,1.);
#2343 = DIRECTION('',(1.,0.));
#2344 = ( GEOMETRIC_REPRESENTATION_CONTEXT(2) 
PARAMETRIC_REPRESENTATION_CONTEXT() REPRESENTATION_CONTEXT('2D SPACE',''
  ) );
#2345 = ORIENTED_EDGE('',*,*,#2346,.T.);
#2346 = EDGE_CURVE('',#2324,#141,#2347,.T.);
#2347 = SURFACE_CURVE('',#2348,(#2352,#2358),.PCURVE_S1.);
#2348 = LINE('',#2349,#2350);
#2349 = CARTESIAN_POINT('',(-24.,34.,0.));
#2350 = VECTOR('',#2351,1.);
#2351 = DIRECTION('',(0.,-0.,1.));
#2352 = PCURVE('',#156,#2353);
#2353 = DEFINITIONAL_REPRESENTATION('',(#2354),#2357);
#2354 = B_SPLINE_CURVE_WITH_KNOTS('',1,(#2355,#2356),.UNSPECIFIED.,.F.,
  .F.,(2,2),(0.,8.),.PIECEWISE_BEZIER_KNOTS.);
#2355 = CARTESIAN_POINT('',(0.,4.));
#2356 = CARTESIAN_POINT('',(8.,4.));
#2357 = ( GEOMETRIC_REPRESENTATION_CONTEXT(2) 
PARAMETRIC_REPRESENTATION_CONTEXT() REPRESENTATION_CONTEXT('2D SPACE',''
  ) );
#2358 = PCURVE('',#184,#2359);
#2359 = DEFINITIONAL_REPRESENTATION('',(#2360),#2363);
#2360 = B_SPLINE_CURVE_WITH_KNOTS('',1,(#2361,#2362),.UNSPECIFIED.,.F.,
  .F.,(2,2),(0.,8.),.PIECEWISE_BEZIER_KNOTS.);
#2361 = CARTESIAN_POINT('',(0.,10.));
#2362 = CARTESIAN_POINT('',(8.,10.));
#2363 = ( GEOMETRIC_REPRESENTATION_CONTEXT(2) 
PARAMETRIC_REPRESENTATION_CONTEXT() REPRESENTATION_CONTEXT('2D SPACE',''
  ) );
#2364 = ORIENTED_EDGE('',*,*,#140,.T.);
#2365 = ORIENTED_EDGE('',*,*,#1962,.F.);
#2366 = ADVANCED_FACE('',(#2367),#768,.F.);
#2367 = FACE_BOUND('',#2368,.F.);
#2368 = EDGE_LOOP('',(#2369,#2370,#2371,#2394,#2422,#2450,#2478));
#2369 = ORIENTED_EDGE('',*,*,#752,.T.);
#2370 = ORIENTED_EDGE('',*,*,#2011,.T.);
#2371 = ORIENTED_EDGE('',*,*,#2372,.F.);
#2372 = EDGE_CURVE('',#2373,#2012,#2375,.T.);
#2373 = VERTEX_POINT('',#2374);
#2374 = CARTESIAN_POINT('',(23.,62.,38.));
#2375 = SURFACE_CURVE('',#2376,(#2380,#2387),.PCURVE_S1.);
#2376 = LINE('',#2377,#2378);
#2377 = CARTESIAN_POINT('',(23.,62.,38.));
#2378 = VECTOR('',#2379,1.);
#2379 = DIRECTION('',(-1.,1.110223024625E-16,0.));
#2380 = PCURVE('',#768,#2381);
#2381 = DEFINITIONAL_REPRESENTATION('',(#2382),#2386);
#2382 = LINE('',#2383,#2384);
#2383 = CARTESIAN_POINT('',(34.2,0.));
#2384 = VECTOR('',#2385,1.);
#2385 = DIRECTION('',(0.,-1.));
#2386 = ( GEOMETRIC_REPRESENTATION_CONTEXT(2) 
PARAMETRIC_REPRESENTATION_CONTEXT() REPRESENTATION_CONTEXT('2D SPACE',''
  ) );
#2387 = PCURVE('',#2050,#2388);
#2388 = DEFINITIONAL_REPRESENTATION('',(#2389),#2393);
#2389 = LINE('',#2390,#2391);
#2390 = CARTESIAN_POINT('',(0.,0.));
#2391 = VECTOR('',#2392,1.);
#2392 = DIRECTION('',(0.,1.));
#2393 = ( GEOMETRIC_REPRESENTATION_CONTEXT(2) 
PARAMETRIC_REPRESENTATION_CONTEXT() REPRESENTATION_CONTEXT('2D SPACE',''
  ) );
#2394 = ORIENTED_EDGE('',*,*,#2395,.F.);
#2395 = EDGE_CURVE('',#2396,#2373,#2398,.T.);
#2396 = VERTEX_POINT('',#2397);
#2397 = CARTESIAN_POINT('',(23.,62.,34.));
#2398 = SURFACE_CURVE('',#2399,(#2403,#2410),.PCURVE_S1.);
#2399 = LINE('',#2400,#2401);
#2400 = CARTESIAN_POINT('',(23.,62.,3.8));
#2401 = VECTOR('',#2402,1.);
#2402 = DIRECTION('',(0.,0.,1.));
#2403 = PCURVE('',#768,#2404);
#2404 = DEFINITIONAL_REPRESENTATION('',(#2405),#2409);
#2405 = LINE('',#2406,#2407);
#2406 = CARTESIAN_POINT('',(0.,0.));
#2407 = VECTOR('',#2408,1.);
#2408 = DIRECTION('',(1.,0.));
#2409 = ( GEOMETRIC_REPRESENTATION_CONTEXT(2) 
PARAMETRIC_REPRESENTATION_CONTEXT() REPRESENTATION_CONTEXT('2D SPACE',''
  ) );
#2410 = PCURVE('',#2411,#2416);
#2411 = PLANE('',#2412);
#2412 = AXIS2_PLACEMENT_3D('',#2413,#2414,#2415);
#2413 = CARTESIAN_POINT('',(23.,62.,3.8));
#2414 = DIRECTION('',(-1.,1.110223024625E-16,0.));
#2415 = DIRECTION('',(0.,0.,1.));
#2416 = DEFINITIONAL_REPRESENTATION('',(#2417),#2421);
#2417 = LINE('',#2418,#2419);
#2418 = CARTESIAN_POINT('',(0.,0.));
#2419 = VECTOR('',#2420,1.);
#2420 = DIRECTION('',(1.,0.));
#2421 = ( GEOMETRIC_REPRESENTATION_CONTEXT(2) 
PARAMETRIC_REPRESENTATION_CONTEXT() REPRESENTATION_CONTEXT('2D SPACE',''
  ) );
#2422 = ORIENTED_EDGE('',*,*,#2423,.T.);
#2423 = EDGE_CURVE('',#2396,#2424,#2426,.T.);
#2424 = VERTEX_POINT('',#2425);
#2425 = CARTESIAN_POINT('',(24.4,62.,28.));
#2426 = SURFACE_CURVE('',#2427,(#2431,#2438),.PCURVE_S1.);
#2427 = LINE('',#2428,#2429);
#2428 = CARTESIAN_POINT('',(23.,62.,34.));
#2429 = VECTOR('',#2430,1.);
#2430 = DIRECTION('',(0.227229615606,-2.52275551123E-17,-0.973841209742)
  );
#2431 = PCURVE('',#768,#2432);
#2432 = DEFINITIONAL_REPRESENTATION('',(#2433),#2437);
#2433 = LINE('',#2434,#2435);
#2434 = CARTESIAN_POINT('',(30.2,0.));
#2435 = VECTOR('',#2436,1.);
#2436 = DIRECTION('',(-0.973841209742,0.227229615606));
#2437 = ( GEOMETRIC_REPRESENTATION_CONTEXT(2) 
PARAMETRIC_REPRESENTATION_CONTEXT() REPRESENTATION_CONTEXT('2D SPACE',''
  ) );
#2438 = PCURVE('',#2439,#2444);
#2439 = PLANE('',#2440);
#2440 = AXIS2_PLACEMENT_3D('',#2441,#2442,#2443);
#2441 = CARTESIAN_POINT('',(23.,62.,34.));
#2442 = DIRECTION('',(-0.973841209742,1.081180933384E-16,-0.227229615606
    ));
#2443 = DIRECTION('',(0.227229615606,-2.52275551123E-17,-0.973841209742)
  );
#2444 = DEFINITIONAL_REPRESENTATION('',(#2445),#2449);
#2445 = LINE('',#2446,#2447);
#2446 = CARTESIAN_POINT('',(0.,0.));
#2447 = VECTOR('',#2448,1.);
#2448 = DIRECTION('',(1.,0.));
#2449 = ( GEOMETRIC_REPRESENTATION_CONTEXT(2) 
PARAMETRIC_REPRESENTATION_CONTEXT() REPRESENTATION_CONTEXT('2D SPACE',''
  ) );
#2450 = ORIENTED_EDGE('',*,*,#2451,.T.);
#2451 = EDGE_CURVE('',#2424,#2452,#2454,.T.);
#2452 = VERTEX_POINT('',#2453);
#2453 = CARTESIAN_POINT('',(22.,62.,28.));
#2454 = SURFACE_CURVE('',#2455,(#2459,#2466),.PCURVE_S1.);
#2455 = LINE('',#2456,#2457);
#2456 = CARTESIAN_POINT('',(24.5,62.,28.));
#2457 = VECTOR('',#2458,1.);
#2458 = DIRECTION('',(-1.,1.110223024625E-16,0.));
#2459 = PCURVE('',#768,#2460);
#2460 = DEFINITIONAL_REPRESENTATION('',(#2461),#2465);
#2461 = LINE('',#2462,#2463);
#2462 = CARTESIAN_POINT('',(24.2,1.5));
#2463 = VECTOR('',#2464,1.);
#2464 = DIRECTION('',(0.,-1.));
#2465 = ( GEOMETRIC_REPRESENTATION_CONTEXT(2) 
PARAMETRIC_REPRESENTATION_CONTEXT() REPRESENTATION_CONTEXT('2D SPACE',''
  ) );
#2466 = PCURVE('',#2467,#2472);
#2467 = PLANE('',#2468);
#2468 = AXIS2_PLACEMENT_3D('',#2469,#2470,#2471);
#2469 = CARTESIAN_POINT('',(26.,44.,28.));
#2470 = DIRECTION('',(0.,0.,1.));
#2471 = DIRECTION('',(1.110223024625E-16,1.,0.));
#2472 = DEFINITIONAL_REPRESENTATION('',(#2473),#2477);
#2473 = LINE('',#2474,#2475);
#2474 = CARTESIAN_POINT('',(18.,1.5));
#2475 = VECTOR('',#2476,1.);
#2476 = DIRECTION('',(0.,1.));
#2477 = ( GEOMETRIC_REPRESENTATION_CONTEXT(2) 
PARAMETRIC_REPRESENTATION_CONTEXT() REPRESENTATION_CONTEXT('2D SPACE',''
  ) );
#2478 = ORIENTED_EDGE('',*,*,#2479,.T.);
#2479 = EDGE_CURVE('',#2452,#725,#2480,.T.);
#2480 = SURFACE_CURVE('',#2481,(#2485,#2492),.PCURVE_S1.);
#2481 = LINE('',#2482,#2483);
#2482 = CARTESIAN_POINT('',(22.,62.,3.85));
#2483 = VECTOR('',#2484,1.);
#2484 = DIRECTION('',(0.,0.,-1.));
#2485 = PCURVE('',#768,#2486);
#2486 = DEFINITIONAL_REPRESENTATION('',(#2487),#2491);
#2487 = LINE('',#2488,#2489);
#2488 = CARTESIAN_POINT('',(5.E-02,-1.));
#2489 = VECTOR('',#2490,1.);
#2490 = DIRECTION('',(-1.,0.));
#2491 = ( GEOMETRIC_REPRESENTATION_CONTEXT(2) 
PARAMETRIC_REPRESENTATION_CONTEXT() REPRESENTATION_CONTEXT('2D SPACE',''
  ) );
#2492 = PCURVE('',#740,#2493);
#2493 = DEFINITIONAL_REPRESENTATION('',(#2494),#2498);
#2494 = LINE('',#2495,#2496);
#2495 = CARTESIAN_POINT('',(-5.E-02,18.));
#2496 = VECTOR('',#2497,1.);
#2497 = DIRECTION('',(-1.,0.));
#2498 = ( GEOMETRIC_REPRESENTATION_CONTEXT(2) 
PARAMETRIC_REPRESENTATION_CONTEXT() REPRESENTATION_CONTEXT('2D SPACE',''
  ) );
#2499 = ADVANCED_FACE('',(#2500),#184,.T.);
#2500 = FACE_BOUND('',#2501,.T.);
#2501 = EDGE_LOOP('',(#2502,#2525,#2544,#2545));
#2502 = ORIENTED_EDGE('',*,*,#2503,.F.);
#2503 = EDGE_CURVE('',#2504,#2324,#2506,.T.);
#2504 = VERTEX_POINT('',#2505);
#2505 = CARTESIAN_POINT('',(-33.4,34.,0.));
#2506 = SURFACE_CURVE('',#2507,(#2511,#2518),.PCURVE_S1.);
#2507 = LINE('',#2508,#2509);
#2508 = CARTESIAN_POINT('',(-34.,34.,0.));
#2509 = VECTOR('',#2510,1.);
#2510 = DIRECTION('',(1.,0.,0.));
#2511 = PCURVE('',#184,#2512);
#2512 = DEFINITIONAL_REPRESENTATION('',(#2513),#2517);
#2513 = LINE('',#2514,#2515);
#2514 = CARTESIAN_POINT('',(0.,0.));
#2515 = VECTOR('',#2516,1.);
#2516 = DIRECTION('',(0.,1.));
#2517 = ( GEOMETRIC_REPRESENTATION_CONTEXT(2) 
PARAMETRIC_REPRESENTATION_CONTEXT() REPRESENTATION_CONTEXT('2D SPACE',''
  ) );
#2518 = PCURVE('',#1797,#2519);
#2519 = DEFINITIONAL_REPRESENTATION('',(#2520),#2524);
#2520 = LINE('',#2521,#2522);
#2521 = CARTESIAN_POINT('',(4.,60.));
#2522 = VECTOR('',#2523,1.);
#2523 = DIRECTION('',(1.110223024625E-16,-1.));
#2524 = ( GEOMETRIC_REPRESENTATION_CONTEXT(2) 
PARAMETRIC_REPRESENTATION_CONTEXT() REPRESENTATION_CONTEXT('2D SPACE',''
  ) );
#2525 = ORIENTED_EDGE('',*,*,#2526,.F.);
#2526 = EDGE_CURVE('',#169,#2504,#2527,.T.);
#2527 = SURFACE_CURVE('',#2528,(#2532,#2538),.PCURVE_S1.);
#2528 = LINE('',#2529,#2530);
#2529 = CARTESIAN_POINT('',(-33.4,34.,-0.5));
#2530 = VECTOR('',#2531,1.);
#2531 = DIRECTION('',(-0.,0.,-1.));
#2532 = PCURVE('',#184,#2533);
#2533 = DEFINITIONAL_REPRESENTATION('',(#2534),#2537);
#2534 = B_SPLINE_CURVE_WITH_KNOTS('',1,(#2535,#2536),.UNSPECIFIED.,.F.,
  .F.,(2,2),(-8.5,-0.5),.PIECEWISE_BEZIER_KNOTS.);
#2535 = CARTESIAN_POINT('',(8.,0.6));
#2536 = CARTESIAN_POINT('',(0.,0.6));
#2537 = ( GEOMETRIC_REPRESENTATION_CONTEXT(2) 
PARAMETRIC_REPRESENTATION_CONTEXT() REPRESENTATION_CONTEXT('2D SPACE',''
  ) );
#2538 = PCURVE('',#212,#2539);
#2539 = DEFINITIONAL_REPRESENTATION('',(#2540),#2543);
#2540 = B_SPLINE_CURVE_WITH_KNOTS('',1,(#2541,#2542),.UNSPECIFIED.,.F.,
  .F.,(2,2),(-8.5,-0.5),.PIECEWISE_BEZIER_KNOTS.);
#2541 = CARTESIAN_POINT('',(377.02933572866,-9.));
#2542 = CARTESIAN_POINT('',(377.02933572866,-1.));
#2543 = ( GEOMETRIC_REPRESENTATION_CONTEXT(2) 
PARAMETRIC_REPRESENTATION_CONTEXT() REPRESENTATION_CONTEXT('2D SPACE',''
  ) );
#2544 = ORIENTED_EDGE('',*,*,#168,.T.);
#2545 = ORIENTED_EDGE('',*,*,#2346,.F.);
#2546 = ADVANCED_FACE('',(#2547),#740,.T.);
#2547 = FACE_BOUND('',#2548,.T.);
#2548 = EDGE_LOOP('',(#2549,#2550,#2551,#2574,#2602));
#2549 = ORIENTED_EDGE('',*,*,#2479,.T.);
#2550 = ORIENTED_EDGE('',*,*,#724,.F.);
#2551 = ORIENTED_EDGE('',*,*,#2552,.T.);
#2552 = EDGE_CURVE('',#697,#2553,#2555,.T.);
#2553 = VERTEX_POINT('',#2554);
#2554 = CARTESIAN_POINT('',(22.,44.,18.));
#2555 = SURFACE_CURVE('',#2556,(#2560,#2567),.PCURVE_S1.);
#2556 = LINE('',#2557,#2558);
#2557 = CARTESIAN_POINT('',(22.,34.,8.));
#2558 = VECTOR('',#2559,1.);
#2559 = DIRECTION('',(7.850462293419E-17,0.707106781187,0.707106781187)
  );
#2560 = PCURVE('',#740,#2561);
#2561 = DEFINITIONAL_REPRESENTATION('',(#2562),#2566);
#2562 = LINE('',#2563,#2564);
#2563 = CARTESIAN_POINT('',(4.1,-10.));
#2564 = VECTOR('',#2565,1.);
#2565 = DIRECTION('',(0.707106781187,0.707106781187));
#2566 = ( GEOMETRIC_REPRESENTATION_CONTEXT(2) 
PARAMETRIC_REPRESENTATION_CONTEXT() REPRESENTATION_CONTEXT('2D SPACE',''
  ) );
#2567 = PCURVE('',#712,#2568);
#2568 = DEFINITIONAL_REPRESENTATION('',(#2569),#2573);
#2569 = LINE('',#2570,#2571);
#2570 = CARTESIAN_POINT('',(0.,0.));
#2571 = VECTOR('',#2572,1.);
#2572 = DIRECTION('',(1.,0.));
#2573 = ( GEOMETRIC_REPRESENTATION_CONTEXT(2) 
PARAMETRIC_REPRESENTATION_CONTEXT() REPRESENTATION_CONTEXT('2D SPACE',''
  ) );
#2574 = ORIENTED_EDGE('',*,*,#2575,.T.);
#2575 = EDGE_CURVE('',#2553,#2576,#2578,.T.);
#2576 = VERTEX_POINT('',#2577);
#2577 = CARTESIAN_POINT('',(22.,44.,28.));
#2578 = SURFACE_CURVE('',#2579,(#2583,#2590),.PCURVE_S1.);
#2579 = LINE('',#2580,#2581);
#2580 = CARTESIAN_POINT('',(22.,44.,3.9));
#2581 = VECTOR('',#2582,1.);
#2582 = DIRECTION('',(0.,0.,1.));
#2583 = PCURVE('',#740,#2584);
#2584 = DEFINITIONAL_REPRESENTATION('',(#2585),#2589);
#2585 = LINE('',#2586,#2587);
#2586 = CARTESIAN_POINT('',(0.,0.));
#2587 = VECTOR('',#2588,1.);
#2588 = DIRECTION('',(1.,0.));
#2589 = ( GEOMETRIC_REPRESENTATION_CONTEXT(2) 
PARAMETRIC_REPRESENTATION_CONTEXT() REPRESENTATION_CONTEXT('2D SPACE',''
  ) );
#2590 = PCURVE('',#2591,#2596);
#2591 = PLANE('',#2592);
#2592 = AXIS2_PLACEMENT_3D('',#2593,#2594,#2595);
#2593 = CARTESIAN_POINT('',(26.,44.,3.9));
#2594 = DIRECTION('',(1.110223024625E-16,1.,0.));
#2595 = DIRECTION('',(0.,0.,1.));
#2596 = DEFINITIONAL_REPRESENTATION('',(#2597),#2601);
#2597 = LINE('',#2598,#2599);
#2598 = CARTESIAN_POINT('',(0.,-4.));
#2599 = VECTOR('',#2600,1.);
#2600 = DIRECTION('',(1.,0.));
#2601 = ( GEOMETRIC_REPRESENTATION_CONTEXT(2) 
PARAMETRIC_REPRESENTATION_CONTEXT() REPRESENTATION_CONTEXT('2D SPACE',''
  ) );
#2602 = ORIENTED_EDGE('',*,*,#2603,.T.);
#2603 = EDGE_CURVE('',#2576,#2452,#2604,.T.);
#2604 = SURFACE_CURVE('',#2605,(#2609,#2616),.PCURVE_S1.);
#2605 = LINE('',#2606,#2607);
#2606 = CARTESIAN_POINT('',(22.,44.,28.));
#2607 = VECTOR('',#2608,1.);
#2608 = DIRECTION('',(1.110223024625E-16,1.,0.));
#2609 = PCURVE('',#740,#2610);
#2610 = DEFINITIONAL_REPRESENTATION('',(#2611),#2615);
#2611 = LINE('',#2612,#2613);
#2612 = CARTESIAN_POINT('',(24.1,0.));
#2613 = VECTOR('',#2614,1.);
#2614 = DIRECTION('',(0.,1.));
#2615 = ( GEOMETRIC_REPRESENTATION_CONTEXT(2) 
PARAMETRIC_REPRESENTATION_CONTEXT() REPRESENTATION_CONTEXT('2D SPACE',''
  ) );
#2616 = PCURVE('',#2467,#2617);
#2617 = DEFINITIONAL_REPRESENTATION('',(#2618),#2622);
#2618 = LINE('',#2619,#2620);
#2619 = CARTESIAN_POINT('',(-4.440892098501E-16,4.));
#2620 = VECTOR('',#2621,1.);
#2621 = DIRECTION('',(1.,0.));
#2622 = ( GEOMETRIC_REPRESENTATION_CONTEXT(2) 
PARAMETRIC_REPRESENTATION_CONTEXT() REPRESENTATION_CONTEXT('2D SPACE',''
  ) );
#2623 = ADVANCED_FACE('',(#2624),#212,.F.);
#2624 = FACE_BOUND('',#2625,.F.);
#2625 = EDGE_LOOP('',(#2626,#2627,#2648,#2668));
#2626 = ORIENTED_EDGE('',*,*,#196,.F.);
#2627 = ORIENTED_EDGE('',*,*,#2628,.T.);
#2628 = EDGE_CURVE('',#197,#2629,#2631,.T.);
#2629 = VERTEX_POINT('',#2630);
#2630 = CARTESIAN_POINT('',(-15.75,16.35,0.));
#2631 = SURFACE_CURVE('',#2632,(#2636,#2642),.PCURVE_S1.);
#2632 = LINE('',#2633,#2634);
#2633 = CARTESIAN_POINT('',(-15.75,16.35,-1.));
#2634 = VECTOR('',#2635,1.);
#2635 = DIRECTION('',(-0.,0.,-1.));
#2636 = PCURVE('',#212,#2637);
#2637 = DEFINITIONAL_REPRESENTATION('',(#2638),#2641);
#2638 = B_SPLINE_CURVE_WITH_KNOTS('',1,(#2639,#2640),.UNSPECIFIED.,.F.,
  .F.,(2,2),(-9.,-1.),.PIECEWISE_BEZIER_KNOTS.);
#2639 = CARTESIAN_POINT('',(401.99020510455,-9.));
#2640 = CARTESIAN_POINT('',(401.99020510455,-1.));
#2641 = ( GEOMETRIC_REPRESENTATION_CONTEXT(2) 
PARAMETRIC_REPRESENTATION_CONTEXT() REPRESENTATION_CONTEXT('2D SPACE',''
  ) );
#2642 = PCURVE('',#239,#2643);
#2643 = DEFINITIONAL_REPRESENTATION('',(#2644),#2647);
#2644 = B_SPLINE_CURVE_WITH_KNOTS('',1,(#2645,#2646),.UNSPECIFIED.,.F.,
  .F.,(2,2),(-9.,-1.),.PIECEWISE_BEZIER_KNOTS.);
#2645 = CARTESIAN_POINT('',(9.,0.6));
#2646 = CARTESIAN_POINT('',(1.,0.6));
#2647 = ( GEOMETRIC_REPRESENTATION_CONTEXT(2) 
PARAMETRIC_REPRESENTATION_CONTEXT() REPRESENTATION_CONTEXT('2D SPACE',''
  ) );
#2648 = ORIENTED_EDGE('',*,*,#2649,.T.);
#2649 = EDGE_CURVE('',#2629,#2504,#2650,.T.);
#2650 = SURFACE_CURVE('',#2651,(#2655,#2661),.PCURVE_S1.);
#2651 = LINE('',#2652,#2653);
#2652 = CARTESIAN_POINT('',(-149.85,150.45,1.110223024625E-16));
#2653 = VECTOR('',#2654,1.);
#2654 = DIRECTION('',(-0.707106781187,0.707106781187,0.));
#2655 = PCURVE('',#212,#2656);
#2656 = DEFINITIONAL_REPRESENTATION('',(#2657),#2660);
#2657 = B_SPLINE_CURVE_WITH_KNOTS('',1,(#2658,#2659),.UNSPECIFIED.,.F.,
  .F.,(2,2),(-260.0031634422,-164.6851693383),.PIECEWISE_BEZIER_KNOTS.);
#2658 = CARTESIAN_POINT('',(472.34732983261,-1.));
#2659 = CARTESIAN_POINT('',(377.02933572866,-1.));
#2660 = ( GEOMETRIC_REPRESENTATION_CONTEXT(2) 
PARAMETRIC_REPRESENTATION_CONTEXT() REPRESENTATION_CONTEXT('2D SPACE',''
  ) );
#2661 = PCURVE('',#1797,#2662);
#2662 = DEFINITIONAL_REPRESENTATION('',(#2663),#2667);
#2663 = LINE('',#2664,#2665);
#2664 = CARTESIAN_POINT('',(120.45,175.85));
#2665 = VECTOR('',#2666,1.);
#2666 = DIRECTION('',(0.707106781187,0.707106781187));
#2667 = ( GEOMETRIC_REPRESENTATION_CONTEXT(2) 
PARAMETRIC_REPRESENTATION_CONTEXT() REPRESENTATION_CONTEXT('2D SPACE',''
  ) );
#2668 = ORIENTED_EDGE('',*,*,#2526,.F.);
#2669 = ADVANCED_FACE('',(#2670),#712,.T.);
#2670 = FACE_BOUND('',#2671,.T.);
#2671 = EDGE_LOOP('',(#2672,#2673,#2674,#2702));
#2672 = ORIENTED_EDGE('',*,*,#2552,.F.);
#2673 = ORIENTED_EDGE('',*,*,#696,.T.);
#2674 = ORIENTED_EDGE('',*,*,#2675,.T.);
#2675 = EDGE_CURVE('',#669,#2676,#2678,.T.);
#2676 = VERTEX_POINT('',#2677);
#2677 = CARTESIAN_POINT('',(26.,44.,18.));
#2678 = SURFACE_CURVE('',#2679,(#2683,#2690),.PCURVE_S1.);
#2679 = LINE('',#2680,#2681);
#2680 = CARTESIAN_POINT('',(26.,34.,8.));
#2681 = VECTOR('',#2682,1.);
#2682 = DIRECTION('',(7.850462293419E-17,0.707106781187,0.707106781187)
  );
#2683 = PCURVE('',#712,#2684);
#2684 = DEFINITIONAL_REPRESENTATION('',(#2685),#2689);
#2685 = LINE('',#2686,#2687);
#2686 = CARTESIAN_POINT('',(3.140184917368E-16,-4.));
#2687 = VECTOR('',#2688,1.);
#2688 = DIRECTION('',(1.,0.));
#2689 = ( GEOMETRIC_REPRESENTATION_CONTEXT(2) 
PARAMETRIC_REPRESENTATION_CONTEXT() REPRESENTATION_CONTEXT('2D SPACE',''
  ) );
#2690 = PCURVE('',#2691,#2696);
#2691 = PLANE('',#2692);
#2692 = AXIS2_PLACEMENT_3D('',#2693,#2694,#2695);
#2693 = CARTESIAN_POINT('',(26.,30.,0.));
#2694 = DIRECTION('',(-1.,1.110223024625E-16,0.));
#2695 = DIRECTION('',(0.,0.,1.));
#2696 = DEFINITIONAL_REPRESENTATION('',(#2697),#2701);
#2697 = LINE('',#2698,#2699);
#2698 = CARTESIAN_POINT('',(8.,4.));
#2699 = VECTOR('',#2700,1.);
#2700 = DIRECTION('',(0.707106781187,0.707106781187));
#2701 = ( GEOMETRIC_REPRESENTATION_CONTEXT(2) 
PARAMETRIC_REPRESENTATION_CONTEXT() REPRESENTATION_CONTEXT('2D SPACE',''
  ) );
#2702 = ORIENTED_EDGE('',*,*,#2703,.F.);
#2703 = EDGE_CURVE('',#2553,#2676,#2704,.T.);
#2704 = SURFACE_CURVE('',#2705,(#2709,#2716),.PCURVE_S1.);
#2705 = LINE('',#2706,#2707);
#2706 = CARTESIAN_POINT('',(24.,44.,18.));
#2707 = VECTOR('',#2708,1.);
#2708 = DIRECTION('',(1.,-1.110223024625E-16,0.));
#2709 = PCURVE('',#712,#2710);
#2710 = DEFINITIONAL_REPRESENTATION('',(#2711),#2715);
#2711 = LINE('',#2712,#2713);
#2712 = CARTESIAN_POINT('',(14.142135623731,-2.));
#2713 = VECTOR('',#2714,1.);
#2714 = DIRECTION('',(0.,-1.));
#2715 = ( GEOMETRIC_REPRESENTATION_CONTEXT(2) 
PARAMETRIC_REPRESENTATION_CONTEXT() REPRESENTATION_CONTEXT('2D SPACE',''
  ) );
#2716 = PCURVE('',#2591,#2717);
#2717 = DEFINITIONAL_REPRESENTATION('',(#2718),#2722);
#2718 = LINE('',#2719,#2720);
#2719 = CARTESIAN_POINT('',(14.1,-2.));
#2720 = VECTOR('',#2721,1.);
#2721 = DIRECTION('',(0.,1.));
#2722 = ( GEOMETRIC_REPRESENTATION_CONTEXT(2) 
PARAMETRIC_REPRESENTATION_CONTEXT() REPRESENTATION_CONTEXT('2D SPACE',''
  ) );
#2723 = ADVANCED_FACE('',(#2724),#239,.F.);
#2724 = FACE_BOUND('',#2725,.F.);
#2725 = EDGE_LOOP('',(#2726,#2749,#2769,#2770));
#2726 = ORIENTED_EDGE('',*,*,#2727,.F.);
#2727 = EDGE_CURVE('',#2728,#224,#2730,.T.);
#2728 = VERTEX_POINT('',#2729);
#2729 = CARTESIAN_POINT('',(16.35,16.35,0.));
#2730 = SURFACE_CURVE('',#2731,(#2735,#2742),.PCURVE_S1.);
#2731 = LINE('',#2732,#2733);
#2732 = CARTESIAN_POINT('',(16.35,16.35,-1.));
#2733 = VECTOR('',#2734,1.);
#2734 = DIRECTION('',(0.,0.,1.));
#2735 = PCURVE('',#239,#2736);
#2736 = DEFINITIONAL_REPRESENTATION('',(#2737),#2741);
#2737 = LINE('',#2738,#2739);
#2738 = CARTESIAN_POINT('',(0.,32.7));
#2739 = VECTOR('',#2740,1.);
#2740 = DIRECTION('',(1.,0.));
#2741 = ( GEOMETRIC_REPRESENTATION_CONTEXT(2) 
PARAMETRIC_REPRESENTATION_CONTEXT() REPRESENTATION_CONTEXT('2D SPACE',''
  ) );
#2742 = PCURVE('',#266,#2743);
#2743 = DEFINITIONAL_REPRESENTATION('',(#2744),#2748);
#2744 = LINE('',#2745,#2746);
#2745 = CARTESIAN_POINT('',(0.,-32.7));
#2746 = VECTOR('',#2747,1.);
#2747 = DIRECTION('',(1.,0.));
#2748 = ( GEOMETRIC_REPRESENTATION_CONTEXT(2) 
PARAMETRIC_REPRESENTATION_CONTEXT() REPRESENTATION_CONTEXT('2D SPACE',''
  ) );
#2749 = ORIENTED_EDGE('',*,*,#2750,.T.);
#2750 = EDGE_CURVE('',#2728,#2629,#2751,.T.);
#2751 = SURFACE_CURVE('',#2752,(#2756,#2762),.PCURVE_S1.);
#2752 = LINE('',#2753,#2754);
#2753 = CARTESIAN_POINT('',(-25.175,16.35,0.));
#2754 = VECTOR('',#2755,1.);
#2755 = DIRECTION('',(-1.,0.,0.));
#2756 = PCURVE('',#239,#2757);
#2757 = DEFINITIONAL_REPRESENTATION('',(#2758),#2761);
#2758 = B_SPLINE_CURVE_WITH_KNOTS('',1,(#2759,#2760),.UNSPECIFIED.,.F.,
  .F.,(2,2),(-41.525,-8.825),.PIECEWISE_BEZIER_KNOTS.);
#2759 = CARTESIAN_POINT('',(1.,32.7));
#2760 = CARTESIAN_POINT('',(1.,0.));
#2761 = ( GEOMETRIC_REPRESENTATION_CONTEXT(2) 
PARAMETRIC_REPRESENTATION_CONTEXT() REPRESENTATION_CONTEXT('2D SPACE',''
  ) );
#2762 = PCURVE('',#1797,#2763);
#2763 = DEFINITIONAL_REPRESENTATION('',(#2764),#2768);
#2764 = LINE('',#2765,#2766);
#2765 = CARTESIAN_POINT('',(-13.65,51.175));
#2766 = VECTOR('',#2767,1.);
#2767 = DIRECTION('',(-1.110223024625E-16,1.));
#2768 = ( GEOMETRIC_REPRESENTATION_CONTEXT(2) 
PARAMETRIC_REPRESENTATION_CONTEXT() REPRESENTATION_CONTEXT('2D SPACE',''
  ) );
#2769 = ORIENTED_EDGE('',*,*,#2628,.F.);
#2770 = ORIENTED_EDGE('',*,*,#223,.F.);
#2771 = ADVANCED_FACE('',(#2772),#684,.T.);
#2772 = FACE_BOUND('',#2773,.T.);
#2773 = EDGE_LOOP('',(#2774,#2799,#2818,#2819));
#2774 = ORIENTED_EDGE('',*,*,#2775,.F.);
#2775 = EDGE_CURVE('',#2776,#2778,#2780,.T.);
#2776 = VERTEX_POINT('',#2777);
#2777 = CARTESIAN_POINT('',(26.,34.,0.));
#2778 = VERTEX_POINT('',#2779);
#2779 = CARTESIAN_POINT('',(34.,34.,0.));
#2780 = SURFACE_CURVE('',#2781,(#2785,#2792),.PCURVE_S1.);
#2781 = LINE('',#2782,#2783);
#2782 = CARTESIAN_POINT('',(-34.,34.,0.));
#2783 = VECTOR('',#2784,1.);
#2784 = DIRECTION('',(1.,0.,0.));
#2785 = PCURVE('',#684,#2786);
#2786 = DEFINITIONAL_REPRESENTATION('',(#2787),#2791);
#2787 = LINE('',#2788,#2789);
#2788 = CARTESIAN_POINT('',(0.,0.));
#2789 = VECTOR('',#2790,1.);
#2790 = DIRECTION('',(0.,1.));
#2791 = ( GEOMETRIC_REPRESENTATION_CONTEXT(2) 
PARAMETRIC_REPRESENTATION_CONTEXT() REPRESENTATION_CONTEXT('2D SPACE',''
  ) );
#2792 = PCURVE('',#1797,#2793);
#2793 = DEFINITIONAL_REPRESENTATION('',(#2794),#2798);
#2794 = LINE('',#2795,#2796);
#2795 = CARTESIAN_POINT('',(4.,60.));
#2796 = VECTOR('',#2797,1.);
#2797 = DIRECTION('',(1.110223024625E-16,-1.));
#2798 = ( GEOMETRIC_REPRESENTATION_CONTEXT(2) 
PARAMETRIC_REPRESENTATION_CONTEXT() REPRESENTATION_CONTEXT('2D SPACE',''
  ) );
#2799 = ORIENTED_EDGE('',*,*,#2800,.T.);
#2800 = EDGE_CURVE('',#2776,#669,#2801,.T.);
#2801 = SURFACE_CURVE('',#2802,(#2806,#2812),.PCURVE_S1.);
#2802 = LINE('',#2803,#2804);
#2803 = CARTESIAN_POINT('',(26.,34.,0.));
#2804 = VECTOR('',#2805,1.);
#2805 = DIRECTION('',(0.,-0.,1.));
#2806 = PCURVE('',#684,#2807);
#2807 = DEFINITIONAL_REPRESENTATION('',(#2808),#2811);
#2808 = B_SPLINE_CURVE_WITH_KNOTS('',1,(#2809,#2810),.UNSPECIFIED.,.F.,
  .F.,(2,2),(0.,8.),.PIECEWISE_BEZIER_KNOTS.);
#2809 = CARTESIAN_POINT('',(0.,60.));
#2810 = CARTESIAN_POINT('',(8.,60.));
#2811 = ( GEOMETRIC_REPRESENTATION_CONTEXT(2) 
PARAMETRIC_REPRESENTATION_CONTEXT() REPRESENTATION_CONTEXT('2D SPACE',''
  ) );
#2812 = PCURVE('',#2691,#2813);
#2813 = DEFINITIONAL_REPRESENTATION('',(#2814),#2817);
#2814 = B_SPLINE_CURVE_WITH_KNOTS('',1,(#2815,#2816),.UNSPECIFIED.,.F.,
  .F.,(2,2),(0.,8.),.PIECEWISE_BEZIER_KNOTS.);
#2815 = CARTESIAN_POINT('',(0.,4.));
#2816 = CARTESIAN_POINT('',(8.,4.));
#2817 = ( GEOMETRIC_REPRESENTATION_CONTEXT(2) 
PARAMETRIC_REPRESENTATION_CONTEXT() REPRESENTATION_CONTEXT('2D SPACE',''
  ) );
#2818 = ORIENTED_EDGE('',*,*,#668,.T.);
#2819 = ORIENTED_EDGE('',*,*,#2820,.F.);
#2820 = EDGE_CURVE('',#2778,#641,#2821,.T.);
#2821 = SURFACE_CURVE('',#2822,(#2826,#2833),.PCURVE_S1.);
#2822 = LINE('',#2823,#2824);
#2823 = CARTESIAN_POINT('',(34.,34.,0.));
#2824 = VECTOR('',#2825,1.);
#2825 = DIRECTION('',(0.,0.,1.));
#2826 = PCURVE('',#684,#2827);
#2827 = DEFINITIONAL_REPRESENTATION('',(#2828),#2832);
#2828 = LINE('',#2829,#2830);
#2829 = CARTESIAN_POINT('',(0.,68.));
#2830 = VECTOR('',#2831,1.);
#2831 = DIRECTION('',(1.,0.));
#2832 = ( GEOMETRIC_REPRESENTATION_CONTEXT(2) 
PARAMETRIC_REPRESENTATION_CONTEXT() REPRESENTATION_CONTEXT('2D SPACE',''
  ) );
#2833 = PCURVE('',#656,#2834);
#2834 = DEFINITIONAL_REPRESENTATION('',(#2835),#2839);
#2835 = LINE('',#2836,#2837);
#2836 = CARTESIAN_POINT('',(0.,-68.));
#2837 = VECTOR('',#2838,1.);
#2838 = DIRECTION('',(1.,0.));
#2839 = ( GEOMETRIC_REPRESENTATION_CONTEXT(2) 
PARAMETRIC_REPRESENTATION_CONTEXT() REPRESENTATION_CONTEXT('2D SPACE',''
  ) );
#2840 = ADVANCED_FACE('',(#2841),#266,.F.);
#2841 = FACE_BOUND('',#2842,.F.);
#2842 = EDGE_LOOP('',(#2843,#2864,#2884,#2885));
#2843 = ORIENTED_EDGE('',*,*,#2844,.F.);
#2844 = EDGE_CURVE('',#2845,#251,#2847,.T.);
#2845 = VERTEX_POINT('',#2846);
#2846 = CARTESIAN_POINT('',(16.35,-15.75,0.));
#2847 = SURFACE_CURVE('',#2848,(#2852,#2858),.PCURVE_S1.);
#2848 = LINE('',#2849,#2850);
#2849 = CARTESIAN_POINT('',(16.35,-15.75,-1.));
#2850 = VECTOR('',#2851,1.);
#2851 = DIRECTION('',(-0.,0.,1.));
#2852 = PCURVE('',#266,#2853);
#2853 = DEFINITIONAL_REPRESENTATION('',(#2854),#2857);
#2854 = B_SPLINE_CURVE_WITH_KNOTS('',1,(#2855,#2856),.UNSPECIFIED.,.F.,
  .F.,(2,2),(1.,9.),.PIECEWISE_BEZIER_KNOTS.);
#2855 = CARTESIAN_POINT('',(1.,-0.6));
#2856 = CARTESIAN_POINT('',(9.,-0.6));
#2857 = ( GEOMETRIC_REPRESENTATION_CONTEXT(2) 
PARAMETRIC_REPRESENTATION_CONTEXT() REPRESENTATION_CONTEXT('2D SPACE',''
  ) );
#2858 = PCURVE('',#293,#2859);
#2859 = DEFINITIONAL_REPRESENTATION('',(#2860),#2863);
#2860 = B_SPLINE_CURVE_WITH_KNOTS('',1,(#2861,#2862),.UNSPECIFIED.,.F.,
  .F.,(2,2),(1.,9.),.PIECEWISE_BEZIER_KNOTS.);
#2861 = CARTESIAN_POINT('',(447.38646045672,-1.));
#2862 = CARTESIAN_POINT('',(447.38646045672,-9.));
#2863 = ( GEOMETRIC_REPRESENTATION_CONTEXT(2) 
PARAMETRIC_REPRESENTATION_CONTEXT() REPRESENTATION_CONTEXT('2D SPACE',''
  ) );
#2864 = ORIENTED_EDGE('',*,*,#2865,.T.);
#2865 = EDGE_CURVE('',#2845,#2728,#2866,.T.);
#2866 = SURFACE_CURVE('',#2867,(#2871,#2877),.PCURVE_S1.);
#2867 = LINE('',#2868,#2869);
#2868 = CARTESIAN_POINT('',(16.35,-25.175,0.));
#2869 = VECTOR('',#2870,1.);
#2870 = DIRECTION('',(0.,1.,0.));
#2871 = PCURVE('',#266,#2872);
#2872 = DEFINITIONAL_REPRESENTATION('',(#2873),#2876);
#2873 = B_SPLINE_CURVE_WITH_KNOTS('',1,(#2874,#2875),.UNSPECIFIED.,.F.,
  .F.,(2,2),(8.825,41.525),.PIECEWISE_BEZIER_KNOTS.);
#2874 = CARTESIAN_POINT('',(1.,0.));
#2875 = CARTESIAN_POINT('',(1.,-32.7));
#2876 = ( GEOMETRIC_REPRESENTATION_CONTEXT(2) 
PARAMETRIC_REPRESENTATION_CONTEXT() REPRESENTATION_CONTEXT('2D SPACE',''
  ) );
#2877 = PCURVE('',#1797,#2878);
#2878 = DEFINITIONAL_REPRESENTATION('',(#2879),#2883);
#2879 = LINE('',#2880,#2881);
#2880 = CARTESIAN_POINT('',(-55.175,9.65));
#2881 = VECTOR('',#2882,1.);
#2882 = DIRECTION('',(1.,1.110223024625E-16));
#2883 = ( GEOMETRIC_REPRESENTATION_CONTEXT(2) 
PARAMETRIC_REPRESENTATION_CONTEXT() REPRESENTATION_CONTEXT('2D SPACE',''
  ) );
#2884 = ORIENTED_EDGE('',*,*,#2727,.T.);
#2885 = ORIENTED_EDGE('',*,*,#250,.F.);
#2886 = ADVANCED_FACE('',(#2887),#656,.T.);
#2887 = FACE_BOUND('',#2888,.T.);
#2888 = EDGE_LOOP('',(#2889,#2910,#2931,#2932));
#2889 = ORIENTED_EDGE('',*,*,#2890,.F.);
#2890 = EDGE_CURVE('',#2891,#613,#2893,.T.);
#2891 = VERTEX_POINT('',#2892);
#2892 = CARTESIAN_POINT('',(34.,24.,0.));
#2893 = SURFACE_CURVE('',#2894,(#2898,#2904),.PCURVE_S1.);
#2894 = LINE('',#2895,#2896);
#2895 = CARTESIAN_POINT('',(34.,24.,0.));
#2896 = VECTOR('',#2897,1.);
#2897 = DIRECTION('',(0.,0.,1.));
#2898 = PCURVE('',#656,#2899);
#2899 = DEFINITIONAL_REPRESENTATION('',(#2900),#2903);
#2900 = B_SPLINE_CURVE_WITH_KNOTS('',1,(#2901,#2902),.UNSPECIFIED.,.F.,
  .F.,(2,2),(0.,8.),.PIECEWISE_BEZIER_KNOTS.);
#2901 = CARTESIAN_POINT('',(0.,-58.));
#2902 = CARTESIAN_POINT('',(8.,-58.));
#2903 = ( GEOMETRIC_REPRESENTATION_CONTEXT(2) 
PARAMETRIC_REPRESENTATION_CONTEXT() REPRESENTATION_CONTEXT('2D SPACE',''
  ) );
#2904 = PCURVE('',#628,#2905);
#2905 = DEFINITIONAL_REPRESENTATION('',(#2906),#2909);
#2906 = B_SPLINE_CURVE_WITH_KNOTS('',1,(#2907,#2908),.UNSPECIFIED.,.F.,
  .F.,(2,2),(0.,8.),.PIECEWISE_BEZIER_KNOTS.);
#2907 = CARTESIAN_POINT('',(0.,4.));
#2908 = CARTESIAN_POINT('',(8.,4.));
#2909 = ( GEOMETRIC_REPRESENTATION_CONTEXT(2) 
PARAMETRIC_REPRESENTATION_CONTEXT() REPRESENTATION_CONTEXT('2D SPACE',''
  ) );
#2910 = ORIENTED_EDGE('',*,*,#2911,.T.);
#2911 = EDGE_CURVE('',#2891,#2778,#2912,.T.);
#2912 = SURFACE_CURVE('',#2913,(#2917,#2924),.PCURVE_S1.);
#2913 = LINE('',#2914,#2915);
#2914 = CARTESIAN_POINT('',(34.,-34.,0.));
#2915 = VECTOR('',#2916,1.);
#2916 = DIRECTION('',(0.,1.,0.));
#2917 = PCURVE('',#656,#2918);
#2918 = DEFINITIONAL_REPRESENTATION('',(#2919),#2923);
#2919 = LINE('',#2920,#2921);
#2920 = CARTESIAN_POINT('',(0.,0.));
#2921 = VECTOR('',#2922,1.);
#2922 = DIRECTION('',(0.,-1.));
#2923 = ( GEOMETRIC_REPRESENTATION_CONTEXT(2) 
PARAMETRIC_REPRESENTATION_CONTEXT() REPRESENTATION_CONTEXT('2D SPACE',''
  ) );
#2924 = PCURVE('',#1797,#2925);
#2925 = DEFINITIONAL_REPRESENTATION('',(#2926),#2930);
#2926 = LINE('',#2927,#2928);
#2927 = CARTESIAN_POINT('',(-64.,-8.));
#2928 = VECTOR('',#2929,1.);
#2929 = DIRECTION('',(1.,1.110223024625E-16));
#2930 = ( GEOMETRIC_REPRESENTATION_CONTEXT(2) 
PARAMETRIC_REPRESENTATION_CONTEXT() REPRESENTATION_CONTEXT('2D SPACE',''
  ) );
#2931 = ORIENTED_EDGE('',*,*,#2820,.T.);
#2932 = ORIENTED_EDGE('',*,*,#640,.F.);
#2933 = ADVANCED_FACE('',(#2934),#293,.F.);
#2934 = FACE_BOUND('',#2935,.F.);
#2935 = EDGE_LOOP('',(#2936,#2937,#2958,#2978));
#2936 = ORIENTED_EDGE('',*,*,#277,.F.);
#2937 = ORIENTED_EDGE('',*,*,#2938,.F.);
#2938 = EDGE_CURVE('',#2939,#278,#2941,.T.);
#2939 = VERTEX_POINT('',#2940);
#2940 = CARTESIAN_POINT('',(34.,-33.4,0.));
#2941 = SURFACE_CURVE('',#2942,(#2946,#2952),.PCURVE_S1.);
#2942 = LINE('',#2943,#2944);
#2943 = CARTESIAN_POINT('',(34.,-33.4,-0.5));
#2944 = VECTOR('',#2945,1.);
#2945 = DIRECTION('',(-0.,0.,1.));
#2946 = PCURVE('',#293,#2947);
#2947 = DEFINITIONAL_REPRESENTATION('',(#2948),#2951);
#2948 = B_SPLINE_CURVE_WITH_KNOTS('',1,(#2949,#2950),.UNSPECIFIED.,.F.,
  .F.,(2,2),(0.5,8.5),.PIECEWISE_BEZIER_KNOTS.);
#2949 = CARTESIAN_POINT('',(472.34732983261,-1.));
#2950 = CARTESIAN_POINT('',(472.34732983261,-9.));
#2951 = ( GEOMETRIC_REPRESENTATION_CONTEXT(2) 
PARAMETRIC_REPRESENTATION_CONTEXT() REPRESENTATION_CONTEXT('2D SPACE',''
  ) );
#2952 = PCURVE('',#320,#2953);
#2953 = DEFINITIONAL_REPRESENTATION('',(#2954),#2957);
#2954 = B_SPLINE_CURVE_WITH_KNOTS('',1,(#2955,#2956),.UNSPECIFIED.,.F.,
  .F.,(2,2),(0.5,8.5),.PIECEWISE_BEZIER_KNOTS.);
#2955 = CARTESIAN_POINT('',(0.,-0.6));
#2956 = CARTESIAN_POINT('',(8.,-0.6));
#2957 = ( GEOMETRIC_REPRESENTATION_CONTEXT(2) 
PARAMETRIC_REPRESENTATION_CONTEXT() REPRESENTATION_CONTEXT('2D SPACE',''
  ) );
#2958 = ORIENTED_EDGE('',*,*,#2959,.T.);
#2959 = EDGE_CURVE('',#2939,#2845,#2960,.T.);
#2960 = SURFACE_CURVE('',#2961,(#2965,#2971),.PCURVE_S1.);
#2961 = LINE('',#2962,#2963);
#2962 = CARTESIAN_POINT('',(-149.85,150.45,1.110223024625E-16));
#2963 = VECTOR('',#2964,1.);
#2964 = DIRECTION('',(-0.707106781187,0.707106781187,0.));
#2965 = PCURVE('',#293,#2966);
#2966 = DEFINITIONAL_REPRESENTATION('',(#2967),#2970);
#2967 = B_SPLINE_CURVE_WITH_KNOTS('',1,(#2968,#2969),.UNSPECIFIED.,.F.,
  .F.,(2,2),(-260.0031634422,-164.6851693383),.PIECEWISE_BEZIER_KNOTS.);
#2968 = CARTESIAN_POINT('',(472.34732983261,-1.));
#2969 = CARTESIAN_POINT('',(377.02933572866,-1.));
#2970 = ( GEOMETRIC_REPRESENTATION_CONTEXT(2) 
PARAMETRIC_REPRESENTATION_CONTEXT() REPRESENTATION_CONTEXT('2D SPACE',''
  ) );
#2971 = PCURVE('',#1797,#2972);
#2972 = DEFINITIONAL_REPRESENTATION('',(#2973),#2977);
#2973 = LINE('',#2974,#2975);
#2974 = CARTESIAN_POINT('',(120.45,175.85));
#2975 = VECTOR('',#2976,1.);
#2976 = DIRECTION('',(0.707106781187,0.707106781187));
#2977 = ( GEOMETRIC_REPRESENTATION_CONTEXT(2) 
PARAMETRIC_REPRESENTATION_CONTEXT() REPRESENTATION_CONTEXT('2D SPACE',''
  ) );
#2978 = ORIENTED_EDGE('',*,*,#2844,.T.);
#2979 = ADVANCED_FACE('',(#2980),#628,.T.);
#2980 = FACE_BOUND('',#2981,.T.);
#2981 = EDGE_LOOP('',(#2982,#3005,#3006,#3007));
#2982 = ORIENTED_EDGE('',*,*,#2983,.F.);
#2983 = EDGE_CURVE('',#2891,#2984,#2986,.T.);
#2984 = VERTEX_POINT('',#2985);
#2985 = CARTESIAN_POINT('',(66.,24.,0.));
#2986 = SURFACE_CURVE('',#2987,(#2991,#2998),.PCURVE_S1.);
#2987 = LINE('',#2988,#2989);
#2988 = CARTESIAN_POINT('',(30.,24.,0.));
#2989 = VECTOR('',#2990,1.);
#2990 = DIRECTION('',(1.,0.,0.));
#2991 = PCURVE('',#628,#2992);
#2992 = DEFINITIONAL_REPRESENTATION('',(#2993),#2997);
#2993 = LINE('',#2994,#2995);
#2994 = CARTESIAN_POINT('',(0.,0.));
#2995 = VECTOR('',#2996,1.);
#2996 = DIRECTION('',(0.,1.));
#2997 = ( GEOMETRIC_REPRESENTATION_CONTEXT(2) 
PARAMETRIC_REPRESENTATION_CONTEXT() REPRESENTATION_CONTEXT('2D SPACE',''
  ) );
#2998 = PCURVE('',#1797,#2999);
#2999 = DEFINITIONAL_REPRESENTATION('',(#3000),#3004);
#3000 = LINE('',#3001,#3002);
#3001 = CARTESIAN_POINT('',(-6.,-4.));
#3002 = VECTOR('',#3003,1.);
#3003 = DIRECTION('',(1.110223024625E-16,-1.));
#3004 = ( GEOMETRIC_REPRESENTATION_CONTEXT(2) 
PARAMETRIC_REPRESENTATION_CONTEXT() REPRESENTATION_CONTEXT('2D SPACE',''
  ) );
#3005 = ORIENTED_EDGE('',*,*,#2890,.T.);
#3006 = ORIENTED_EDGE('',*,*,#612,.T.);
#3007 = ORIENTED_EDGE('',*,*,#3008,.F.);
#3008 = EDGE_CURVE('',#2984,#585,#3009,.T.);
#3009 = SURFACE_CURVE('',#3010,(#3014,#3021),.PCURVE_S1.);
#3010 = LINE('',#3011,#3012);
#3011 = CARTESIAN_POINT('',(66.,24.,0.));
#3012 = VECTOR('',#3013,1.);
#3013 = DIRECTION('',(0.,0.,1.));
#3014 = PCURVE('',#628,#3015);
#3015 = DEFINITIONAL_REPRESENTATION('',(#3016),#3020);
#3016 = LINE('',#3017,#3018);
#3017 = CARTESIAN_POINT('',(0.,36.));
#3018 = VECTOR('',#3019,1.);
#3019 = DIRECTION('',(1.,0.));
#3020 = ( GEOMETRIC_REPRESENTATION_CONTEXT(2) 
PARAMETRIC_REPRESENTATION_CONTEXT() REPRESENTATION_CONTEXT('2D SPACE',''
  ) );
#3021 = PCURVE('',#600,#3022);
#3022 = DEFINITIONAL_REPRESENTATION('',(#3023),#3027);
#3023 = LINE('',#3024,#3025);
#3024 = CARTESIAN_POINT('',(0.,-50.));
#3025 = VECTOR('',#3026,1.);
#3026 = DIRECTION('',(1.,0.));
#3027 = ( GEOMETRIC_REPRESENTATION_CONTEXT(2) 
PARAMETRIC_REPRESENTATION_CONTEXT() REPRESENTATION_CONTEXT('2D SPACE',''
  ) );
#3028 = ADVANCED_FACE('',(#3029),#320,.T.);
#3029 = FACE_BOUND('',#3030,.T.);
#3030 = EDGE_LOOP('',(#3031,#3032,#3033,#3056));
#3031 = ORIENTED_EDGE('',*,*,#304,.F.);
#3032 = ORIENTED_EDGE('',*,*,#2938,.F.);
#3033 = ORIENTED_EDGE('',*,*,#3034,.T.);
#3034 = EDGE_CURVE('',#2939,#3035,#3037,.T.);
#3035 = VERTEX_POINT('',#3036);
#3036 = CARTESIAN_POINT('',(34.,-26.,0.));
#3037 = SURFACE_CURVE('',#3038,(#3042,#3049),.PCURVE_S1.);
#3038 = LINE('',#3039,#3040);
#3039 = CARTESIAN_POINT('',(34.,-34.,0.));
#3040 = VECTOR('',#3041,1.);
#3041 = DIRECTION('',(0.,1.,0.));
#3042 = PCURVE('',#320,#3043);
#3043 = DEFINITIONAL_REPRESENTATION('',(#3044),#3048);
#3044 = LINE('',#3045,#3046);
#3045 = CARTESIAN_POINT('',(0.,0.));
#3046 = VECTOR('',#3047,1.);
#3047 = DIRECTION('',(0.,-1.));
#3048 = ( GEOMETRIC_REPRESENTATION_CONTEXT(2) 
PARAMETRIC_REPRESENTATION_CONTEXT() REPRESENTATION_CONTEXT('2D SPACE',''
  ) );
#3049 = PCURVE('',#1797,#3050);
#3050 = DEFINITIONAL_REPRESENTATION('',(#3051),#3055);
#3051 = LINE('',#3052,#3053);
#3052 = CARTESIAN_POINT('',(-64.,-8.));
#3053 = VECTOR('',#3054,1.);
#3054 = DIRECTION('',(1.,1.110223024625E-16));
#3055 = ( GEOMETRIC_REPRESENTATION_CONTEXT(2) 
PARAMETRIC_REPRESENTATION_CONTEXT() REPRESENTATION_CONTEXT('2D SPACE',''
  ) );
#3056 = ORIENTED_EDGE('',*,*,#3057,.T.);
#3057 = EDGE_CURVE('',#3035,#305,#3058,.T.);
#3058 = SURFACE_CURVE('',#3059,(#3063,#3069),.PCURVE_S1.);
#3059 = LINE('',#3060,#3061);
#3060 = CARTESIAN_POINT('',(34.,-26.,0.));
#3061 = VECTOR('',#3062,1.);
#3062 = DIRECTION('',(0.,0.,1.));
#3063 = PCURVE('',#320,#3064);
#3064 = DEFINITIONAL_REPRESENTATION('',(#3065),#3068);
#3065 = B_SPLINE_CURVE_WITH_KNOTS('',1,(#3066,#3067),.UNSPECIFIED.,.F.,
  .F.,(2,2),(0.,8.),.PIECEWISE_BEZIER_KNOTS.);
#3066 = CARTESIAN_POINT('',(0.,-8.));
#3067 = CARTESIAN_POINT('',(8.,-8.));
#3068 = ( GEOMETRIC_REPRESENTATION_CONTEXT(2) 
PARAMETRIC_REPRESENTATION_CONTEXT() REPRESENTATION_CONTEXT('2D SPACE',''
  ) );
#3069 = PCURVE('',#3070,#3075);
#3070 = PLANE('',#3071);
#3071 = AXIS2_PLACEMENT_3D('',#3072,#3073,#3074);
#3072 = CARTESIAN_POINT('',(30.,-26.,0.));
#3073 = DIRECTION('',(0.,1.,0.));
#3074 = DIRECTION('',(0.,0.,1.));
#3075 = DEFINITIONAL_REPRESENTATION('',(#3076),#3079);
#3076 = B_SPLINE_CURVE_WITH_KNOTS('',1,(#3077,#3078),.UNSPECIFIED.,.F.,
  .F.,(2,2),(0.,8.),.PIECEWISE_BEZIER_KNOTS.);
#3077 = CARTESIAN_POINT('',(0.,4.));
#3078 = CARTESIAN_POINT('',(8.,4.));
#3079 = ( GEOMETRIC_REPRESENTATION_CONTEXT(2) 
PARAMETRIC_REPRESENTATION_CONTEXT() REPRESENTATION_CONTEXT('2D SPACE',''
  ) );
#3080 = ADVANCED_FACE('',(#3081),#600,.T.);
#3081 = FACE_BOUND('',#3082,.T.);
#3082 = EDGE_LOOP('',(#3083,#3084,#3107,#3135,#3163,#3184));
#3083 = ORIENTED_EDGE('',*,*,#584,.F.);
#3084 = ORIENTED_EDGE('',*,*,#3085,.T.);
#3085 = EDGE_CURVE('',#557,#3086,#3088,.T.);
#3086 = VERTEX_POINT('',#3087);
#3087 = CARTESIAN_POINT('',(66.,-6.,5.));
#3088 = SURFACE_CURVE('',#3089,(#3093,#3100),.PCURVE_S1.);
#3089 = LINE('',#3090,#3091);
#3090 = CARTESIAN_POINT('',(66.,-6.,8.));
#3091 = VECTOR('',#3092,1.);
#3092 = DIRECTION('',(0.,0.,-1.));
#3093 = PCURVE('',#600,#3094);
#3094 = DEFINITIONAL_REPRESENTATION('',(#3095),#3099);
#3095 = LINE('',#3096,#3097);
#3096 = CARTESIAN_POINT('',(8.,-20.));
#3097 = VECTOR('',#3098,1.);
#3098 = DIRECTION('',(-1.,0.));
#3099 = ( GEOMETRIC_REPRESENTATION_CONTEXT(2) 
PARAMETRIC_REPRESENTATION_CONTEXT() REPRESENTATION_CONTEXT('2D SPACE',''
  ) );
#3100 = PCURVE('',#572,#3101);
#3101 = DEFINITIONAL_REPRESENTATION('',(#3102),#3106);
#3102 = LINE('',#3103,#3104);
#3103 = CARTESIAN_POINT('',(9.,10.));
#3104 = VECTOR('',#3105,1.);
#3105 = DIRECTION('',(-1.,0.));
#3106 = ( GEOMETRIC_REPRESENTATION_CONTEXT(2) 
PARAMETRIC_REPRESENTATION_CONTEXT() REPRESENTATION_CONTEXT('2D SPACE',''
  ) );
#3107 = ORIENTED_EDGE('',*,*,#3108,.F.);
#3108 = EDGE_CURVE('',#3109,#3086,#3111,.T.);
#3109 = VERTEX_POINT('',#3110);
#3110 = CARTESIAN_POINT('',(66.,16.,5.));
#3111 = SURFACE_CURVE('',#3112,(#3116,#3123),.PCURVE_S1.);
#3112 = LINE('',#3113,#3114);
#3113 = CARTESIAN_POINT('',(66.,-16.2,5.));
#3114 = VECTOR('',#3115,1.);
#3115 = DIRECTION('',(0.,-1.,0.));
#3116 = PCURVE('',#600,#3117);
#3117 = DEFINITIONAL_REPRESENTATION('',(#3118),#3122);
#3118 = LINE('',#3119,#3120);
#3119 = CARTESIAN_POINT('',(5.,-9.8));
#3120 = VECTOR('',#3121,1.);
#3121 = DIRECTION('',(0.,1.));
#3122 = ( GEOMETRIC_REPRESENTATION_CONTEXT(2) 
PARAMETRIC_REPRESENTATION_CONTEXT() REPRESENTATION_CONTEXT('2D SPACE',''
  ) );
#3123 = PCURVE('',#3124,#3129);
#3124 = PLANE('',#3125);
#3125 = AXIS2_PLACEMENT_3D('',#3126,#3127,#3128);
#3126 = CARTESIAN_POINT('',(42.,-6.4,5.));
#3127 = DIRECTION('',(0.,0.,1.));
#3128 = DIRECTION('',(1.,0.,0.));
#3129 = DEFINITIONAL_REPRESENTATION('',(#3130),#3134);
#3130 = LINE('',#3131,#3132);
#3131 = CARTESIAN_POINT('',(24.,-9.8));
#3132 = VECTOR('',#3133,1.);
#3133 = DIRECTION('',(0.,-1.));
#3134 = ( GEOMETRIC_REPRESENTATION_CONTEXT(2) 
PARAMETRIC_REPRESENTATION_CONTEXT() REPRESENTATION_CONTEXT('2D SPACE',''
  ) );
#3135 = ORIENTED_EDGE('',*,*,#3136,.F.);
#3136 = EDGE_CURVE('',#3137,#3109,#3139,.T.);
#3137 = VERTEX_POINT('',#3138);
#3138 = CARTESIAN_POINT('',(66.,16.,0.));
#3139 = SURFACE_CURVE('',#3140,(#3144,#3151),.PCURVE_S1.);
#3140 = LINE('',#3141,#3142);
#3141 = CARTESIAN_POINT('',(66.,16.,0.));
#3142 = VECTOR('',#3143,1.);
#3143 = DIRECTION('',(0.,0.,1.));
#3144 = PCURVE('',#600,#3145);
#3145 = DEFINITIONAL_REPRESENTATION('',(#3146),#3150);
#3146 = LINE('',#3147,#3148);
#3147 = CARTESIAN_POINT('',(0.,-42.));
#3148 = VECTOR('',#3149,1.);
#3149 = DIRECTION('',(1.,0.));
#3150 = ( GEOMETRIC_REPRESENTATION_CONTEXT(2) 
PARAMETRIC_REPRESENTATION_CONTEXT() REPRESENTATION_CONTEXT('2D SPACE',''
  ) );
#3151 = PCURVE('',#3152,#3157);
#3152 = PLANE('',#3153);
#3153 = AXIS2_PLACEMENT_3D('',#3154,#3155,#3156);
#3154 = CARTESIAN_POINT('',(42.,16.,0.));
#3155 = DIRECTION('',(0.,1.,0.));
#3156 = DIRECTION('',(0.,0.,1.));
#3157 = DEFINITIONAL_REPRESENTATION('',(#3158),#3162);
#3158 = LINE('',#3159,#3160);
#3159 = CARTESIAN_POINT('',(0.,24.));
#3160 = VECTOR('',#3161,1.);
#3161 = DIRECTION('',(1.,0.));
#3162 = ( GEOMETRIC_REPRESENTATION_CONTEXT(2) 
PARAMETRIC_REPRESENTATION_CONTEXT() REPRESENTATION_CONTEXT('2D SPACE',''
  ) );
#3163 = ORIENTED_EDGE('',*,*,#3164,.T.);
#3164 = EDGE_CURVE('',#3137,#2984,#3165,.T.);
#3165 = SURFACE_CURVE('',#3166,(#3170,#3177),.PCURVE_S1.);
#3166 = LINE('',#3167,#3168);
#3167 = CARTESIAN_POINT('',(66.,-26.,0.));
#3168 = VECTOR('',#3169,1.);
#3169 = DIRECTION('',(0.,1.,0.));
#3170 = PCURVE('',#600,#3171);
#3171 = DEFINITIONAL_REPRESENTATION('',(#3172),#3176);
#3172 = LINE('',#3173,#3174);
#3173 = CARTESIAN_POINT('',(0.,0.));
#3174 = VECTOR('',#3175,1.);
#3175 = DIRECTION('',(0.,-1.));
#3176 = ( GEOMETRIC_REPRESENTATION_CONTEXT(2) 
PARAMETRIC_REPRESENTATION_CONTEXT() REPRESENTATION_CONTEXT('2D SPACE',''
  ) );
#3177 = PCURVE('',#1797,#3178);
#3178 = DEFINITIONAL_REPRESENTATION('',(#3179),#3183);
#3179 = LINE('',#3180,#3181);
#3180 = CARTESIAN_POINT('',(-56.,-40.));
#3181 = VECTOR('',#3182,1.);
#3182 = DIRECTION('',(1.,1.110223024625E-16));
#3183 = ( GEOMETRIC_REPRESENTATION_CONTEXT(2) 
PARAMETRIC_REPRESENTATION_CONTEXT() REPRESENTATION_CONTEXT('2D SPACE',''
  ) );
#3184 = ORIENTED_EDGE('',*,*,#3008,.T.);
#3185 = ADVANCED_FACE('',(#3186),#348,.T.);
#3186 = FACE_BOUND('',#3187,.T.);
#3187 = EDGE_LOOP('',(#3188,#3211,#3212,#3235));
#3188 = ORIENTED_EDGE('',*,*,#3189,.F.);
#3189 = EDGE_CURVE('',#333,#3190,#3192,.T.);
#3190 = VERTEX_POINT('',#3191);
#3191 = CARTESIAN_POINT('',(44.,-22.,18.));
#3192 = SURFACE_CURVE('',#3193,(#3197,#3204),.PCURVE_S1.);
#3193 = LINE('',#3194,#3195);
#3194 = CARTESIAN_POINT('',(34.,-22.,8.));
#3195 = VECTOR('',#3196,1.);
#3196 = DIRECTION('',(0.707106781187,0.,0.707106781187));
#3197 = PCURVE('',#348,#3198);
#3198 = DEFINITIONAL_REPRESENTATION('',(#3199),#3203);
#3199 = LINE('',#3200,#3201);
#3200 = CARTESIAN_POINT('',(0.,0.));
#3201 = VECTOR('',#3202,1.);
#3202 = DIRECTION('',(1.,0.));
#3203 = ( GEOMETRIC_REPRESENTATION_CONTEXT(2) 
PARAMETRIC_REPRESENTATION_CONTEXT() REPRESENTATION_CONTEXT('2D SPACE',''
  ) );
#3204 = PCURVE('',#376,#3205);
#3205 = DEFINITIONAL_REPRESENTATION('',(#3206),#3210);
#3206 = LINE('',#3207,#3208);
#3207 = CARTESIAN_POINT('',(4.1,-10.));
#3208 = VECTOR('',#3209,1.);
#3209 = DIRECTION('',(0.707106781187,0.707106781187));
#3210 = ( GEOMETRIC_REPRESENTATION_CONTEXT(2) 
PARAMETRIC_REPRESENTATION_CONTEXT() REPRESENTATION_CONTEXT('2D SPACE',''
  ) );
#3211 = ORIENTED_EDGE('',*,*,#332,.T.);
#3212 = ORIENTED_EDGE('',*,*,#3213,.T.);
#3213 = EDGE_CURVE('',#305,#3214,#3216,.T.);
#3214 = VERTEX_POINT('',#3215);
#3215 = CARTESIAN_POINT('',(44.,-26.,18.));
#3216 = SURFACE_CURVE('',#3217,(#3221,#3228),.PCURVE_S1.);
#3217 = LINE('',#3218,#3219);
#3218 = CARTESIAN_POINT('',(34.,-26.,8.));
#3219 = VECTOR('',#3220,1.);
#3220 = DIRECTION('',(0.707106781187,0.,0.707106781187));
#3221 = PCURVE('',#348,#3222);
#3222 = DEFINITIONAL_REPRESENTATION('',(#3223),#3227);
#3223 = LINE('',#3224,#3225);
#3224 = CARTESIAN_POINT('',(0.,-4.));
#3225 = VECTOR('',#3226,1.);
#3226 = DIRECTION('',(1.,0.));
#3227 = ( GEOMETRIC_REPRESENTATION_CONTEXT(2) 
PARAMETRIC_REPRESENTATION_CONTEXT() REPRESENTATION_CONTEXT('2D SPACE',''
  ) );
#3228 = PCURVE('',#3070,#3229);
#3229 = DEFINITIONAL_REPRESENTATION('',(#3230),#3234);
#3230 = LINE('',#3231,#3232);
#3231 = CARTESIAN_POINT('',(8.,4.));
#3232 = VECTOR('',#3233,1.);
#3233 = DIRECTION('',(0.707106781187,0.707106781187));
#3234 = ( GEOMETRIC_REPRESENTATION_CONTEXT(2) 
PARAMETRIC_REPRESENTATION_CONTEXT() REPRESENTATION_CONTEXT('2D SPACE',''
  ) );
#3235 = ORIENTED_EDGE('',*,*,#3236,.F.);
#3236 = EDGE_CURVE('',#3190,#3214,#3237,.T.);
#3237 = SURFACE_CURVE('',#3238,(#3242,#3249),.PCURVE_S1.);
#3238 = LINE('',#3239,#3240);
#3239 = CARTESIAN_POINT('',(44.,-24.,18.));
#3240 = VECTOR('',#3241,1.);
#3241 = DIRECTION('',(0.,-1.,0.));
#3242 = PCURVE('',#348,#3243);
#3243 = DEFINITIONAL_REPRESENTATION('',(#3244),#3248);
#3244 = LINE('',#3245,#3246);
#3245 = CARTESIAN_POINT('',(14.142135623731,-2.));
#3246 = VECTOR('',#3247,1.);
#3247 = DIRECTION('',(0.,-1.));
#3248 = ( GEOMETRIC_REPRESENTATION_CONTEXT(2) 
PARAMETRIC_REPRESENTATION_CONTEXT() REPRESENTATION_CONTEXT('2D SPACE',''
  ) );
#3249 = PCURVE('',#3250,#3255);
#3250 = PLANE('',#3251);
#3251 = AXIS2_PLACEMENT_3D('',#3252,#3253,#3254);
#3252 = CARTESIAN_POINT('',(44.,-26.,3.9));
#3253 = DIRECTION('',(1.,0.,0.));
#3254 = DIRECTION('',(0.,0.,1.));
#3255 = DEFINITIONAL_REPRESENTATION('',(#3256),#3260);
#3256 = LINE('',#3257,#3258);
#3257 = CARTESIAN_POINT('',(14.1,-2.));
#3258 = VECTOR('',#3259,1.);
#3259 = DIRECTION('',(0.,1.));
#3260 = ( GEOMETRIC_REPRESENTATION_CONTEXT(2) 
PARAMETRIC_REPRESENTATION_CONTEXT() REPRESENTATION_CONTEXT('2D SPACE',''
  ) );
#3261 = ADVANCED_FACE('',(#3262),#572,.F.);
#3262 = FACE_BOUND('',#3263,.F.);
#3263 = EDGE_LOOP('',(#3264,#3265,#3288,#3309));
#3264 = ORIENTED_EDGE('',*,*,#3085,.T.);
#3265 = ORIENTED_EDGE('',*,*,#3266,.F.);
#3266 = EDGE_CURVE('',#3267,#3086,#3269,.T.);
#3267 = VERTEX_POINT('',#3268);
#3268 = CARTESIAN_POINT('',(56.,-6.,5.));
#3269 = SURFACE_CURVE('',#3270,(#3274,#3281),.PCURVE_S1.);
#3270 = LINE('',#3271,#3272);
#3271 = CARTESIAN_POINT('',(49.,-6.,5.));
#3272 = VECTOR('',#3273,1.);
#3273 = DIRECTION('',(1.,0.,0.));
#3274 = PCURVE('',#572,#3275);
#3275 = DEFINITIONAL_REPRESENTATION('',(#3276),#3280);
#3276 = LINE('',#3277,#3278);
#3277 = CARTESIAN_POINT('',(6.,-7.));
#3278 = VECTOR('',#3279,1.);
#3279 = DIRECTION('',(0.,1.));
#3280 = ( GEOMETRIC_REPRESENTATION_CONTEXT(2) 
PARAMETRIC_REPRESENTATION_CONTEXT() REPRESENTATION_CONTEXT('2D SPACE',''
  ) );
#3281 = PCURVE('',#3124,#3282);
#3282 = DEFINITIONAL_REPRESENTATION('',(#3283),#3287);
#3283 = LINE('',#3284,#3285);
#3284 = CARTESIAN_POINT('',(7.,0.4));
#3285 = VECTOR('',#3286,1.);
#3286 = DIRECTION('',(1.,0.));
#3287 = ( GEOMETRIC_REPRESENTATION_CONTEXT(2) 
PARAMETRIC_REPRESENTATION_CONTEXT() REPRESENTATION_CONTEXT('2D SPACE',''
  ) );
#3288 = ORIENTED_EDGE('',*,*,#3289,.T.);
#3289 = EDGE_CURVE('',#3267,#529,#3290,.T.);
#3290 = SURFACE_CURVE('',#3291,(#3295,#3302),.PCURVE_S1.);
#3291 = LINE('',#3292,#3293);
#3292 = CARTESIAN_POINT('',(56.,-6.,-1.));
#3293 = VECTOR('',#3294,1.);
#3294 = DIRECTION('',(0.,0.,1.));
#3295 = PCURVE('',#572,#3296);
#3296 = DEFINITIONAL_REPRESENTATION('',(#3297),#3301);
#3297 = LINE('',#3298,#3299);
#3298 = CARTESIAN_POINT('',(0.,0.));
#3299 = VECTOR('',#3300,1.);
#3300 = DIRECTION('',(1.,0.));
#3301 = ( GEOMETRIC_REPRESENTATION_CONTEXT(2) 
PARAMETRIC_REPRESENTATION_CONTEXT() REPRESENTATION_CONTEXT('2D SPACE',''
  ) );
#3302 = PCURVE('',#460,#3303);
#3303 = DEFINITIONAL_REPRESENTATION('',(#3304),#3308);
#3304 = LINE('',#3305,#3306);
#3305 = CARTESIAN_POINT('',(0.,-11.));
#3306 = VECTOR('',#3307,1.);
#3307 = DIRECTION('',(1.,0.));
#3308 = ( GEOMETRIC_REPRESENTATION_CONTEXT(2) 
PARAMETRIC_REPRESENTATION_CONTEXT() REPRESENTATION_CONTEXT('2D SPACE',''
  ) );
#3309 = ORIENTED_EDGE('',*,*,#556,.T.);
#3310 = ADVANCED_FACE('',(#3311),#376,.T.);
#3311 = FACE_BOUND('',#3312,.T.);
#3312 = EDGE_LOOP('',(#3313,#3336,#3337,#3338,#3361));
#3313 = ORIENTED_EDGE('',*,*,#3314,.T.);
#3314 = EDGE_CURVE('',#3315,#361,#3317,.T.);
#3315 = VERTEX_POINT('',#3316);
#3316 = CARTESIAN_POINT('',(62.,-22.,28.));
#3317 = SURFACE_CURVE('',#3318,(#3322,#3329),.PCURVE_S1.);
#3318 = LINE('',#3319,#3320);
#3319 = CARTESIAN_POINT('',(62.,-22.,3.85));
#3320 = VECTOR('',#3321,1.);
#3321 = DIRECTION('',(0.,0.,-1.));
#3322 = PCURVE('',#376,#3323);
#3323 = DEFINITIONAL_REPRESENTATION('',(#3324),#3328);
#3324 = LINE('',#3325,#3326);
#3325 = CARTESIAN_POINT('',(-5.E-02,18.));
#3326 = VECTOR('',#3327,1.);
#3327 = DIRECTION('',(-1.,0.));
#3328 = ( GEOMETRIC_REPRESENTATION_CONTEXT(2) 
PARAMETRIC_REPRESENTATION_CONTEXT() REPRESENTATION_CONTEXT('2D SPACE',''
  ) );
#3329 = PCURVE('',#404,#3330);
#3330 = DEFINITIONAL_REPRESENTATION('',(#3331),#3335);
#3331 = LINE('',#3332,#3333);
#3332 = CARTESIAN_POINT('',(5.E-02,-1.));
#3333 = VECTOR('',#3334,1.);
#3334 = DIRECTION('',(-1.,0.));
#3335 = ( GEOMETRIC_REPRESENTATION_CONTEXT(2) 
PARAMETRIC_REPRESENTATION_CONTEXT() REPRESENTATION_CONTEXT('2D SPACE',''
  ) );
#3336 = ORIENTED_EDGE('',*,*,#360,.F.);
#3337 = ORIENTED_EDGE('',*,*,#3189,.T.);
#3338 = ORIENTED_EDGE('',*,*,#3339,.T.);
#3339 = EDGE_CURVE('',#3190,#3340,#3342,.T.);
#3340 = VERTEX_POINT('',#3341);
#3341 = CARTESIAN_POINT('',(44.,-22.,28.));
#3342 = SURFACE_CURVE('',#3343,(#3347,#3354),.PCURVE_S1.);
#3343 = LINE('',#3344,#3345);
#3344 = CARTESIAN_POINT('',(44.,-22.,3.9));
#3345 = VECTOR('',#3346,1.);
#3346 = DIRECTION('',(0.,0.,1.));
#3347 = PCURVE('',#376,#3348);
#3348 = DEFINITIONAL_REPRESENTATION('',(#3349),#3353);
#3349 = LINE('',#3350,#3351);
#3350 = CARTESIAN_POINT('',(0.,0.));
#3351 = VECTOR('',#3352,1.);
#3352 = DIRECTION('',(1.,0.));
#3353 = ( GEOMETRIC_REPRESENTATION_CONTEXT(2) 
PARAMETRIC_REPRESENTATION_CONTEXT() REPRESENTATION_CONTEXT('2D SPACE',''
  ) );
#3354 = PCURVE('',#3250,#3355);
#3355 = DEFINITIONAL_REPRESENTATION('',(#3356),#3360);
#3356 = LINE('',#3357,#3358);
#3357 = CARTESIAN_POINT('',(0.,-4.));
#3358 = VECTOR('',#3359,1.);
#3359 = DIRECTION('',(1.,0.));
#3360 = ( GEOMETRIC_REPRESENTATION_CONTEXT(2) 
PARAMETRIC_REPRESENTATION_CONTEXT() REPRESENTATION_CONTEXT('2D SPACE',''
  ) );
#3361 = ORIENTED_EDGE('',*,*,#3362,.T.);
#3362 = EDGE_CURVE('',#3340,#3315,#3363,.T.);
#3363 = SURFACE_CURVE('',#3364,(#3368,#3375),.PCURVE_S1.);
#3364 = LINE('',#3365,#3366);
#3365 = CARTESIAN_POINT('',(44.,-22.,28.));
#3366 = VECTOR('',#3367,1.);
#3367 = DIRECTION('',(1.,0.,0.));
#3368 = PCURVE('',#376,#3369);
#3369 = DEFINITIONAL_REPRESENTATION('',(#3370),#3374);
#3370 = LINE('',#3371,#3372);
#3371 = CARTESIAN_POINT('',(24.1,0.));
#3372 = VECTOR('',#3373,1.);
#3373 = DIRECTION('',(0.,1.));
#3374 = ( GEOMETRIC_REPRESENTATION_CONTEXT(2) 
PARAMETRIC_REPRESENTATION_CONTEXT() REPRESENTATION_CONTEXT('2D SPACE',''
  ) );
#3375 = PCURVE('',#3376,#3381);
#3376 = PLANE('',#3377);
#3377 = AXIS2_PLACEMENT_3D('',#3378,#3379,#3380);
#3378 = CARTESIAN_POINT('',(44.,-26.,28.));
#3379 = DIRECTION('',(0.,0.,1.));
#3380 = DIRECTION('',(1.,0.,0.));
#3381 = DEFINITIONAL_REPRESENTATION('',(#3382),#3386);
#3382 = LINE('',#3383,#3384);
#3383 = CARTESIAN_POINT('',(0.,4.));
#3384 = VECTOR('',#3385,1.);
#3385 = DIRECTION('',(1.,0.));
#3386 = ( GEOMETRIC_REPRESENTATION_CONTEXT(2) 
PARAMETRIC_REPRESENTATION_CONTEXT() REPRESENTATION_CONTEXT('2D SPACE',''
  ) );
#3387 = ADVANCED_FACE('',(#3388),#544,.T.);
#3388 = FACE_BOUND('',#3389,.T.);
#3389 = EDGE_LOOP('',(#3390,#3413,#3414,#3437,#3465));
#3390 = ORIENTED_EDGE('',*,*,#3391,.F.);
#3391 = EDGE_CURVE('',#529,#3392,#3394,.T.);
#3392 = VERTEX_POINT('',#3393);
#3393 = CARTESIAN_POINT('',(56.,-6.,28.));
#3394 = SURFACE_CURVE('',#3395,(#3399,#3406),.PCURVE_S1.);
#3395 = LINE('',#3396,#3397);
#3396 = CARTESIAN_POINT('',(56.,-6.,-1.));
#3397 = VECTOR('',#3398,1.);
#3398 = DIRECTION('',(0.,0.,1.));
#3399 = PCURVE('',#544,#3400);
#3400 = DEFINITIONAL_REPRESENTATION('',(#3401),#3405);
#3401 = LINE('',#3402,#3403);
#3402 = CARTESIAN_POINT('',(-4.9,12.));
#3403 = VECTOR('',#3404,1.);
#3404 = DIRECTION('',(1.,0.));
#3405 = ( GEOMETRIC_REPRESENTATION_CONTEXT(2) 
PARAMETRIC_REPRESENTATION_CONTEXT() REPRESENTATION_CONTEXT('2D SPACE',''
  ) );
#3406 = PCURVE('',#460,#3407);
#3407 = DEFINITIONAL_REPRESENTATION('',(#3408),#3412);
#3408 = LINE('',#3409,#3410);
#3409 = CARTESIAN_POINT('',(0.,-11.));
#3410 = VECTOR('',#3411,1.);
#3411 = DIRECTION('',(1.,0.));
#3412 = ( GEOMETRIC_REPRESENTATION_CONTEXT(2) 
PARAMETRIC_REPRESENTATION_CONTEXT() REPRESENTATION_CONTEXT('2D SPACE',''
  ) );
#3413 = ORIENTED_EDGE('',*,*,#528,.F.);
#3414 = ORIENTED_EDGE('',*,*,#3415,.T.);
#3415 = EDGE_CURVE('',#501,#3416,#3418,.T.);
#3416 = VERTEX_POINT('',#3417);
#3417 = CARTESIAN_POINT('',(44.,-6.,18.));
#3418 = SURFACE_CURVE('',#3419,(#3423,#3430),.PCURVE_S1.);
#3419 = LINE('',#3420,#3421);
#3420 = CARTESIAN_POINT('',(34.,-6.,8.));
#3421 = VECTOR('',#3422,1.);
#3422 = DIRECTION('',(0.707106781187,0.,0.707106781187));
#3423 = PCURVE('',#544,#3424);
#3424 = DEFINITIONAL_REPRESENTATION('',(#3425),#3429);
#3425 = LINE('',#3426,#3427);
#3426 = CARTESIAN_POINT('',(4.1,-10.));
#3427 = VECTOR('',#3428,1.);
#3428 = DIRECTION('',(0.707106781187,0.707106781187));
#3429 = ( GEOMETRIC_REPRESENTATION_CONTEXT(2) 
PARAMETRIC_REPRESENTATION_CONTEXT() REPRESENTATION_CONTEXT('2D SPACE',''
  ) );
#3430 = PCURVE('',#516,#3431);
#3431 = DEFINITIONAL_REPRESENTATION('',(#3432),#3436);
#3432 = LINE('',#3433,#3434);
#3433 = CARTESIAN_POINT('',(0.,0.));
#3434 = VECTOR('',#3435,1.);
#3435 = DIRECTION('',(1.,0.));
#3436 = ( GEOMETRIC_REPRESENTATION_CONTEXT(2) 
PARAMETRIC_REPRESENTATION_CONTEXT() REPRESENTATION_CONTEXT('2D SPACE',''
  ) );
#3437 = ORIENTED_EDGE('',*,*,#3438,.T.);
#3438 = EDGE_CURVE('',#3416,#3439,#3441,.T.);
#3439 = VERTEX_POINT('',#3440);
#3440 = CARTESIAN_POINT('',(44.,-6.,28.));
#3441 = SURFACE_CURVE('',#3442,(#3446,#3453),.PCURVE_S1.);
#3442 = LINE('',#3443,#3444);
#3443 = CARTESIAN_POINT('',(44.,-6.,3.9));
#3444 = VECTOR('',#3445,1.);
#3445 = DIRECTION('',(0.,0.,1.));
#3446 = PCURVE('',#544,#3447);
#3447 = DEFINITIONAL_REPRESENTATION('',(#3448),#3452);
#3448 = LINE('',#3449,#3450);
#3449 = CARTESIAN_POINT('',(0.,0.));
#3450 = VECTOR('',#3451,1.);
#3451 = DIRECTION('',(1.,0.));
#3452 = ( GEOMETRIC_REPRESENTATION_CONTEXT(2) 
PARAMETRIC_REPRESENTATION_CONTEXT() REPRESENTATION_CONTEXT('2D SPACE',''
  ) );
#3453 = PCURVE('',#3454,#3459);
#3454 = PLANE('',#3455);
#3455 = AXIS2_PLACEMENT_3D('',#3456,#3457,#3458);
#3456 = CARTESIAN_POINT('',(44.,-10.,3.9));
#3457 = DIRECTION('',(1.,0.,0.));
#3458 = DIRECTION('',(0.,0.,1.));
#3459 = DEFINITIONAL_REPRESENTATION('',(#3460),#3464);
#3460 = LINE('',#3461,#3462);
#3461 = CARTESIAN_POINT('',(0.,-4.));
#3462 = VECTOR('',#3463,1.);
#3463 = DIRECTION('',(1.,0.));
#3464 = ( GEOMETRIC_REPRESENTATION_CONTEXT(2) 
PARAMETRIC_REPRESENTATION_CONTEXT() REPRESENTATION_CONTEXT('2D SPACE',''
  ) );
#3465 = ORIENTED_EDGE('',*,*,#3466,.T.);
#3466 = EDGE_CURVE('',#3439,#3392,#3467,.T.);
#3467 = SURFACE_CURVE('',#3468,(#3472,#3479),.PCURVE_S1.);
#3468 = LINE('',#3469,#3470);
#3469 = CARTESIAN_POINT('',(44.,-6.,28.));
#3470 = VECTOR('',#3471,1.);
#3471 = DIRECTION('',(1.,0.,0.));
#3472 = PCURVE('',#544,#3473);
#3473 = DEFINITIONAL_REPRESENTATION('',(#3474),#3478);
#3474 = LINE('',#3475,#3476);
#3475 = CARTESIAN_POINT('',(24.1,0.));
#3476 = VECTOR('',#3477,1.);
#3477 = DIRECTION('',(0.,1.));
#3478 = ( GEOMETRIC_REPRESENTATION_CONTEXT(2) 
PARAMETRIC_REPRESENTATION_CONTEXT() REPRESENTATION_CONTEXT('2D SPACE',''
  ) );
#3479 = PCURVE('',#3480,#3485);
#3480 = PLANE('',#3481);
#3481 = AXIS2_PLACEMENT_3D('',#3482,#3483,#3484);
#3482 = CARTESIAN_POINT('',(44.,-10.,28.));
#3483 = DIRECTION('',(0.,0.,1.));
#3484 = DIRECTION('',(1.,0.,0.));
#3485 = DEFINITIONAL_REPRESENTATION('',(#3486),#3490);
#3486 = LINE('',#3487,#3488);
#3487 = CARTESIAN_POINT('',(0.,4.));
#3488 = VECTOR('',#3489,1.);
#3489 = DIRECTION('',(1.,0.));
#3490 = ( GEOMETRIC_REPRESENTATION_CONTEXT(2) 
PARAMETRIC_REPRESENTATION_CONTEXT() REPRESENTATION_CONTEXT('2D SPACE',''
  ) );
#3491 = ADVANCED_FACE('',(#3492),#404,.F.);
#3492 = FACE_BOUND('',#3493,.F.);
#3493 = EDGE_LOOP('',(#3494,#3495,#3518,#3546,#3574,#3602,#3623));
#3494 = ORIENTED_EDGE('',*,*,#388,.T.);
#3495 = ORIENTED_EDGE('',*,*,#3496,.T.);
#3496 = EDGE_CURVE('',#389,#3497,#3499,.T.);
#3497 = VERTEX_POINT('',#3498);
#3498 = CARTESIAN_POINT('',(62.,-17.,38.));
#3499 = SURFACE_CURVE('',#3500,(#3504,#3511),.PCURVE_S1.);
#3500 = LINE('',#3501,#3502);
#3501 = CARTESIAN_POINT('',(62.,-17.,3.8));
#3502 = VECTOR('',#3503,1.);
#3503 = DIRECTION('',(0.,0.,1.));
#3504 = PCURVE('',#404,#3505);
#3505 = DEFINITIONAL_REPRESENTATION('',(#3506),#3510);
#3506 = LINE('',#3507,#3508);
#3507 = CARTESIAN_POINT('',(0.,-6.));
#3508 = VECTOR('',#3509,1.);
#3509 = DIRECTION('',(1.,0.));
#3510 = ( GEOMETRIC_REPRESENTATION_CONTEXT(2) 
PARAMETRIC_REPRESENTATION_CONTEXT() REPRESENTATION_CONTEXT('2D SPACE',''
  ) );
#3511 = PCURVE('',#432,#3512);
#3512 = DEFINITIONAL_REPRESENTATION('',(#3513),#3517);
#3513 = LINE('',#3514,#3515);
#3514 = CARTESIAN_POINT('',(4.8,6.));
#3515 = VECTOR('',#3516,1.);
#3516 = DIRECTION('',(1.,0.));
#3517 = ( GEOMETRIC_REPRESENTATION_CONTEXT(2) 
PARAMETRIC_REPRESENTATION_CONTEXT() REPRESENTATION_CONTEXT('2D SPACE',''
  ) );
#3518 = ORIENTED_EDGE('',*,*,#3519,.F.);
#3519 = EDGE_CURVE('',#3520,#3497,#3522,.T.);
#3520 = VERTEX_POINT('',#3521);
#3521 = CARTESIAN_POINT('',(62.,-23.,38.));
#3522 = SURFACE_CURVE('',#3523,(#3527,#3534),.PCURVE_S1.);
#3523 = LINE('',#3524,#3525);
#3524 = CARTESIAN_POINT('',(62.,-23.,38.));
#3525 = VECTOR('',#3526,1.);
#3526 = DIRECTION('',(0.,1.,0.));
#3527 = PCURVE('',#404,#3528);
#3528 = DEFINITIONAL_REPRESENTATION('',(#3529),#3533);
#3529 = LINE('',#3530,#3531);
#3530 = CARTESIAN_POINT('',(34.2,0.));
#3531 = VECTOR('',#3532,1.);
#3532 = DIRECTION('',(0.,-1.));
#3533 = ( GEOMETRIC_REPRESENTATION_CONTEXT(2) 
PARAMETRIC_REPRESENTATION_CONTEXT() REPRESENTATION_CONTEXT('2D SPACE',''
  ) );
#3534 = PCURVE('',#3535,#3540);
#3535 = PLANE('',#3536);
#3536 = AXIS2_PLACEMENT_3D('',#3537,#3538,#3539);
#3537 = CARTESIAN_POINT('',(62.,-23.,38.));
#3538 = DIRECTION('',(0.,0.,1.));
#3539 = DIRECTION('',(1.,0.,0.));
#3540 = DEFINITIONAL_REPRESENTATION('',(#3541),#3545);
#3541 = LINE('',#3542,#3543);
#3542 = CARTESIAN_POINT('',(0.,0.));
#3543 = VECTOR('',#3544,1.);
#3544 = DIRECTION('',(0.,1.));
#3545 = ( GEOMETRIC_REPRESENTATION_CONTEXT(2) 
PARAMETRIC_REPRESENTATION_CONTEXT() REPRESENTATION_CONTEXT('2D SPACE',''
  ) );
#3546 = ORIENTED_EDGE('',*,*,#3547,.F.);
#3547 = EDGE_CURVE('',#3548,#3520,#3550,.T.);
#3548 = VERTEX_POINT('',#3549);
#3549 = CARTESIAN_POINT('',(62.,-23.,34.));
#3550 = SURFACE_CURVE('',#3551,(#3555,#3562),.PCURVE_S1.);
#3551 = LINE('',#3552,#3553);
#3552 = CARTESIAN_POINT('',(62.,-23.,3.8));
#3553 = VECTOR('',#3554,1.);
#3554 = DIRECTION('',(0.,0.,1.));
#3555 = PCURVE('',#404,#3556);
#3556 = DEFINITIONAL_REPRESENTATION('',(#3557),#3561);
#3557 = LINE('',#3558,#3559);
#3558 = CARTESIAN_POINT('',(0.,0.));
#3559 = VECTOR('',#3560,1.);
#3560 = DIRECTION('',(1.,0.));
#3561 = ( GEOMETRIC_REPRESENTATION_CONTEXT(2) 
PARAMETRIC_REPRESENTATION_CONTEXT() REPRESENTATION_CONTEXT('2D SPACE',''
  ) );
#3562 = PCURVE('',#3563,#3568);
#3563 = PLANE('',#3564);
#3564 = AXIS2_PLACEMENT_3D('',#3565,#3566,#3567);
#3565 = CARTESIAN_POINT('',(62.,-23.,3.8));
#3566 = DIRECTION('',(0.,1.,0.));
#3567 = DIRECTION('',(0.,0.,1.));
#3568 = DEFINITIONAL_REPRESENTATION('',(#3569),#3573);
#3569 = LINE('',#3570,#3571);
#3570 = CARTESIAN_POINT('',(0.,0.));
#3571 = VECTOR('',#3572,1.);
#3572 = DIRECTION('',(1.,0.));
#3573 = ( GEOMETRIC_REPRESENTATION_CONTEXT(2) 
PARAMETRIC_REPRESENTATION_CONTEXT() REPRESENTATION_CONTEXT('2D SPACE',''
  ) );
#3574 = ORIENTED_EDGE('',*,*,#3575,.T.);
#3575 = EDGE_CURVE('',#3548,#3576,#3578,.T.);
#3576 = VERTEX_POINT('',#3577);
#3577 = CARTESIAN_POINT('',(62.,-24.4,28.));
#3578 = SURFACE_CURVE('',#3579,(#3583,#3590),.PCURVE_S1.);
#3579 = LINE('',#3580,#3581);
#3580 = CARTESIAN_POINT('',(62.,-23.,34.));
#3581 = VECTOR('',#3582,1.);
#3582 = DIRECTION('',(0.,-0.227229615606,-0.973841209742));
#3583 = PCURVE('',#404,#3584);
#3584 = DEFINITIONAL_REPRESENTATION('',(#3585),#3589);
#3585 = LINE('',#3586,#3587);
#3586 = CARTESIAN_POINT('',(30.2,0.));
#3587 = VECTOR('',#3588,1.);
#3588 = DIRECTION('',(-0.973841209742,0.227229615606));
#3589 = ( GEOMETRIC_REPRESENTATION_CONTEXT(2) 
PARAMETRIC_REPRESENTATION_CONTEXT() REPRESENTATION_CONTEXT('2D SPACE',''
  ) );
#3590 = PCURVE('',#3591,#3596);
#3591 = PLANE('',#3592);
#3592 = AXIS2_PLACEMENT_3D('',#3593,#3594,#3595);
#3593 = CARTESIAN_POINT('',(62.,-23.,34.));
#3594 = DIRECTION('',(0.,0.973841209742,-0.227229615606));
#3595 = DIRECTION('',(0.,-0.227229615606,-0.973841209742));
#3596 = DEFINITIONAL_REPRESENTATION('',(#3597),#3601);
#3597 = LINE('',#3598,#3599);
#3598 = CARTESIAN_POINT('',(0.,0.));
#3599 = VECTOR('',#3600,1.);
#3600 = DIRECTION('',(1.,-0.));
#3601 = ( GEOMETRIC_REPRESENTATION_CONTEXT(2) 
PARAMETRIC_REPRESENTATION_CONTEXT() REPRESENTATION_CONTEXT('2D SPACE',''
  ) );
#3602 = ORIENTED_EDGE('',*,*,#3603,.T.);
#3603 = EDGE_CURVE('',#3576,#3315,#3604,.T.);
#3604 = SURFACE_CURVE('',#3605,(#3609,#3616),.PCURVE_S1.);
#3605 = LINE('',#3606,#3607);
#3606 = CARTESIAN_POINT('',(62.,-24.5,28.));
#3607 = VECTOR('',#3608,1.);
#3608 = DIRECTION('',(0.,1.,0.));
#3609 = PCURVE('',#404,#3610);
#3610 = DEFINITIONAL_REPRESENTATION('',(#3611),#3615);
#3611 = LINE('',#3612,#3613);
#3612 = CARTESIAN_POINT('',(24.2,1.5));
#3613 = VECTOR('',#3614,1.);
#3614 = DIRECTION('',(0.,-1.));
#3615 = ( GEOMETRIC_REPRESENTATION_CONTEXT(2) 
PARAMETRIC_REPRESENTATION_CONTEXT() REPRESENTATION_CONTEXT('2D SPACE',''
  ) );
#3616 = PCURVE('',#3376,#3617);
#3617 = DEFINITIONAL_REPRESENTATION('',(#3618),#3622);
#3618 = LINE('',#3619,#3620);
#3619 = CARTESIAN_POINT('',(18.,1.5));
#3620 = VECTOR('',#3621,1.);
#3621 = DIRECTION('',(0.,1.));
#3622 = ( GEOMETRIC_REPRESENTATION_CONTEXT(2) 
PARAMETRIC_REPRESENTATION_CONTEXT() REPRESENTATION_CONTEXT('2D SPACE',''
  ) );
#3623 = ORIENTED_EDGE('',*,*,#3314,.T.);
#3624 = ADVANCED_FACE('',(#3625),#516,.T.);
#3625 = FACE_BOUND('',#3626,.T.);
#3626 = EDGE_LOOP('',(#3627,#3628,#3629,#3652));
#3627 = ORIENTED_EDGE('',*,*,#3415,.F.);
#3628 = ORIENTED_EDGE('',*,*,#500,.T.);
#3629 = ORIENTED_EDGE('',*,*,#3630,.T.);
#3630 = EDGE_CURVE('',#473,#3631,#3633,.T.);
#3631 = VERTEX_POINT('',#3632);
#3632 = CARTESIAN_POINT('',(44.,-10.,18.));
#3633 = SURFACE_CURVE('',#3634,(#3638,#3645),.PCURVE_S1.);
#3634 = LINE('',#3635,#3636);
#3635 = CARTESIAN_POINT('',(34.,-10.,8.));
#3636 = VECTOR('',#3637,1.);
#3637 = DIRECTION('',(0.707106781187,0.,0.707106781187));
#3638 = PCURVE('',#516,#3639);
#3639 = DEFINITIONAL_REPRESENTATION('',(#3640),#3644);
#3640 = LINE('',#3641,#3642);
#3641 = CARTESIAN_POINT('',(0.,-4.));
#3642 = VECTOR('',#3643,1.);
#3643 = DIRECTION('',(1.,0.));
#3644 = ( GEOMETRIC_REPRESENTATION_CONTEXT(2) 
PARAMETRIC_REPRESENTATION_CONTEXT() REPRESENTATION_CONTEXT('2D SPACE',''
  ) );
#3645 = PCURVE('',#488,#3646);
#3646 = DEFINITIONAL_REPRESENTATION('',(#3647),#3651);
#3647 = LINE('',#3648,#3649);
#3648 = CARTESIAN_POINT('',(-7.784774720595,-18.42893218813));
#3649 = VECTOR('',#3650,1.);
#3650 = DIRECTION('',(0.707106781187,0.707106781187));
#3651 = ( GEOMETRIC_REPRESENTATION_CONTEXT(2) 
PARAMETRIC_REPRESENTATION_CONTEXT() REPRESENTATION_CONTEXT('2D SPACE',''
  ) );
#3652 = ORIENTED_EDGE('',*,*,#3653,.F.);
#3653 = EDGE_CURVE('',#3416,#3631,#3654,.T.);
#3654 = SURFACE_CURVE('',#3655,(#3659,#3666),.PCURVE_S1.);
#3655 = LINE('',#3656,#3657);
#3656 = CARTESIAN_POINT('',(44.,-8.,18.));
#3657 = VECTOR('',#3658,1.);
#3658 = DIRECTION('',(0.,-1.,0.));
#3659 = PCURVE('',#516,#3660);
#3660 = DEFINITIONAL_REPRESENTATION('',(#3661),#3665);
#3661 = LINE('',#3662,#3663);
#3662 = CARTESIAN_POINT('',(14.142135623731,-2.));
#3663 = VECTOR('',#3664,1.);
#3664 = DIRECTION('',(0.,-1.));
#3665 = ( GEOMETRIC_REPRESENTATION_CONTEXT(2) 
PARAMETRIC_REPRESENTATION_CONTEXT() REPRESENTATION_CONTEXT('2D SPACE',''
  ) );
#3666 = PCURVE('',#3454,#3667);
#3667 = DEFINITIONAL_REPRESENTATION('',(#3668),#3672);
#3668 = LINE('',#3669,#3670);
#3669 = CARTESIAN_POINT('',(14.1,-2.));
#3670 = VECTOR('',#3671,1.);
#3671 = DIRECTION('',(0.,1.));
#3672 = ( GEOMETRIC_REPRESENTATION_CONTEXT(2) 
PARAMETRIC_REPRESENTATION_CONTEXT() REPRESENTATION_CONTEXT('2D SPACE',''
  ) );
#3673 = ADVANCED_FACE('',(#3674,#3773,#3889),#432,.T.);
#3674 = FACE_BOUND('',#3675,.T.);
#3675 = EDGE_LOOP('',(#3676,#3701,#3722,#3723,#3724,#3747));
#3676 = ORIENTED_EDGE('',*,*,#3677,.T.);
#3677 = EDGE_CURVE('',#3678,#3680,#3682,.T.);
#3678 = VERTEX_POINT('',#3679);
#3679 = CARTESIAN_POINT('',(132.,-17.,0.));
#3680 = VERTEX_POINT('',#3681);
#3681 = CARTESIAN_POINT('',(56.,-17.,0.));
#3682 = SURFACE_CURVE('',#3683,(#3687,#3694),.PCURVE_S1.);
#3683 = LINE('',#3684,#3685);
#3684 = CARTESIAN_POINT('',(43.,-17.,0.));
#3685 = VECTOR('',#3686,1.);
#3686 = DIRECTION('',(-1.,0.,0.));
#3687 = PCURVE('',#432,#3688);
#3688 = DEFINITIONAL_REPRESENTATION('',(#3689),#3693);
#3689 = LINE('',#3690,#3691);
#3690 = CARTESIAN_POINT('',(1.,-13.));
#3691 = VECTOR('',#3692,1.);
#3692 = DIRECTION('',(0.,-1.));
#3693 = ( GEOMETRIC_REPRESENTATION_CONTEXT(2) 
PARAMETRIC_REPRESENTATION_CONTEXT() REPRESENTATION_CONTEXT('2D SPACE',''
  ) );
#3694 = PCURVE('',#1797,#3695);
#3695 = DEFINITIONAL_REPRESENTATION('',(#3696),#3700);
#3696 = LINE('',#3697,#3698);
#3697 = CARTESIAN_POINT('',(-47.,-17.));
#3698 = VECTOR('',#3699,1.);
#3699 = DIRECTION('',(-1.110223024625E-16,1.));
#3700 = ( GEOMETRIC_REPRESENTATION_CONTEXT(2) 
PARAMETRIC_REPRESENTATION_CONTEXT() REPRESENTATION_CONTEXT('2D SPACE',''
  ) );
#3701 = ORIENTED_EDGE('',*,*,#3702,.T.);
#3702 = EDGE_CURVE('',#3680,#417,#3703,.T.);
#3703 = SURFACE_CURVE('',#3704,(#3708,#3715),.PCURVE_S1.);
#3704 = LINE('',#3705,#3706);
#3705 = CARTESIAN_POINT('',(56.,-17.,-1.));
#3706 = VECTOR('',#3707,1.);
#3707 = DIRECTION('',(0.,0.,1.));
#3708 = PCURVE('',#432,#3709);
#3709 = DEFINITIONAL_REPRESENTATION('',(#3710),#3714);
#3710 = LINE('',#3711,#3712);
#3711 = CARTESIAN_POINT('',(0.,0.));
#3712 = VECTOR('',#3713,1.);
#3713 = DIRECTION('',(1.,0.));
#3714 = ( GEOMETRIC_REPRESENTATION_CONTEXT(2) 
PARAMETRIC_REPRESENTATION_CONTEXT() REPRESENTATION_CONTEXT('2D SPACE',''
  ) );
#3715 = PCURVE('',#460,#3716);
#3716 = DEFINITIONAL_REPRESENTATION('',(#3717),#3721);
#3717 = LINE('',#3718,#3719);
#3718 = CARTESIAN_POINT('',(0.,0.));
#3719 = VECTOR('',#3720,1.);
#3720 = DIRECTION('',(1.,0.));
#3721 = ( GEOMETRIC_REPRESENTATION_CONTEXT(2) 
PARAMETRIC_REPRESENTATION_CONTEXT() REPRESENTATION_CONTEXT('2D SPACE',''
  ) );
#3722 = ORIENTED_EDGE('',*,*,#416,.F.);
#3723 = ORIENTED_EDGE('',*,*,#3496,.T.);
#3724 = ORIENTED_EDGE('',*,*,#3725,.T.);
#3725 = EDGE_CURVE('',#3497,#3726,#3728,.T.);
#3726 = VERTEX_POINT('',#3727);
#3727 = CARTESIAN_POINT('',(132.,-17.,38.));
#3728 = SURFACE_CURVE('',#3729,(#3733,#3740),.PCURVE_S1.);
#3729 = LINE('',#3730,#3731);
#3730 = CARTESIAN_POINT('',(62.,-17.,38.));
#3731 = VECTOR('',#3732,1.);
#3732 = DIRECTION('',(1.,0.,0.));
#3733 = PCURVE('',#432,#3734);
#3734 = DEFINITIONAL_REPRESENTATION('',(#3735),#3739);
#3735 = LINE('',#3736,#3737);
#3736 = CARTESIAN_POINT('',(39.,6.));
#3737 = VECTOR('',#3738,1.);
#3738 = DIRECTION('',(0.,1.));
#3739 = ( GEOMETRIC_REPRESENTATION_CONTEXT(2) 
PARAMETRIC_REPRESENTATION_CONTEXT() REPRESENTATION_CONTEXT('2D SPACE',''
  ) );
#3740 = PCURVE('',#3535,#3741);
#3741 = DEFINITIONAL_REPRESENTATION('',(#3742),#3746);
#3742 = LINE('',#3743,#3744);
#3743 = CARTESIAN_POINT('',(0.,6.));
#3744 = VECTOR('',#3745,1.);
#3745 = DIRECTION('',(1.,0.));
#3746 = ( GEOMETRIC_REPRESENTATION_CONTEXT(2) 
PARAMETRIC_REPRESENTATION_CONTEXT() REPRESENTATION_CONTEXT('2D SPACE',''
  ) );
#3747 = ORIENTED_EDGE('',*,*,#3748,.F.);
#3748 = EDGE_CURVE('',#3678,#3726,#3749,.T.);
#3749 = SURFACE_CURVE('',#3750,(#3754,#3761),.PCURVE_S1.);
#3750 = LINE('',#3751,#3752);
#3751 = CARTESIAN_POINT('',(132.,-17.,0.));
#3752 = VECTOR('',#3753,1.);
#3753 = DIRECTION('',(0.,0.,1.));
#3754 = PCURVE('',#432,#3755);
#3755 = DEFINITIONAL_REPRESENTATION('',(#3756),#3760);
#3756 = LINE('',#3757,#3758);
#3757 = CARTESIAN_POINT('',(1.,76.));
#3758 = VECTOR('',#3759,1.);
#3759 = DIRECTION('',(1.,0.));
#3760 = ( GEOMETRIC_REPRESENTATION_CONTEXT(2) 
PARAMETRIC_REPRESENTATION_CONTEXT() REPRESENTATION_CONTEXT('2D SPACE',''
  ) );
#3761 = PCURVE('',#3762,#3767);
#3762 = PLANE('',#3763);
#3763 = AXIS2_PLACEMENT_3D('',#3764,#3765,#3766);
#3764 = CARTESIAN_POINT('',(132.,-26.,0.));
#3765 = DIRECTION('',(1.,0.,0.));
#3766 = DIRECTION('',(0.,0.,1.));
#3767 = DEFINITIONAL_REPRESENTATION('',(#3768),#3772);
#3768 = LINE('',#3769,#3770);
#3769 = CARTESIAN_POINT('',(0.,-9.));
#3770 = VECTOR('',#3771,1.);
#3771 = DIRECTION('',(1.,0.));
#3772 = ( GEOMETRIC_REPRESENTATION_CONTEXT(2) 
PARAMETRIC_REPRESENTATION_CONTEXT() REPRESENTATION_CONTEXT('2D SPACE',''
  ) );
#3773 = FACE_BOUND('',#3774,.T.);
#3774 = EDGE_LOOP('',(#3775,#3806,#3834,#3863));
#3775 = ORIENTED_EDGE('',*,*,#3776,.F.);
#3776 = EDGE_CURVE('',#3777,#3779,#3781,.T.);
#3777 = VERTEX_POINT('',#3778);
#3778 = CARTESIAN_POINT('',(99.3,-17.,17.7));
#3779 = VERTEX_POINT('',#3780);
#3780 = CARTESIAN_POINT('',(99.3,-17.,22.3));
#3781 = SURFACE_CURVE('',#3782,(#3787,#3794),.PCURVE_S1.);
#3782 = CIRCLE('',#3783,2.3);
#3783 = AXIS2_PLACEMENT_3D('',#3784,#3785,#3786);
#3784 = CARTESIAN_POINT('',(99.3,-17.,20.));
#3785 = DIRECTION('',(0.,1.,0.));
#3786 = DIRECTION('',(0.,0.,-1.));
#3787 = PCURVE('',#432,#3788);
#3788 = DEFINITIONAL_REPRESENTATION('',(#3789),#3793);
#3789 = CIRCLE('',#3790,2.3);
#3790 = AXIS2_PLACEMENT_2D('',#3791,#3792);
#3791 = CARTESIAN_POINT('',(21.,43.3));
#3792 = DIRECTION('',(-1.,0.));
#3793 = ( GEOMETRIC_REPRESENTATION_CONTEXT(2) 
PARAMETRIC_REPRESENTATION_CONTEXT() REPRESENTATION_CONTEXT('2D SPACE',''
  ) );
#3794 = PCURVE('',#3795,#3800);
#3795 = CYLINDRICAL_SURFACE('',#3796,2.3);
#3796 = AXIS2_PLACEMENT_3D('',#3797,#3798,#3799);
#3797 = CARTESIAN_POINT('',(99.3,-16.,20.));
#3798 = DIRECTION('',(0.,1.,0.));
#3799 = DIRECTION('',(0.,0.,-1.));
#3800 = DEFINITIONAL_REPRESENTATION('',(#3801),#3805);
#3801 = LINE('',#3802,#3803);
#3802 = CARTESIAN_POINT('',(0.,-1.));
#3803 = VECTOR('',#3804,1.);
#3804 = DIRECTION('',(1.,0.));
#3805 = ( GEOMETRIC_REPRESENTATION_CONTEXT(2) 
PARAMETRIC_REPRESENTATION_CONTEXT() REPRESENTATION_CONTEXT('2D SPACE',''
  ) );
#3806 = ORIENTED_EDGE('',*,*,#3807,.F.);
#3807 = EDGE_CURVE('',#3808,#3777,#3810,.T.);
#3808 = VERTEX_POINT('',#3809);
#3809 = CARTESIAN_POINT('',(120.7,-17.,17.7));
#3810 = SURFACE_CURVE('',#3811,(#3815,#3822),.PCURVE_S1.);
#3811 = LINE('',#3812,#3813);
#3812 = CARTESIAN_POINT('',(91.35,-17.,17.7));
#3813 = VECTOR('',#3814,1.);
#3814 = DIRECTION('',(-1.,0.,0.));
#3815 = PCURVE('',#432,#3816);
#3816 = DEFINITIONAL_REPRESENTATION('',(#3817),#3821);
#3817 = LINE('',#3818,#3819);
#3818 = CARTESIAN_POINT('',(18.7,35.35));
#3819 = VECTOR('',#3820,1.);
#3820 = DIRECTION('',(0.,-1.));
#3821 = ( GEOMETRIC_REPRESENTATION_CONTEXT(2) 
PARAMETRIC_REPRESENTATION_CONTEXT() REPRESENTATION_CONTEXT('2D SPACE',''
  ) );
#3822 = PCURVE('',#3823,#3828);
#3823 = PLANE('',#3824);
#3824 = AXIS2_PLACEMENT_3D('',#3825,#3826,#3827);
#3825 = CARTESIAN_POINT('',(120.7,-16.,17.7));
#3826 = DIRECTION('',(-0.,-0.,-1.));
#3827 = DIRECTION('',(-1.,0.,0.));
#3828 = DEFINITIONAL_REPRESENTATION('',(#3829),#3833);
#3829 = LINE('',#3830,#3831);
#3830 = CARTESIAN_POINT('',(29.35,-1.));
#3831 = VECTOR('',#3832,1.);
#3832 = DIRECTION('',(1.,0.));
#3833 = ( GEOMETRIC_REPRESENTATION_CONTEXT(2) 
PARAMETRIC_REPRESENTATION_CONTEXT() REPRESENTATION_CONTEXT('2D SPACE',''
  ) );
#3834 = ORIENTED_EDGE('',*,*,#3835,.F.);
#3835 = EDGE_CURVE('',#3836,#3808,#3838,.T.);
#3836 = VERTEX_POINT('',#3837);
#3837 = CARTESIAN_POINT('',(120.7,-17.,22.3));
#3838 = SURFACE_CURVE('',#3839,(#3844,#3851),.PCURVE_S1.);
#3839 = CIRCLE('',#3840,2.3);
#3840 = AXIS2_PLACEMENT_3D('',#3841,#3842,#3843);
#3841 = CARTESIAN_POINT('',(120.7,-17.,20.));
#3842 = DIRECTION('',(0.,1.,0.));
#3843 = DIRECTION('',(0.,0.,1.));
#3844 = PCURVE('',#432,#3845);
#3845 = DEFINITIONAL_REPRESENTATION('',(#3846),#3850);
#3846 = CIRCLE('',#3847,2.3);
#3847 = AXIS2_PLACEMENT_2D('',#3848,#3849);
#3848 = CARTESIAN_POINT('',(21.,64.7));
#3849 = DIRECTION('',(1.,0.));
#3850 = ( GEOMETRIC_REPRESENTATION_CONTEXT(2) 
PARAMETRIC_REPRESENTATION_CONTEXT() REPRESENTATION_CONTEXT('2D SPACE',''
  ) );
#3851 = PCURVE('',#3852,#3857);
#3852 = CYLINDRICAL_SURFACE('',#3853,2.3);
#3853 = AXIS2_PLACEMENT_3D('',#3854,#3855,#3856);
#3854 = CARTESIAN_POINT('',(120.7,-16.,20.));
#3855 = DIRECTION('',(0.,1.,0.));
#3856 = DIRECTION('',(0.,0.,1.));
#3857 = DEFINITIONAL_REPRESENTATION('',(#3858),#3862);
#3858 = LINE('',#3859,#3860);
#3859 = CARTESIAN_POINT('',(0.,-1.));
#3860 = VECTOR('',#3861,1.);
#3861 = DIRECTION('',(1.,0.));
#3862 = ( GEOMETRIC_REPRESENTATION_CONTEXT(2) 
PARAMETRIC_REPRESENTATION_CONTEXT() REPRESENTATION_CONTEXT('2D SPACE',''
  ) );
#3863 = ORIENTED_EDGE('',*,*,#3864,.F.);
#3864 = EDGE_CURVE('',#3779,#3836,#3865,.T.);
#3865 = SURFACE_CURVE('',#3866,(#3870,#3877),.PCURVE_S1.);
#3866 = LINE('',#3867,#3868);
#3867 = CARTESIAN_POINT('',(80.65,-17.,22.3));
#3868 = VECTOR('',#3869,1.);
#3869 = DIRECTION('',(1.,0.,0.));
#3870 = PCURVE('',#432,#3871);
#3871 = DEFINITIONAL_REPRESENTATION('',(#3872),#3876);
#3872 = LINE('',#3873,#3874);
#3873 = CARTESIAN_POINT('',(23.3,24.65));
#3874 = VECTOR('',#3875,1.);
#3875 = DIRECTION('',(0.,1.));
#3876 = ( GEOMETRIC_REPRESENTATION_CONTEXT(2) 
PARAMETRIC_REPRESENTATION_CONTEXT() REPRESENTATION_CONTEXT('2D SPACE',''
  ) );
#3877 = PCURVE('',#3878,#3883);
#3878 = PLANE('',#3879);
#3879 = AXIS2_PLACEMENT_3D('',#3880,#3881,#3882);
#3880 = CARTESIAN_POINT('',(99.3,-16.,22.3));
#3881 = DIRECTION('',(0.,0.,1.));
#3882 = DIRECTION('',(1.,0.,0.));
#3883 = DEFINITIONAL_REPRESENTATION('',(#3884),#3888);
#3884 = LINE('',#3885,#3886);
#3885 = CARTESIAN_POINT('',(-18.65,-1.));
#3886 = VECTOR('',#3887,1.);
#3887 = DIRECTION('',(1.,0.));
#3888 = ( GEOMETRIC_REPRESENTATION_CONTEXT(2) 
PARAMETRIC_REPRESENTATION_CONTEXT() REPRESENTATION_CONTEXT('2D SPACE',''
  ) );
#3889 = FACE_BOUND('',#3890,.T.);
#3890 = EDGE_LOOP('',(#3891,#3921,#3950,#3978));
#3891 = ORIENTED_EDGE('',*,*,#3892,.F.);
#3892 = EDGE_CURVE('',#3893,#3895,#3897,.T.);
#3893 = VERTEX_POINT('',#3894);
#3894 = CARTESIAN_POINT('',(69.3,-17.,22.3));
#3895 = VERTEX_POINT('',#3896);
#3896 = CARTESIAN_POINT('',(90.7,-17.,22.3));
#3897 = SURFACE_CURVE('',#3898,(#3902,#3909),.PCURVE_S1.);
#3898 = LINE('',#3899,#3900);
#3899 = CARTESIAN_POINT('',(65.65,-17.,22.3));
#3900 = VECTOR('',#3901,1.);
#3901 = DIRECTION('',(1.,0.,0.));
#3902 = PCURVE('',#432,#3903);
#3903 = DEFINITIONAL_REPRESENTATION('',(#3904),#3908);
#3904 = LINE('',#3905,#3906);
#3905 = CARTESIAN_POINT('',(23.3,9.65));
#3906 = VECTOR('',#3907,1.);
#3907 = DIRECTION('',(0.,1.));
#3908 = ( GEOMETRIC_REPRESENTATION_CONTEXT(2) 
PARAMETRIC_REPRESENTATION_CONTEXT() REPRESENTATION_CONTEXT('2D SPACE',''
  ) );
#3909 = PCURVE('',#3910,#3915);
#3910 = PLANE('',#3911);
#3911 = AXIS2_PLACEMENT_3D('',#3912,#3913,#3914);
#3912 = CARTESIAN_POINT('',(69.3,-16.,22.3));
#3913 = DIRECTION('',(0.,0.,1.));
#3914 = DIRECTION('',(1.,0.,0.));
#3915 = DEFINITIONAL_REPRESENTATION('',(#3916),#3920);
#3916 = LINE('',#3917,#3918);
#3917 = CARTESIAN_POINT('',(-3.65,-1.));
#3918 = VECTOR('',#3919,1.);
#3919 = DIRECTION('',(1.,0.));
#3920 = ( GEOMETRIC_REPRESENTATION_CONTEXT(2) 
PARAMETRIC_REPRESENTATION_CONTEXT() REPRESENTATION_CONTEXT('2D SPACE',''
  ) );
#3921 = ORIENTED_EDGE('',*,*,#3922,.F.);
#3922 = EDGE_CURVE('',#3923,#3893,#3925,.T.);
#3923 = VERTEX_POINT('',#3924);
#3924 = CARTESIAN_POINT('',(69.3,-17.,17.7));
#3925 = SURFACE_CURVE('',#3926,(#3931,#3938),.PCURVE_S1.);
#3926 = CIRCLE('',#3927,2.3);
#3927 = AXIS2_PLACEMENT_3D('',#3928,#3929,#3930);
#3928 = CARTESIAN_POINT('',(69.3,-17.,20.));
#3929 = DIRECTION('',(0.,1.,0.));
#3930 = DIRECTION('',(0.,0.,-1.));
#3931 = PCURVE('',#432,#3932);
#3932 = DEFINITIONAL_REPRESENTATION('',(#3933),#3937);
#3933 = CIRCLE('',#3934,2.3);
#3934 = AXIS2_PLACEMENT_2D('',#3935,#3936);
#3935 = CARTESIAN_POINT('',(21.,13.3));
#3936 = DIRECTION('',(-1.,0.));
#3937 = ( GEOMETRIC_REPRESENTATION_CONTEXT(2) 
PARAMETRIC_REPRESENTATION_CONTEXT() REPRESENTATION_CONTEXT('2D SPACE',''
  ) );
#3938 = PCURVE('',#3939,#3944);
#3939 = CYLINDRICAL_SURFACE('',#3940,2.3);
#3940 = AXIS2_PLACEMENT_3D('',#3941,#3942,#3943);
#3941 = CARTESIAN_POINT('',(69.3,-16.,20.));
#3942 = DIRECTION('',(0.,1.,0.));
#3943 = DIRECTION('',(0.,0.,-1.));
#3944 = DEFINITIONAL_REPRESENTATION('',(#3945),#3949);
#3945 = LINE('',#3946,#3947);
#3946 = CARTESIAN_POINT('',(0.,-1.));
#3947 = VECTOR('',#3948,1.);
#3948 = DIRECTION('',(1.,0.));
#3949 = ( GEOMETRIC_REPRESENTATION_CONTEXT(2) 
PARAMETRIC_REPRESENTATION_CONTEXT() REPRESENTATION_CONTEXT('2D SPACE',''
  ) );
#3950 = ORIENTED_EDGE('',*,*,#3951,.F.);
#3951 = EDGE_CURVE('',#3952,#3923,#3954,.T.);
#3952 = VERTEX_POINT('',#3953);
#3953 = CARTESIAN_POINT('',(90.7,-17.,17.7));
#3954 = SURFACE_CURVE('',#3955,(#3959,#3966),.PCURVE_S1.);
#3955 = LINE('',#3956,#3957);
#3956 = CARTESIAN_POINT('',(76.35,-17.,17.7));
#3957 = VECTOR('',#3958,1.);
#3958 = DIRECTION('',(-1.,0.,0.));
#3959 = PCURVE('',#432,#3960);
#3960 = DEFINITIONAL_REPRESENTATION('',(#3961),#3965);
#3961 = LINE('',#3962,#3963);
#3962 = CARTESIAN_POINT('',(18.7,20.35));
#3963 = VECTOR('',#3964,1.);
#3964 = DIRECTION('',(0.,-1.));
#3965 = ( GEOMETRIC_REPRESENTATION_CONTEXT(2) 
PARAMETRIC_REPRESENTATION_CONTEXT() REPRESENTATION_CONTEXT('2D SPACE',''
  ) );
#3966 = PCURVE('',#3967,#3972);
#3967 = PLANE('',#3968);
#3968 = AXIS2_PLACEMENT_3D('',#3969,#3970,#3971);
#3969 = CARTESIAN_POINT('',(90.7,-16.,17.7));
#3970 = DIRECTION('',(-0.,-0.,-1.));
#3971 = DIRECTION('',(-1.,0.,0.));
#3972 = DEFINITIONAL_REPRESENTATION('',(#3973),#3977);
#3973 = LINE('',#3974,#3975);
#3974 = CARTESIAN_POINT('',(14.35,-1.));
#3975 = VECTOR('',#3976,1.);
#3976 = DIRECTION('',(1.,0.));
#3977 = ( GEOMETRIC_REPRESENTATION_CONTEXT(2) 
PARAMETRIC_REPRESENTATION_CONTEXT() REPRESENTATION_CONTEXT('2D SPACE',''
  ) );
#3978 = ORIENTED_EDGE('',*,*,#3979,.F.);
#3979 = EDGE_CURVE('',#3895,#3952,#3980,.T.);
#3980 = SURFACE_CURVE('',#3981,(#3986,#3993),.PCURVE_S1.);
#3981 = CIRCLE('',#3982,2.3);
#3982 = AXIS2_PLACEMENT_3D('',#3983,#3984,#3985);
#3983 = CARTESIAN_POINT('',(90.7,-17.,20.));
#3984 = DIRECTION('',(0.,1.,0.));
#3985 = DIRECTION('',(0.,0.,1.));
#3986 = PCURVE('',#432,#3987);
#3987 = DEFINITIONAL_REPRESENTATION('',(#3988),#3992);
#3988 = CIRCLE('',#3989,2.3);
#3989 = AXIS2_PLACEMENT_2D('',#3990,#3991);
#3990 = CARTESIAN_POINT('',(21.,34.7));
#3991 = DIRECTION('',(1.,0.));
#3992 = ( GEOMETRIC_REPRESENTATION_CONTEXT(2) 
PARAMETRIC_REPRESENTATION_CONTEXT() REPRESENTATION_CONTEXT('2D SPACE',''
  ) );
#3993 = PCURVE('',#3994,#3999);
#3994 = CYLINDRICAL_SURFACE('',#3995,2.3);
#3995 = AXIS2_PLACEMENT_3D('',#3996,#3997,#3998);
#3996 = CARTESIAN_POINT('',(90.7,-16.,20.));
#3997 = DIRECTION('',(0.,1.,0.));
#3998 = DIRECTION('',(0.,0.,1.));
#3999 = DEFINITIONAL_REPRESENTATION('',(#4000),#4004);
#4000 = LINE('',#4001,#4002);
#4001 = CARTESIAN_POINT('',(0.,-1.));
#4002 = VECTOR('',#4003,1.);
#4003 = DIRECTION('',(1.,0.));
#4004 = ( GEOMETRIC_REPRESENTATION_CONTEXT(2) 
PARAMETRIC_REPRESENTATION_CONTEXT() REPRESENTATION_CONTEXT('2D SPACE',''
  ) );
#4005 = ADVANCED_FACE('',(#4006),#488,.F.);
#4006 = FACE_BOUND('',#4007,.F.);
#4007 = EDGE_LOOP('',(#4008,#4009,#4010,#4033,#4056));
#4008 = ORIENTED_EDGE('',*,*,#472,.T.);
#4009 = ORIENTED_EDGE('',*,*,#3630,.T.);
#4010 = ORIENTED_EDGE('',*,*,#4011,.T.);
#4011 = EDGE_CURVE('',#3631,#4012,#4014,.T.);
#4012 = VERTEX_POINT('',#4013);
#4013 = CARTESIAN_POINT('',(44.,-10.,28.));
#4014 = SURFACE_CURVE('',#4015,(#4019,#4026),.PCURVE_S1.);
#4015 = LINE('',#4016,#4017);
#4016 = CARTESIAN_POINT('',(44.,-10.,3.9));
#4017 = VECTOR('',#4018,1.);
#4018 = DIRECTION('',(0.,0.,1.));
#4019 = PCURVE('',#488,#4020);
#4020 = DEFINITIONAL_REPRESENTATION('',(#4021),#4025);
#4021 = LINE('',#4022,#4023);
#4022 = CARTESIAN_POINT('',(-11.88477472059,-8.428932188135));
#4023 = VECTOR('',#4024,1.);
#4024 = DIRECTION('',(1.,0.));
#4025 = ( GEOMETRIC_REPRESENTATION_CONTEXT(2) 
PARAMETRIC_REPRESENTATION_CONTEXT() REPRESENTATION_CONTEXT('2D SPACE',''
  ) );
#4026 = PCURVE('',#3454,#4027);
#4027 = DEFINITIONAL_REPRESENTATION('',(#4028),#4032);
#4028 = LINE('',#4029,#4030);
#4029 = CARTESIAN_POINT('',(0.,0.));
#4030 = VECTOR('',#4031,1.);
#4031 = DIRECTION('',(1.,0.));
#4032 = ( GEOMETRIC_REPRESENTATION_CONTEXT(2) 
PARAMETRIC_REPRESENTATION_CONTEXT() REPRESENTATION_CONTEXT('2D SPACE',''
  ) );
#4033 = ORIENTED_EDGE('',*,*,#4034,.F.);
#4034 = EDGE_CURVE('',#4035,#4012,#4037,.T.);
#4035 = VERTEX_POINT('',#4036);
#4036 = CARTESIAN_POINT('',(56.,-10.,28.));
#4037 = SURFACE_CURVE('',#4038,(#4042,#4049),.PCURVE_S1.);
#4038 = LINE('',#4039,#4040);
#4039 = CARTESIAN_POINT('',(65.,-10.,28.));
#4040 = VECTOR('',#4041,1.);
#4041 = DIRECTION('',(-1.,0.,0.));
#4042 = PCURVE('',#488,#4043);
#4043 = DEFINITIONAL_REPRESENTATION('',(#4044),#4048);
#4044 = LINE('',#4045,#4046);
#4045 = CARTESIAN_POINT('',(12.215225279405,12.571067811865));
#4046 = VECTOR('',#4047,1.);
#4047 = DIRECTION('',(0.,-1.));
#4048 = ( GEOMETRIC_REPRESENTATION_CONTEXT(2) 
PARAMETRIC_REPRESENTATION_CONTEXT() REPRESENTATION_CONTEXT('2D SPACE',''
  ) );
#4049 = PCURVE('',#3480,#4050);
#4050 = DEFINITIONAL_REPRESENTATION('',(#4051),#4055);
#4051 = LINE('',#4052,#4053);
#4052 = CARTESIAN_POINT('',(21.,0.));
#4053 = VECTOR('',#4054,1.);
#4054 = DIRECTION('',(-1.,0.));
#4055 = ( GEOMETRIC_REPRESENTATION_CONTEXT(2) 
PARAMETRIC_REPRESENTATION_CONTEXT() REPRESENTATION_CONTEXT('2D SPACE',''
  ) );
#4056 = ORIENTED_EDGE('',*,*,#4057,.T.);
#4057 = EDGE_CURVE('',#4035,#445,#4058,.T.);
#4058 = SURFACE_CURVE('',#4059,(#4063,#4070),.PCURVE_S1.);
#4059 = LINE('',#4060,#4061);
#4060 = CARTESIAN_POINT('',(56.,-10.,7.392387360298));
#4061 = VECTOR('',#4062,1.);
#4062 = DIRECTION('',(0.,0.,-1.));
#4063 = PCURVE('',#488,#4064);
#4064 = DEFINITIONAL_REPRESENTATION('',(#4065),#4069);
#4065 = LINE('',#4066,#4067);
#4066 = CARTESIAN_POINT('',(-8.392387360298,3.571067811865));
#4067 = VECTOR('',#4068,1.);
#4068 = DIRECTION('',(-1.,0.));
#4069 = ( GEOMETRIC_REPRESENTATION_CONTEXT(2) 
PARAMETRIC_REPRESENTATION_CONTEXT() REPRESENTATION_CONTEXT('2D SPACE',''
  ) );
#4070 = PCURVE('',#460,#4071);
#4071 = DEFINITIONAL_REPRESENTATION('',(#4072),#4076);
#4072 = LINE('',#4073,#4074);
#4073 = CARTESIAN_POINT('',(8.392387360298,-7.));
#4074 = VECTOR('',#4075,1.);
#4075 = DIRECTION('',(-1.,0.));
#4076 = ( GEOMETRIC_REPRESENTATION_CONTEXT(2) 
PARAMETRIC_REPRESENTATION_CONTEXT() REPRESENTATION_CONTEXT('2D SPACE',''
  ) );
#4077 = ADVANCED_FACE('',(#4078),#460,.T.);
#4078 = FACE_BOUND('',#4079,.T.);
#4079 = EDGE_LOOP('',(#4080,#4081,#4104,#4132,#4153,#4154,#4155,#4176,
    #4177));
#4080 = ORIENTED_EDGE('',*,*,#3702,.F.);
#4081 = ORIENTED_EDGE('',*,*,#4082,.T.);
#4082 = EDGE_CURVE('',#3680,#4083,#4085,.T.);
#4083 = VERTEX_POINT('',#4084);
#4084 = CARTESIAN_POINT('',(56.,-6.4,0.));
#4085 = SURFACE_CURVE('',#4086,(#4090,#4097),.PCURVE_S1.);
#4086 = LINE('',#4087,#4088);
#4087 = CARTESIAN_POINT('',(56.,-21.5,0.));
#4088 = VECTOR('',#4089,1.);
#4089 = DIRECTION('',(0.,1.,0.));
#4090 = PCURVE('',#460,#4091);
#4091 = DEFINITIONAL_REPRESENTATION('',(#4092),#4096);
#4092 = LINE('',#4093,#4094);
#4093 = CARTESIAN_POINT('',(1.,4.5));
#4094 = VECTOR('',#4095,1.);
#4095 = DIRECTION('',(0.,-1.));
#4096 = ( GEOMETRIC_REPRESENTATION_CONTEXT(2) 
PARAMETRIC_REPRESENTATION_CONTEXT() REPRESENTATION_CONTEXT('2D SPACE',''
  ) );
#4097 = PCURVE('',#1797,#4098);
#4098 = DEFINITIONAL_REPRESENTATION('',(#4099),#4103);
#4099 = LINE('',#4100,#4101);
#4100 = CARTESIAN_POINT('',(-51.5,-30.));
#4101 = VECTOR('',#4102,1.);
#4102 = DIRECTION('',(1.,1.110223024625E-16));
#4103 = ( GEOMETRIC_REPRESENTATION_CONTEXT(2) 
PARAMETRIC_REPRESENTATION_CONTEXT() REPRESENTATION_CONTEXT('2D SPACE',''
  ) );
#4104 = ORIENTED_EDGE('',*,*,#4105,.T.);
#4105 = EDGE_CURVE('',#4083,#4106,#4108,.T.);
#4106 = VERTEX_POINT('',#4107);
#4107 = CARTESIAN_POINT('',(56.,-6.4,5.));
#4108 = SURFACE_CURVE('',#4109,(#4113,#4120),.PCURVE_S1.);
#4109 = LINE('',#4110,#4111);
#4110 = CARTESIAN_POINT('',(56.,-6.4,-0.5));
#4111 = VECTOR('',#4112,1.);
#4112 = DIRECTION('',(0.,0.,1.));
#4113 = PCURVE('',#460,#4114);
#4114 = DEFINITIONAL_REPRESENTATION('',(#4115),#4119);
#4115 = LINE('',#4116,#4117);
#4116 = CARTESIAN_POINT('',(0.5,-10.6));
#4117 = VECTOR('',#4118,1.);
#4118 = DIRECTION('',(1.,0.));
#4119 = ( GEOMETRIC_REPRESENTATION_CONTEXT(2) 
PARAMETRIC_REPRESENTATION_CONTEXT() REPRESENTATION_CONTEXT('2D SPACE',''
  ) );
#4120 = PCURVE('',#4121,#4126);
#4121 = PLANE('',#4122);
#4122 = AXIS2_PLACEMENT_3D('',#4123,#4124,#4125);
#4123 = CARTESIAN_POINT('',(42.,-6.4,0.));
#4124 = DIRECTION('',(0.,1.,0.));
#4125 = DIRECTION('',(0.,0.,1.));
#4126 = DEFINITIONAL_REPRESENTATION('',(#4127),#4131);
#4127 = LINE('',#4128,#4129);
#4128 = CARTESIAN_POINT('',(-0.5,14.));
#4129 = VECTOR('',#4130,1.);
#4130 = DIRECTION('',(1.,0.));
#4131 = ( GEOMETRIC_REPRESENTATION_CONTEXT(2) 
PARAMETRIC_REPRESENTATION_CONTEXT() REPRESENTATION_CONTEXT('2D SPACE',''
  ) );
#4132 = ORIENTED_EDGE('',*,*,#4133,.F.);
#4133 = EDGE_CURVE('',#3267,#4106,#4134,.T.);
#4134 = SURFACE_CURVE('',#4135,(#4139,#4146),.PCURVE_S1.);
#4135 = LINE('',#4136,#4137);
#4136 = CARTESIAN_POINT('',(56.,-11.7,5.));
#4137 = VECTOR('',#4138,1.);
#4138 = DIRECTION('',(0.,-1.,0.));
#4139 = PCURVE('',#460,#4140);
#4140 = DEFINITIONAL_REPRESENTATION('',(#4141),#4145);
#4141 = LINE('',#4142,#4143);
#4142 = CARTESIAN_POINT('',(6.,-5.3));
#4143 = VECTOR('',#4144,1.);
#4144 = DIRECTION('',(0.,1.));
#4145 = ( GEOMETRIC_REPRESENTATION_CONTEXT(2) 
PARAMETRIC_REPRESENTATION_CONTEXT() REPRESENTATION_CONTEXT('2D SPACE',''
  ) );
#4146 = PCURVE('',#3124,#4147);
#4147 = DEFINITIONAL_REPRESENTATION('',(#4148),#4152);
#4148 = LINE('',#4149,#4150);
#4149 = CARTESIAN_POINT('',(14.,-5.3));
#4150 = VECTOR('',#4151,1.);
#4151 = DIRECTION('',(0.,-1.));
#4152 = ( GEOMETRIC_REPRESENTATION_CONTEXT(2) 
PARAMETRIC_REPRESENTATION_CONTEXT() REPRESENTATION_CONTEXT('2D SPACE',''
  ) );
#4153 = ORIENTED_EDGE('',*,*,#3289,.T.);
#4154 = ORIENTED_EDGE('',*,*,#3391,.T.);
#4155 = ORIENTED_EDGE('',*,*,#4156,.F.);
#4156 = EDGE_CURVE('',#4035,#3392,#4157,.T.);
#4157 = SURFACE_CURVE('',#4158,(#4162,#4169),.PCURVE_S1.);
#4158 = LINE('',#4159,#4160);
#4159 = CARTESIAN_POINT('',(56.,-13.5,28.));
#4160 = VECTOR('',#4161,1.);
#4161 = DIRECTION('',(0.,1.,0.));
#4162 = PCURVE('',#460,#4163);
#4163 = DEFINITIONAL_REPRESENTATION('',(#4164),#4168);
#4164 = LINE('',#4165,#4166);
#4165 = CARTESIAN_POINT('',(29.,-3.5));
#4166 = VECTOR('',#4167,1.);
#4167 = DIRECTION('',(0.,-1.));
#4168 = ( GEOMETRIC_REPRESENTATION_CONTEXT(2) 
PARAMETRIC_REPRESENTATION_CONTEXT() REPRESENTATION_CONTEXT('2D SPACE',''
  ) );
#4169 = PCURVE('',#3480,#4170);
#4170 = DEFINITIONAL_REPRESENTATION('',(#4171),#4175);
#4171 = LINE('',#4172,#4173);
#4172 = CARTESIAN_POINT('',(12.,-3.5));
#4173 = VECTOR('',#4174,1.);
#4174 = DIRECTION('',(0.,1.));
#4175 = ( GEOMETRIC_REPRESENTATION_CONTEXT(2) 
PARAMETRIC_REPRESENTATION_CONTEXT() REPRESENTATION_CONTEXT('2D SPACE',''
  ) );
#4176 = ORIENTED_EDGE('',*,*,#4057,.T.);
#4177 = ORIENTED_EDGE('',*,*,#444,.F.);
#4178 = ADVANCED_FACE('',(#4179),#881,.F.);
#4179 = FACE_BOUND('',#4180,.F.);
#4180 = EDGE_LOOP('',(#4181,#4182,#4205,#4227));
#4181 = ORIENTED_EDGE('',*,*,#864,.F.);
#4182 = ORIENTED_EDGE('',*,*,#4183,.F.);
#4183 = EDGE_CURVE('',#4184,#865,#4186,.T.);
#4184 = VERTEX_POINT('',#4185);
#4185 = CARTESIAN_POINT('',(28.25,-12.,0.));
#4186 = SEAM_CURVE('',#4187,(#4191,#4198),.PCURVE_S1.);
#4187 = LINE('',#4188,#4189);
#4188 = CARTESIAN_POINT('',(28.25,-12.,-1.));
#4189 = VECTOR('',#4190,1.);
#4190 = DIRECTION('',(0.,0.,1.));
#4191 = PCURVE('',#881,#4192);
#4192 = DEFINITIONAL_REPRESENTATION('',(#4193),#4197);
#4193 = LINE('',#4194,#4195);
#4194 = CARTESIAN_POINT('',(6.28318530718,-0.));
#4195 = VECTOR('',#4196,1.);
#4196 = DIRECTION('',(0.,1.));
#4197 = ( GEOMETRIC_REPRESENTATION_CONTEXT(2) 
PARAMETRIC_REPRESENTATION_CONTEXT() REPRESENTATION_CONTEXT('2D SPACE',''
  ) );
#4198 = PCURVE('',#881,#4199);
#4199 = DEFINITIONAL_REPRESENTATION('',(#4200),#4204);
#4200 = LINE('',#4201,#4202);
#4201 = CARTESIAN_POINT('',(0.,-0.));
#4202 = VECTOR('',#4203,1.);
#4203 = DIRECTION('',(0.,1.));
#4204 = ( GEOMETRIC_REPRESENTATION_CONTEXT(2) 
PARAMETRIC_REPRESENTATION_CONTEXT() REPRESENTATION_CONTEXT('2D SPACE',''
  ) );
#4205 = ORIENTED_EDGE('',*,*,#4206,.T.);
#4206 = EDGE_CURVE('',#4184,#4184,#4207,.T.);
#4207 = SURFACE_CURVE('',#4208,(#4213,#4220),.PCURVE_S1.);
#4208 = CIRCLE('',#4209,2.25);
#4209 = AXIS2_PLACEMENT_3D('',#4210,#4211,#4212);
#4210 = CARTESIAN_POINT('',(26.,-12.,0.));
#4211 = DIRECTION('',(0.,0.,1.));
#4212 = DIRECTION('',(1.,0.,-0.));
#4213 = PCURVE('',#881,#4214);
#4214 = DEFINITIONAL_REPRESENTATION('',(#4215),#4219);
#4215 = LINE('',#4216,#4217);
#4216 = CARTESIAN_POINT('',(0.,1.));
#4217 = VECTOR('',#4218,1.);
#4218 = DIRECTION('',(1.,0.));
#4219 = ( GEOMETRIC_REPRESENTATION_CONTEXT(2) 
PARAMETRIC_REPRESENTATION_CONTEXT() REPRESENTATION_CONTEXT('2D SPACE',''
  ) );
#4220 = PCURVE('',#1797,#4221);
#4221 = DEFINITIONAL_REPRESENTATION('',(#4222),#4226);
#4222 = CIRCLE('',#4223,2.25);
#4223 = AXIS2_PLACEMENT_2D('',#4224,#4225);
#4224 = CARTESIAN_POINT('',(-42.,-1.110223024625E-15));
#4225 = DIRECTION('',(1.110223024625E-16,-1.));
#4226 = ( GEOMETRIC_REPRESENTATION_CONTEXT(2) 
PARAMETRIC_REPRESENTATION_CONTEXT() REPRESENTATION_CONTEXT('2D SPACE',''
  ) );
#4227 = ORIENTED_EDGE('',*,*,#4183,.T.);
#4228 = ADVANCED_FACE('',(#4229),#912,.T.);
#4229 = FACE_BOUND('',#4230,.T.);
#4230 = EDGE_LOOP('',(#4231,#4254,#4275,#4296));
#4231 = ORIENTED_EDGE('',*,*,#4232,.F.);
#4232 = EDGE_CURVE('',#4233,#896,#4235,.T.);
#4233 = VERTEX_POINT('',#4234);
#4234 = CARTESIAN_POINT('',(36.,-5.,0.));
#4235 = SURFACE_CURVE('',#4236,(#4240,#4247),.PCURVE_S1.);
#4236 = LINE('',#4237,#4238);
#4237 = CARTESIAN_POINT('',(36.,-5.,-1.));
#4238 = VECTOR('',#4239,1.);
#4239 = DIRECTION('',(0.,0.,1.));
#4240 = PCURVE('',#912,#4241);
#4241 = DEFINITIONAL_REPRESENTATION('',(#4242),#4246);
#4242 = LINE('',#4243,#4244);
#4243 = CARTESIAN_POINT('',(0.,18.));
#4244 = VECTOR('',#4245,1.);
#4245 = DIRECTION('',(1.,0.));
#4246 = ( GEOMETRIC_REPRESENTATION_CONTEXT(2) 
PARAMETRIC_REPRESENTATION_CONTEXT() REPRESENTATION_CONTEXT('2D SPACE',''
  ) );
#4247 = PCURVE('',#988,#4248);
#4248 = DEFINITIONAL_REPRESENTATION('',(#4249),#4253);
#4249 = LINE('',#4250,#4251);
#4250 = CARTESIAN_POINT('',(0.,0.));
#4251 = VECTOR('',#4252,1.);
#4252 = DIRECTION('',(1.,0.));
#4253 = ( GEOMETRIC_REPRESENTATION_CONTEXT(2) 
PARAMETRIC_REPRESENTATION_CONTEXT() REPRESENTATION_CONTEXT('2D SPACE',''
  ) );
#4254 = ORIENTED_EDGE('',*,*,#4255,.T.);
#4255 = EDGE_CURVE('',#4233,#4256,#4258,.T.);
#4256 = VERTEX_POINT('',#4257);
#4257 = CARTESIAN_POINT('',(18.,-5.,0.));
#4258 = SURFACE_CURVE('',#4259,(#4263,#4269),.PCURVE_S1.);
#4259 = LINE('',#4260,#4261);
#4260 = CARTESIAN_POINT('',(22.,-5.,0.));
#4261 = VECTOR('',#4262,1.);
#4262 = DIRECTION('',(-1.,0.,0.));
#4263 = PCURVE('',#912,#4264);
#4264 = DEFINITIONAL_REPRESENTATION('',(#4265),#4268);
#4265 = B_SPLINE_CURVE_WITH_KNOTS('',1,(#4266,#4267),.UNSPECIFIED.,.F.,
  .F.,(2,2),(-14.,4.),.PIECEWISE_BEZIER_KNOTS.);
#4266 = CARTESIAN_POINT('',(1.,18.));
#4267 = CARTESIAN_POINT('',(1.,0.));
#4268 = ( GEOMETRIC_REPRESENTATION_CONTEXT(2) 
PARAMETRIC_REPRESENTATION_CONTEXT() REPRESENTATION_CONTEXT('2D SPACE',''
  ) );
#4269 = PCURVE('',#1797,#4270);
#4270 = DEFINITIONAL_REPRESENTATION('',(#4271),#4274);
#4271 = B_SPLINE_CURVE_WITH_KNOTS('',1,(#4272,#4273),.UNSPECIFIED.,.F.,
  .F.,(2,2),(-14.,4.),.PIECEWISE_BEZIER_KNOTS.);
#4272 = CARTESIAN_POINT('',(-35.,-10.));
#4273 = CARTESIAN_POINT('',(-35.,8.));
#4274 = ( GEOMETRIC_REPRESENTATION_CONTEXT(2) 
PARAMETRIC_REPRESENTATION_CONTEXT() REPRESENTATION_CONTEXT('2D SPACE',''
  ) );
#4275 = ORIENTED_EDGE('',*,*,#4276,.T.);
#4276 = EDGE_CURVE('',#4256,#898,#4277,.T.);
#4277 = SURFACE_CURVE('',#4278,(#4282,#4289),.PCURVE_S1.);
#4278 = LINE('',#4279,#4280);
#4279 = CARTESIAN_POINT('',(18.,-5.,-1.));
#4280 = VECTOR('',#4281,1.);
#4281 = DIRECTION('',(0.,0.,1.));
#4282 = PCURVE('',#912,#4283);
#4283 = DEFINITIONAL_REPRESENTATION('',(#4284),#4288);
#4284 = LINE('',#4285,#4286);
#4285 = CARTESIAN_POINT('',(0.,0.));
#4286 = VECTOR('',#4287,1.);
#4287 = DIRECTION('',(1.,0.));
#4288 = ( GEOMETRIC_REPRESENTATION_CONTEXT(2) 
PARAMETRIC_REPRESENTATION_CONTEXT() REPRESENTATION_CONTEXT('2D SPACE',''
  ) );
#4289 = PCURVE('',#938,#4290);
#4290 = DEFINITIONAL_REPRESENTATION('',(#4291),#4295);
#4291 = LINE('',#4292,#4293);
#4292 = CARTESIAN_POINT('',(0.,0.));
#4293 = VECTOR('',#4294,1.);
#4294 = DIRECTION('',(1.,0.));
#4295 = ( GEOMETRIC_REPRESENTATION_CONTEXT(2) 
PARAMETRIC_REPRESENTATION_CONTEXT() REPRESENTATION_CONTEXT('2D SPACE',''
  ) );
#4296 = ORIENTED_EDGE('',*,*,#895,.F.);
#4297 = ADVANCED_FACE('',(#4298),#988,.F.);
#4298 = FACE_BOUND('',#4299,.F.);
#4299 = EDGE_LOOP('',(#4300,#4301,#4322,#4343));
#4300 = ORIENTED_EDGE('',*,*,#4232,.F.);
#4301 = ORIENTED_EDGE('',*,*,#4302,.T.);
#4302 = EDGE_CURVE('',#4233,#4303,#4305,.T.);
#4303 = VERTEX_POINT('',#4304);
#4304 = CARTESIAN_POINT('',(36.,5.,0.));
#4305 = SURFACE_CURVE('',#4306,(#4310,#4316),.PCURVE_S1.);
#4306 = LINE('',#4307,#4308);
#4307 = CARTESIAN_POINT('',(36.,12.5,0.));
#4308 = VECTOR('',#4309,1.);
#4309 = DIRECTION('',(0.,1.,0.));
#4310 = PCURVE('',#988,#4311);
#4311 = DEFINITIONAL_REPRESENTATION('',(#4312),#4315);
#4312 = B_SPLINE_CURVE_WITH_KNOTS('',1,(#4313,#4314),.UNSPECIFIED.,.F.,
  .F.,(2,2),(-17.5,-7.5),.PIECEWISE_BEZIER_KNOTS.);
#4313 = CARTESIAN_POINT('',(1.,0.));
#4314 = CARTESIAN_POINT('',(1.,-10.));
#4315 = ( GEOMETRIC_REPRESENTATION_CONTEXT(2) 
PARAMETRIC_REPRESENTATION_CONTEXT() REPRESENTATION_CONTEXT('2D SPACE',''
  ) );
#4316 = PCURVE('',#1797,#4317);
#4317 = DEFINITIONAL_REPRESENTATION('',(#4318),#4321);
#4318 = B_SPLINE_CURVE_WITH_KNOTS('',1,(#4319,#4320),.UNSPECIFIED.,.F.,
  .F.,(2,2),(-17.5,-7.5),.PIECEWISE_BEZIER_KNOTS.);
#4319 = CARTESIAN_POINT('',(-35.,-10.));
#4320 = CARTESIAN_POINT('',(-25.,-10.));
#4321 = ( GEOMETRIC_REPRESENTATION_CONTEXT(2) 
PARAMETRIC_REPRESENTATION_CONTEXT() REPRESENTATION_CONTEXT('2D SPACE',''
  ) );
#4322 = ORIENTED_EDGE('',*,*,#4323,.T.);
#4323 = EDGE_CURVE('',#4303,#950,#4324,.T.);
#4324 = SURFACE_CURVE('',#4325,(#4329,#4336),.PCURVE_S1.);
#4325 = LINE('',#4326,#4327);
#4326 = CARTESIAN_POINT('',(36.,5.,-1.));
#4327 = VECTOR('',#4328,1.);
#4328 = DIRECTION('',(0.,0.,1.));
#4329 = PCURVE('',#988,#4330);
#4330 = DEFINITIONAL_REPRESENTATION('',(#4331),#4335);
#4331 = LINE('',#4332,#4333);
#4332 = CARTESIAN_POINT('',(0.,-10.));
#4333 = VECTOR('',#4334,1.);
#4334 = DIRECTION('',(1.,0.));
#4335 = ( GEOMETRIC_REPRESENTATION_CONTEXT(2) 
PARAMETRIC_REPRESENTATION_CONTEXT() REPRESENTATION_CONTEXT('2D SPACE',''
  ) );
#4336 = PCURVE('',#964,#4337);
#4337 = DEFINITIONAL_REPRESENTATION('',(#4338),#4342);
#4338 = LINE('',#4339,#4340);
#4339 = CARTESIAN_POINT('',(0.,18.));
#4340 = VECTOR('',#4341,1.);
#4341 = DIRECTION('',(1.,0.));
#4342 = ( GEOMETRIC_REPRESENTATION_CONTEXT(2) 
PARAMETRIC_REPRESENTATION_CONTEXT() REPRESENTATION_CONTEXT('2D SPACE',''
  ) );
#4343 = ORIENTED_EDGE('',*,*,#975,.F.);
#4344 = ADVANCED_FACE('',(#4345),#938,.T.);
#4345 = FACE_BOUND('',#4346,.T.);
#4346 = EDGE_LOOP('',(#4347,#4348,#4369,#4390));
#4347 = ORIENTED_EDGE('',*,*,#4276,.F.);
#4348 = ORIENTED_EDGE('',*,*,#4349,.T.);
#4349 = EDGE_CURVE('',#4256,#4350,#4352,.T.);
#4350 = VERTEX_POINT('',#4351);
#4351 = CARTESIAN_POINT('',(18.,5.,0.));
#4352 = SURFACE_CURVE('',#4353,(#4357,#4363),.PCURVE_S1.);
#4353 = LINE('',#4354,#4355);
#4354 = CARTESIAN_POINT('',(18.,12.5,0.));
#4355 = VECTOR('',#4356,1.);
#4356 = DIRECTION('',(0.,1.,0.));
#4357 = PCURVE('',#938,#4358);
#4358 = DEFINITIONAL_REPRESENTATION('',(#4359),#4362);
#4359 = B_SPLINE_CURVE_WITH_KNOTS('',1,(#4360,#4361),.UNSPECIFIED.,.F.,
  .F.,(2,2),(-17.5,-7.5),.PIECEWISE_BEZIER_KNOTS.);
#4360 = CARTESIAN_POINT('',(1.,0.));
#4361 = CARTESIAN_POINT('',(1.,-10.));
#4362 = ( GEOMETRIC_REPRESENTATION_CONTEXT(2) 
PARAMETRIC_REPRESENTATION_CONTEXT() REPRESENTATION_CONTEXT('2D SPACE',''
  ) );
#4363 = PCURVE('',#1797,#4364);
#4364 = DEFINITIONAL_REPRESENTATION('',(#4365),#4368);
#4365 = B_SPLINE_CURVE_WITH_KNOTS('',1,(#4366,#4367),.UNSPECIFIED.,.F.,
  .F.,(2,2),(-17.5,-7.5),.PIECEWISE_BEZIER_KNOTS.);
#4366 = CARTESIAN_POINT('',(-35.,8.));
#4367 = CARTESIAN_POINT('',(-25.,8.));
#4368 = ( GEOMETRIC_REPRESENTATION_CONTEXT(2) 
PARAMETRIC_REPRESENTATION_CONTEXT() REPRESENTATION_CONTEXT('2D SPACE',''
  ) );
#4369 = ORIENTED_EDGE('',*,*,#4370,.T.);
#4370 = EDGE_CURVE('',#4350,#924,#4371,.T.);
#4371 = SURFACE_CURVE('',#4372,(#4376,#4383),.PCURVE_S1.);
#4372 = LINE('',#4373,#4374);
#4373 = CARTESIAN_POINT('',(18.,5.,-1.));
#4374 = VECTOR('',#4375,1.);
#4375 = DIRECTION('',(0.,0.,1.));
#4376 = PCURVE('',#938,#4377);
#4377 = DEFINITIONAL_REPRESENTATION('',(#4378),#4382);
#4378 = LINE('',#4379,#4380);
#4379 = CARTESIAN_POINT('',(0.,-10.));
#4380 = VECTOR('',#4381,1.);
#4381 = DIRECTION('',(1.,0.));
#4382 = ( GEOMETRIC_REPRESENTATION_CONTEXT(2) 
PARAMETRIC_REPRESENTATION_CONTEXT() REPRESENTATION_CONTEXT('2D SPACE',''
  ) );
#4383 = PCURVE('',#964,#4384);
#4384 = DEFINITIONAL_REPRESENTATION('',(#4385),#4389);
#4385 = LINE('',#4386,#4387);
#4386 = CARTESIAN_POINT('',(0.,0.));
#4387 = VECTOR('',#4388,1.);
#4388 = DIRECTION('',(1.,0.));
#4389 = ( GEOMETRIC_REPRESENTATION_CONTEXT(2) 
PARAMETRIC_REPRESENTATION_CONTEXT() REPRESENTATION_CONTEXT('2D SPACE',''
  ) );
#4390 = ORIENTED_EDGE('',*,*,#923,.F.);
#4391 = ADVANCED_FACE('',(#4392),#964,.F.);
#4392 = FACE_BOUND('',#4393,.F.);
#4393 = EDGE_LOOP('',(#4394,#4395,#4414,#4415));
#4394 = ORIENTED_EDGE('',*,*,#4323,.F.);
#4395 = ORIENTED_EDGE('',*,*,#4396,.T.);
#4396 = EDGE_CURVE('',#4303,#4350,#4397,.T.);
#4397 = SURFACE_CURVE('',#4398,(#4402,#4408),.PCURVE_S1.);
#4398 = LINE('',#4399,#4400);
#4399 = CARTESIAN_POINT('',(22.,5.,0.));
#4400 = VECTOR('',#4401,1.);
#4401 = DIRECTION('',(-1.,0.,0.));
#4402 = PCURVE('',#964,#4403);
#4403 = DEFINITIONAL_REPRESENTATION('',(#4404),#4407);
#4404 = B_SPLINE_CURVE_WITH_KNOTS('',1,(#4405,#4406),.UNSPECIFIED.,.F.,
  .F.,(2,2),(-14.,4.),.PIECEWISE_BEZIER_KNOTS.);
#4405 = CARTESIAN_POINT('',(1.,18.));
#4406 = CARTESIAN_POINT('',(1.,0.));
#4407 = ( GEOMETRIC_REPRESENTATION_CONTEXT(2) 
PARAMETRIC_REPRESENTATION_CONTEXT() REPRESENTATION_CONTEXT('2D SPACE',''
  ) );
#4408 = PCURVE('',#1797,#4409);
#4409 = DEFINITIONAL_REPRESENTATION('',(#4410),#4413);
#4410 = B_SPLINE_CURVE_WITH_KNOTS('',1,(#4411,#4412),.UNSPECIFIED.,.F.,
  .F.,(2,2),(-14.,4.),.PIECEWISE_BEZIER_KNOTS.);
#4411 = CARTESIAN_POINT('',(-25.,-10.));
#4412 = CARTESIAN_POINT('',(-25.,8.));
#4413 = ( GEOMETRIC_REPRESENTATION_CONTEXT(2) 
PARAMETRIC_REPRESENTATION_CONTEXT() REPRESENTATION_CONTEXT('2D SPACE',''
  ) );
#4414 = ORIENTED_EDGE('',*,*,#4370,.T.);
#4415 = ORIENTED_EDGE('',*,*,#949,.F.);
#4416 = ADVANCED_FACE('',(#4417),#1018,.F.);
#4417 = FACE_BOUND('',#4418,.F.);
#4418 = EDGE_LOOP('',(#4419,#4420,#4443,#4465));
#4419 = ORIENTED_EDGE('',*,*,#1001,.F.);
#4420 = ORIENTED_EDGE('',*,*,#4421,.F.);
#4421 = EDGE_CURVE('',#4422,#1002,#4424,.T.);
#4422 = VERTEX_POINT('',#4423);
#4423 = CARTESIAN_POINT('',(-9.75,26.,0.));
#4424 = SEAM_CURVE('',#4425,(#4429,#4436),.PCURVE_S1.);
#4425 = LINE('',#4426,#4427);
#4426 = CARTESIAN_POINT('',(-9.75,26.,-1.));
#4427 = VECTOR('',#4428,1.);
#4428 = DIRECTION('',(0.,0.,1.));
#4429 = PCURVE('',#1018,#4430);
#4430 = DEFINITIONAL_REPRESENTATION('',(#4431),#4435);
#4431 = LINE('',#4432,#4433);
#4432 = CARTESIAN_POINT('',(6.28318530718,-0.));
#4433 = VECTOR('',#4434,1.);
#4434 = DIRECTION('',(0.,1.));
#4435 = ( GEOMETRIC_REPRESENTATION_CONTEXT(2) 
PARAMETRIC_REPRESENTATION_CONTEXT() REPRESENTATION_CONTEXT('2D SPACE',''
  ) );
#4436 = PCURVE('',#1018,#4437);
#4437 = DEFINITIONAL_REPRESENTATION('',(#4438),#4442);
#4438 = LINE('',#4439,#4440);
#4439 = CARTESIAN_POINT('',(0.,-0.));
#4440 = VECTOR('',#4441,1.);
#4441 = DIRECTION('',(0.,1.));
#4442 = ( GEOMETRIC_REPRESENTATION_CONTEXT(2) 
PARAMETRIC_REPRESENTATION_CONTEXT() REPRESENTATION_CONTEXT('2D SPACE',''
  ) );
#4443 = ORIENTED_EDGE('',*,*,#4444,.T.);
#4444 = EDGE_CURVE('',#4422,#4422,#4445,.T.);
#4445 = SURFACE_CURVE('',#4446,(#4451,#4458),.PCURVE_S1.);
#4446 = CIRCLE('',#4447,2.25);
#4447 = AXIS2_PLACEMENT_3D('',#4448,#4449,#4450);
#4448 = CARTESIAN_POINT('',(-12.,26.,0.));
#4449 = DIRECTION('',(0.,0.,1.));
#4450 = DIRECTION('',(1.,0.,-0.));
#4451 = PCURVE('',#1018,#4452);
#4452 = DEFINITIONAL_REPRESENTATION('',(#4453),#4457);
#4453 = LINE('',#4454,#4455);
#4454 = CARTESIAN_POINT('',(0.,1.));
#4455 = VECTOR('',#4456,1.);
#4456 = DIRECTION('',(1.,0.));
#4457 = ( GEOMETRIC_REPRESENTATION_CONTEXT(2) 
PARAMETRIC_REPRESENTATION_CONTEXT() REPRESENTATION_CONTEXT('2D SPACE',''
  ) );
#4458 = PCURVE('',#1797,#4459);
#4459 = DEFINITIONAL_REPRESENTATION('',(#4460),#4464);
#4460 = CIRCLE('',#4461,2.25);
#4461 = AXIS2_PLACEMENT_2D('',#4462,#4463);
#4462 = CARTESIAN_POINT('',(-4.,38.));
#4463 = DIRECTION('',(1.110223024625E-16,-1.));
#4464 = ( GEOMETRIC_REPRESENTATION_CONTEXT(2) 
PARAMETRIC_REPRESENTATION_CONTEXT() REPRESENTATION_CONTEXT('2D SPACE',''
  ) );
#4465 = ORIENTED_EDGE('',*,*,#4421,.T.);
#4466 = ADVANCED_FACE('',(#4467),#1049,.T.);
#4467 = FACE_BOUND('',#4468,.T.);
#4468 = EDGE_LOOP('',(#4469,#4492,#4513,#4534));
#4469 = ORIENTED_EDGE('',*,*,#4470,.F.);
#4470 = EDGE_CURVE('',#4471,#1033,#4473,.T.);
#4471 = VERTEX_POINT('',#4472);
#4472 = CARTESIAN_POINT('',(5.,36.,0.));
#4473 = SURFACE_CURVE('',#4474,(#4478,#4485),.PCURVE_S1.);
#4474 = LINE('',#4475,#4476);
#4475 = CARTESIAN_POINT('',(5.,36.,-1.));
#4476 = VECTOR('',#4477,1.);
#4477 = DIRECTION('',(0.,0.,1.));
#4478 = PCURVE('',#1049,#4479);
#4479 = DEFINITIONAL_REPRESENTATION('',(#4480),#4484);
#4480 = LINE('',#4481,#4482);
#4481 = CARTESIAN_POINT('',(0.,18.));
#4482 = VECTOR('',#4483,1.);
#4483 = DIRECTION('',(1.,0.));
#4484 = ( GEOMETRIC_REPRESENTATION_CONTEXT(2) 
PARAMETRIC_REPRESENTATION_CONTEXT() REPRESENTATION_CONTEXT('2D SPACE',''
  ) );
#4485 = PCURVE('',#1125,#4486);
#4486 = DEFINITIONAL_REPRESENTATION('',(#4487),#4491);
#4487 = LINE('',#4488,#4489);
#4488 = CARTESIAN_POINT('',(0.,0.));
#4489 = VECTOR('',#4490,1.);
#4490 = DIRECTION('',(1.,0.));
#4491 = ( GEOMETRIC_REPRESENTATION_CONTEXT(2) 
PARAMETRIC_REPRESENTATION_CONTEXT() REPRESENTATION_CONTEXT('2D SPACE',''
  ) );
#4492 = ORIENTED_EDGE('',*,*,#4493,.T.);
#4493 = EDGE_CURVE('',#4471,#4494,#4496,.T.);
#4494 = VERTEX_POINT('',#4495);
#4495 = CARTESIAN_POINT('',(5.,18.,0.));
#4496 = SURFACE_CURVE('',#4497,(#4501,#4507),.PCURVE_S1.);
#4497 = LINE('',#4498,#4499);
#4498 = CARTESIAN_POINT('',(5.,24.,0.));
#4499 = VECTOR('',#4500,1.);
#4500 = DIRECTION('',(-1.110223024625E-16,-1.,0.));
#4501 = PCURVE('',#1049,#4502);
#4502 = DEFINITIONAL_REPRESENTATION('',(#4503),#4506);
#4503 = B_SPLINE_CURVE_WITH_KNOTS('',1,(#4504,#4505),.UNSPECIFIED.,.F.,
  .F.,(2,2),(-12.,6.),.PIECEWISE_BEZIER_KNOTS.);
#4504 = CARTESIAN_POINT('',(1.,18.));
#4505 = CARTESIAN_POINT('',(1.,0.));
#4506 = ( GEOMETRIC_REPRESENTATION_CONTEXT(2) 
PARAMETRIC_REPRESENTATION_CONTEXT() REPRESENTATION_CONTEXT('2D SPACE',''
  ) );
#4507 = PCURVE('',#1797,#4508);
#4508 = DEFINITIONAL_REPRESENTATION('',(#4509),#4512);
#4509 = B_SPLINE_CURVE_WITH_KNOTS('',1,(#4510,#4511),.UNSPECIFIED.,.F.,
  .F.,(2,2),(-12.,6.),.PIECEWISE_BEZIER_KNOTS.);
#4510 = CARTESIAN_POINT('',(6.,21.));
#4511 = CARTESIAN_POINT('',(-12.,21.));
#4512 = ( GEOMETRIC_REPRESENTATION_CONTEXT(2) 
PARAMETRIC_REPRESENTATION_CONTEXT() REPRESENTATION_CONTEXT('2D SPACE',''
  ) );
#4513 = ORIENTED_EDGE('',*,*,#4514,.T.);
#4514 = EDGE_CURVE('',#4494,#1035,#4515,.T.);
#4515 = SURFACE_CURVE('',#4516,(#4520,#4527),.PCURVE_S1.);
#4516 = LINE('',#4517,#4518);
#4517 = CARTESIAN_POINT('',(5.,18.,-1.));
#4518 = VECTOR('',#4519,1.);
#4519 = DIRECTION('',(0.,0.,1.));
#4520 = PCURVE('',#1049,#4521);
#4521 = DEFINITIONAL_REPRESENTATION('',(#4522),#4526);
#4522 = LINE('',#4523,#4524);
#4523 = CARTESIAN_POINT('',(0.,0.));
#4524 = VECTOR('',#4525,1.);
#4525 = DIRECTION('',(1.,0.));
#4526 = ( GEOMETRIC_REPRESENTATION_CONTEXT(2) 
PARAMETRIC_REPRESENTATION_CONTEXT() REPRESENTATION_CONTEXT('2D SPACE',''
  ) );
#4527 = PCURVE('',#1075,#4528);
#4528 = DEFINITIONAL_REPRESENTATION('',(#4529),#4533);
#4529 = LINE('',#4530,#4531);
#4530 = CARTESIAN_POINT('',(0.,0.));
#4531 = VECTOR('',#4532,1.);
#4532 = DIRECTION('',(1.,0.));
#4533 = ( GEOMETRIC_REPRESENTATION_CONTEXT(2) 
PARAMETRIC_REPRESENTATION_CONTEXT() REPRESENTATION_CONTEXT('2D SPACE',''
  ) );
#4534 = ORIENTED_EDGE('',*,*,#1032,.F.);
#4535 = ADVANCED_FACE('',(#4536),#1125,.F.);
#4536 = FACE_BOUND('',#4537,.F.);
#4537 = EDGE_LOOP('',(#4538,#4539,#4560,#4581));
#4538 = ORIENTED_EDGE('',*,*,#4470,.F.);
#4539 = ORIENTED_EDGE('',*,*,#4540,.T.);
#4540 = EDGE_CURVE('',#4471,#4541,#4543,.T.);
#4541 = VERTEX_POINT('',#4542);
#4542 = CARTESIAN_POINT('',(-5.,36.,0.));
#4543 = SURFACE_CURVE('',#4544,(#4548,#4554),.PCURVE_S1.);
#4544 = LINE('',#4545,#4546);
#4545 = CARTESIAN_POINT('',(15.5,36.,0.));
#4546 = VECTOR('',#4547,1.);
#4547 = DIRECTION('',(-1.,1.110223024625E-16,0.));
#4548 = PCURVE('',#1125,#4549);
#4549 = DEFINITIONAL_REPRESENTATION('',(#4550),#4553);
#4550 = B_SPLINE_CURVE_WITH_KNOTS('',1,(#4551,#4552),.UNSPECIFIED.,.F.,
  .F.,(2,2),(10.5,20.5),.PIECEWISE_BEZIER_KNOTS.);
#4551 = CARTESIAN_POINT('',(1.,0.));
#4552 = CARTESIAN_POINT('',(1.,-10.));
#4553 = ( GEOMETRIC_REPRESENTATION_CONTEXT(2) 
PARAMETRIC_REPRESENTATION_CONTEXT() REPRESENTATION_CONTEXT('2D SPACE',''
  ) );
#4554 = PCURVE('',#1797,#4555);
#4555 = DEFINITIONAL_REPRESENTATION('',(#4556),#4559);
#4556 = B_SPLINE_CURVE_WITH_KNOTS('',1,(#4557,#4558),.UNSPECIFIED.,.F.,
  .F.,(2,2),(10.5,20.5),.PIECEWISE_BEZIER_KNOTS.);
#4557 = CARTESIAN_POINT('',(6.,21.));
#4558 = CARTESIAN_POINT('',(6.,31.));
#4559 = ( GEOMETRIC_REPRESENTATION_CONTEXT(2) 
PARAMETRIC_REPRESENTATION_CONTEXT() REPRESENTATION_CONTEXT('2D SPACE',''
  ) );
#4560 = ORIENTED_EDGE('',*,*,#4561,.T.);
#4561 = EDGE_CURVE('',#4541,#1087,#4562,.T.);
#4562 = SURFACE_CURVE('',#4563,(#4567,#4574),.PCURVE_S1.);
#4563 = LINE('',#4564,#4565);
#4564 = CARTESIAN_POINT('',(-5.,36.,-1.));
#4565 = VECTOR('',#4566,1.);
#4566 = DIRECTION('',(0.,0.,1.));
#4567 = PCURVE('',#1125,#4568);
#4568 = DEFINITIONAL_REPRESENTATION('',(#4569),#4573);
#4569 = LINE('',#4570,#4571);
#4570 = CARTESIAN_POINT('',(0.,-10.));
#4571 = VECTOR('',#4572,1.);
#4572 = DIRECTION('',(1.,0.));
#4573 = ( GEOMETRIC_REPRESENTATION_CONTEXT(2) 
PARAMETRIC_REPRESENTATION_CONTEXT() REPRESENTATION_CONTEXT('2D SPACE',''
  ) );
#4574 = PCURVE('',#1101,#4575);
#4575 = DEFINITIONAL_REPRESENTATION('',(#4576),#4580);
#4576 = LINE('',#4577,#4578);
#4577 = CARTESIAN_POINT('',(0.,18.));
#4578 = VECTOR('',#4579,1.);
#4579 = DIRECTION('',(1.,0.));
#4580 = ( GEOMETRIC_REPRESENTATION_CONTEXT(2) 
PARAMETRIC_REPRESENTATION_CONTEXT() REPRESENTATION_CONTEXT('2D SPACE',''
  ) );
#4581 = ORIENTED_EDGE('',*,*,#1112,.F.);
#4582 = ADVANCED_FACE('',(#4583),#1075,.T.);
#4583 = FACE_BOUND('',#4584,.T.);
#4584 = EDGE_LOOP('',(#4585,#4586,#4607,#4628));
#4585 = ORIENTED_EDGE('',*,*,#4514,.F.);
#4586 = ORIENTED_EDGE('',*,*,#4587,.T.);
#4587 = EDGE_CURVE('',#4494,#4588,#4590,.T.);
#4588 = VERTEX_POINT('',#4589);
#4589 = CARTESIAN_POINT('',(-5.,18.,0.));
#4590 = SURFACE_CURVE('',#4591,(#4595,#4601),.PCURVE_S1.);
#4591 = LINE('',#4592,#4593);
#4592 = CARTESIAN_POINT('',(15.5,18.,0.));
#4593 = VECTOR('',#4594,1.);
#4594 = DIRECTION('',(-1.,1.110223024625E-16,0.));
#4595 = PCURVE('',#1075,#4596);
#4596 = DEFINITIONAL_REPRESENTATION('',(#4597),#4600);
#4597 = B_SPLINE_CURVE_WITH_KNOTS('',1,(#4598,#4599),.UNSPECIFIED.,.F.,
  .F.,(2,2),(10.5,20.5),.PIECEWISE_BEZIER_KNOTS.);
#4598 = CARTESIAN_POINT('',(1.,0.));
#4599 = CARTESIAN_POINT('',(1.,-10.));
#4600 = ( GEOMETRIC_REPRESENTATION_CONTEXT(2) 
PARAMETRIC_REPRESENTATION_CONTEXT() REPRESENTATION_CONTEXT('2D SPACE',''
  ) );
#4601 = PCURVE('',#1797,#4602);
#4602 = DEFINITIONAL_REPRESENTATION('',(#4603),#4606);
#4603 = B_SPLINE_CURVE_WITH_KNOTS('',1,(#4604,#4605),.UNSPECIFIED.,.F.,
  .F.,(2,2),(10.5,20.5),.PIECEWISE_BEZIER_KNOTS.);
#4604 = CARTESIAN_POINT('',(-12.,21.));
#4605 = CARTESIAN_POINT('',(-12.,31.));
#4606 = ( GEOMETRIC_REPRESENTATION_CONTEXT(2) 
PARAMETRIC_REPRESENTATION_CONTEXT() REPRESENTATION_CONTEXT('2D SPACE',''
  ) );
#4607 = ORIENTED_EDGE('',*,*,#4608,.T.);
#4608 = EDGE_CURVE('',#4588,#1061,#4609,.T.);
#4609 = SURFACE_CURVE('',#4610,(#4614,#4621),.PCURVE_S1.);
#4610 = LINE('',#4611,#4612);
#4611 = CARTESIAN_POINT('',(-5.,18.,-1.));
#4612 = VECTOR('',#4613,1.);
#4613 = DIRECTION('',(0.,0.,1.));
#4614 = PCURVE('',#1075,#4615);
#4615 = DEFINITIONAL_REPRESENTATION('',(#4616),#4620);
#4616 = LINE('',#4617,#4618);
#4617 = CARTESIAN_POINT('',(0.,-10.));
#4618 = VECTOR('',#4619,1.);
#4619 = DIRECTION('',(1.,0.));
#4620 = ( GEOMETRIC_REPRESENTATION_CONTEXT(2) 
PARAMETRIC_REPRESENTATION_CONTEXT() REPRESENTATION_CONTEXT('2D SPACE',''
  ) );
#4621 = PCURVE('',#1101,#4622);
#4622 = DEFINITIONAL_REPRESENTATION('',(#4623),#4627);
#4623 = LINE('',#4624,#4625);
#4624 = CARTESIAN_POINT('',(0.,0.));
#4625 = VECTOR('',#4626,1.);
#4626 = DIRECTION('',(1.,0.));
#4627 = ( GEOMETRIC_REPRESENTATION_CONTEXT(2) 
PARAMETRIC_REPRESENTATION_CONTEXT() REPRESENTATION_CONTEXT('2D SPACE',''
  ) );
#4628 = ORIENTED_EDGE('',*,*,#1060,.F.);
#4629 = ADVANCED_FACE('',(#4630),#1101,.F.);
#4630 = FACE_BOUND('',#4631,.F.);
#4631 = EDGE_LOOP('',(#4632,#4633,#4652,#4653));
#4632 = ORIENTED_EDGE('',*,*,#4561,.F.);
#4633 = ORIENTED_EDGE('',*,*,#4634,.T.);
#4634 = EDGE_CURVE('',#4541,#4588,#4635,.T.);
#4635 = SURFACE_CURVE('',#4636,(#4640,#4646),.PCURVE_S1.);
#4636 = LINE('',#4637,#4638);
#4637 = CARTESIAN_POINT('',(-5.,24.,0.));
#4638 = VECTOR('',#4639,1.);
#4639 = DIRECTION('',(-1.110223024625E-16,-1.,0.));
#4640 = PCURVE('',#1101,#4641);
#4641 = DEFINITIONAL_REPRESENTATION('',(#4642),#4645);
#4642 = B_SPLINE_CURVE_WITH_KNOTS('',1,(#4643,#4644),.UNSPECIFIED.,.F.,
  .F.,(2,2),(-12.,6.),.PIECEWISE_BEZIER_KNOTS.);
#4643 = CARTESIAN_POINT('',(1.,18.));
#4644 = CARTESIAN_POINT('',(1.,0.));
#4645 = ( GEOMETRIC_REPRESENTATION_CONTEXT(2) 
PARAMETRIC_REPRESENTATION_CONTEXT() REPRESENTATION_CONTEXT('2D SPACE',''
  ) );
#4646 = PCURVE('',#1797,#4647);
#4647 = DEFINITIONAL_REPRESENTATION('',(#4648),#4651);
#4648 = B_SPLINE_CURVE_WITH_KNOTS('',1,(#4649,#4650),.UNSPECIFIED.,.F.,
  .F.,(2,2),(-12.,6.),.PIECEWISE_BEZIER_KNOTS.);
#4649 = CARTESIAN_POINT('',(6.,31.));
#4650 = CARTESIAN_POINT('',(-12.,31.));
#4651 = ( GEOMETRIC_REPRESENTATION_CONTEXT(2) 
PARAMETRIC_REPRESENTATION_CONTEXT() REPRESENTATION_CONTEXT('2D SPACE',''
  ) );
#4652 = ORIENTED_EDGE('',*,*,#4608,.T.);
#4653 = ORIENTED_EDGE('',*,*,#1086,.F.);
#4654 = ADVANCED_FACE('',(#4655),#1155,.T.);
#4655 = FACE_BOUND('',#4656,.T.);
#4656 = EDGE_LOOP('',(#4657,#4680,#4708,#4729));
#4657 = ORIENTED_EDGE('',*,*,#4658,.F.);
#4658 = EDGE_CURVE('',#4659,#1139,#4661,.T.);
#4659 = VERTEX_POINT('',#4660);
#4660 = CARTESIAN_POINT('',(20.4,19.,7.3));
#4661 = SURFACE_CURVE('',#4662,(#4666,#4673),.PCURVE_S1.);
#4662 = LINE('',#4663,#4664);
#4663 = CARTESIAN_POINT('',(20.4,19.,7.3));
#4664 = VECTOR('',#4665,1.);
#4665 = DIRECTION('',(0.,0.,1.));
#4666 = PCURVE('',#1155,#4667);
#4667 = DEFINITIONAL_REPRESENTATION('',(#4668),#4672);
#4668 = LINE('',#4669,#4670);
#4669 = CARTESIAN_POINT('',(0.,1.4));
#4670 = VECTOR('',#4671,1.);
#4671 = DIRECTION('',(1.,0.));
#4672 = ( GEOMETRIC_REPRESENTATION_CONTEXT(2) 
PARAMETRIC_REPRESENTATION_CONTEXT() REPRESENTATION_CONTEXT('2D SPACE',''
  ) );
#4673 = PCURVE('',#1231,#4674);
#4674 = DEFINITIONAL_REPRESENTATION('',(#4675),#4679);
#4675 = LINE('',#4676,#4677);
#4676 = CARTESIAN_POINT('',(0.,0.));
#4677 = VECTOR('',#4678,1.);
#4678 = DIRECTION('',(1.,0.));
#4679 = ( GEOMETRIC_REPRESENTATION_CONTEXT(2) 
PARAMETRIC_REPRESENTATION_CONTEXT() REPRESENTATION_CONTEXT('2D SPACE',''
  ) );
#4680 = ORIENTED_EDGE('',*,*,#4681,.F.);
#4681 = EDGE_CURVE('',#4682,#4659,#4684,.T.);
#4682 = VERTEX_POINT('',#4683);
#4683 = CARTESIAN_POINT('',(19.,19.,7.3));
#4684 = SURFACE_CURVE('',#4685,(#4689,#4696),.PCURVE_S1.);
#4685 = LINE('',#4686,#4687);
#4686 = CARTESIAN_POINT('',(19.,19.,7.3));
#4687 = VECTOR('',#4688,1.);
#4688 = DIRECTION('',(1.,0.,0.));
#4689 = PCURVE('',#1155,#4690);
#4690 = DEFINITIONAL_REPRESENTATION('',(#4691),#4695);
#4691 = LINE('',#4692,#4693);
#4692 = CARTESIAN_POINT('',(0.,0.));
#4693 = VECTOR('',#4694,1.);
#4694 = DIRECTION('',(0.,1.));
#4695 = ( GEOMETRIC_REPRESENTATION_CONTEXT(2) 
PARAMETRIC_REPRESENTATION_CONTEXT() REPRESENTATION_CONTEXT('2D SPACE',''
  ) );
#4696 = PCURVE('',#4697,#4702);
#4697 = PLANE('',#4698);
#4698 = AXIS2_PLACEMENT_3D('',#4699,#4700,#4701);
#4699 = CARTESIAN_POINT('',(19.,19.,7.3));
#4700 = DIRECTION('',(0.,0.,1.));
#4701 = DIRECTION('',(1.,0.,0.));
#4702 = DEFINITIONAL_REPRESENTATION('',(#4703),#4707);
#4703 = LINE('',#4704,#4705);
#4704 = CARTESIAN_POINT('',(0.,0.));
#4705 = VECTOR('',#4706,1.);
#4706 = DIRECTION('',(1.,0.));
#4707 = ( GEOMETRIC_REPRESENTATION_CONTEXT(2) 
PARAMETRIC_REPRESENTATION_CONTEXT() REPRESENTATION_CONTEXT('2D SPACE',''
  ) );
#4708 = ORIENTED_EDGE('',*,*,#4709,.T.);
#4709 = EDGE_CURVE('',#4682,#1141,#4710,.T.);
#4710 = SURFACE_CURVE('',#4711,(#4715,#4722),.PCURVE_S1.);
#4711 = LINE('',#4712,#4713);
#4712 = CARTESIAN_POINT('',(19.,19.,7.3));
#4713 = VECTOR('',#4714,1.);
#4714 = DIRECTION('',(0.,0.,1.));
#4715 = PCURVE('',#1155,#4716);
#4716 = DEFINITIONAL_REPRESENTATION('',(#4717),#4721);
#4717 = LINE('',#4718,#4719);
#4718 = CARTESIAN_POINT('',(0.,0.));
#4719 = VECTOR('',#4720,1.);
#4720 = DIRECTION('',(1.,0.));
#4721 = ( GEOMETRIC_REPRESENTATION_CONTEXT(2) 
PARAMETRIC_REPRESENTATION_CONTEXT() REPRESENTATION_CONTEXT('2D SPACE',''
  ) );
#4722 = PCURVE('',#1181,#4723);
#4723 = DEFINITIONAL_REPRESENTATION('',(#4724),#4728);
#4724 = LINE('',#4725,#4726);
#4725 = CARTESIAN_POINT('',(0.,0.));
#4726 = VECTOR('',#4727,1.);
#4727 = DIRECTION('',(1.,0.));
#4728 = ( GEOMETRIC_REPRESENTATION_CONTEXT(2) 
PARAMETRIC_REPRESENTATION_CONTEXT() REPRESENTATION_CONTEXT('2D SPACE',''
  ) );
#4729 = ORIENTED_EDGE('',*,*,#1138,.F.);
#4730 = ADVANCED_FACE('',(#4731),#1231,.F.);
#4731 = FACE_BOUND('',#4732,.F.);
#4732 = EDGE_LOOP('',(#4733,#4734,#4757,#4778));
#4733 = ORIENTED_EDGE('',*,*,#4658,.F.);
#4734 = ORIENTED_EDGE('',*,*,#4735,.T.);
#4735 = EDGE_CURVE('',#4659,#4736,#4738,.T.);
#4736 = VERTEX_POINT('',#4737);
#4737 = CARTESIAN_POINT('',(20.4,25.,7.3));
#4738 = SURFACE_CURVE('',#4739,(#4743,#4750),.PCURVE_S1.);
#4739 = LINE('',#4740,#4741);
#4740 = CARTESIAN_POINT('',(20.4,19.,7.3));
#4741 = VECTOR('',#4742,1.);
#4742 = DIRECTION('',(0.,1.,0.));
#4743 = PCURVE('',#1231,#4744);
#4744 = DEFINITIONAL_REPRESENTATION('',(#4745),#4749);
#4745 = LINE('',#4746,#4747);
#4746 = CARTESIAN_POINT('',(0.,0.));
#4747 = VECTOR('',#4748,1.);
#4748 = DIRECTION('',(0.,-1.));
#4749 = ( GEOMETRIC_REPRESENTATION_CONTEXT(2) 
PARAMETRIC_REPRESENTATION_CONTEXT() REPRESENTATION_CONTEXT('2D SPACE',''
  ) );
#4750 = PCURVE('',#4697,#4751);
#4751 = DEFINITIONAL_REPRESENTATION('',(#4752),#4756);
#4752 = LINE('',#4753,#4754);
#4753 = CARTESIAN_POINT('',(1.4,0.));
#4754 = VECTOR('',#4755,1.);
#4755 = DIRECTION('',(0.,1.));
#4756 = ( GEOMETRIC_REPRESENTATION_CONTEXT(2) 
PARAMETRIC_REPRESENTATION_CONTEXT() REPRESENTATION_CONTEXT('2D SPACE',''
  ) );
#4757 = ORIENTED_EDGE('',*,*,#4758,.T.);
#4758 = EDGE_CURVE('',#4736,#1193,#4759,.T.);
#4759 = SURFACE_CURVE('',#4760,(#4764,#4771),.PCURVE_S1.);
#4760 = LINE('',#4761,#4762);
#4761 = CARTESIAN_POINT('',(20.4,25.,7.3));
#4762 = VECTOR('',#4763,1.);
#4763 = DIRECTION('',(0.,0.,1.));
#4764 = PCURVE('',#1231,#4765);
#4765 = DEFINITIONAL_REPRESENTATION('',(#4766),#4770);
#4766 = LINE('',#4767,#4768);
#4767 = CARTESIAN_POINT('',(0.,-6.));
#4768 = VECTOR('',#4769,1.);
#4769 = DIRECTION('',(1.,0.));
#4770 = ( GEOMETRIC_REPRESENTATION_CONTEXT(2) 
PARAMETRIC_REPRESENTATION_CONTEXT() REPRESENTATION_CONTEXT('2D SPACE',''
  ) );
#4771 = PCURVE('',#1207,#4772);
#4772 = DEFINITIONAL_REPRESENTATION('',(#4773),#4777);
#4773 = LINE('',#4774,#4775);
#4774 = CARTESIAN_POINT('',(0.,1.4));
#4775 = VECTOR('',#4776,1.);
#4776 = DIRECTION('',(1.,0.));
#4777 = ( GEOMETRIC_REPRESENTATION_CONTEXT(2) 
PARAMETRIC_REPRESENTATION_CONTEXT() REPRESENTATION_CONTEXT('2D SPACE',''
  ) );
#4778 = ORIENTED_EDGE('',*,*,#1218,.F.);
#4779 = ADVANCED_FACE('',(#4780),#1181,.T.);
#4780 = FACE_BOUND('',#4781,.T.);
#4781 = EDGE_LOOP('',(#4782,#4783,#4806,#4827));
#4782 = ORIENTED_EDGE('',*,*,#4709,.F.);
#4783 = ORIENTED_EDGE('',*,*,#4784,.T.);
#4784 = EDGE_CURVE('',#4682,#4785,#4787,.T.);
#4785 = VERTEX_POINT('',#4786);
#4786 = CARTESIAN_POINT('',(19.,25.,7.3));
#4787 = SURFACE_CURVE('',#4788,(#4792,#4799),.PCURVE_S1.);
#4788 = LINE('',#4789,#4790);
#4789 = CARTESIAN_POINT('',(19.,19.,7.3));
#4790 = VECTOR('',#4791,1.);
#4791 = DIRECTION('',(0.,1.,0.));
#4792 = PCURVE('',#1181,#4793);
#4793 = DEFINITIONAL_REPRESENTATION('',(#4794),#4798);
#4794 = LINE('',#4795,#4796);
#4795 = CARTESIAN_POINT('',(0.,0.));
#4796 = VECTOR('',#4797,1.);
#4797 = DIRECTION('',(0.,-1.));
#4798 = ( GEOMETRIC_REPRESENTATION_CONTEXT(2) 
PARAMETRIC_REPRESENTATION_CONTEXT() REPRESENTATION_CONTEXT('2D SPACE',''
  ) );
#4799 = PCURVE('',#4697,#4800);
#4800 = DEFINITIONAL_REPRESENTATION('',(#4801),#4805);
#4801 = LINE('',#4802,#4803);
#4802 = CARTESIAN_POINT('',(0.,0.));
#4803 = VECTOR('',#4804,1.);
#4804 = DIRECTION('',(0.,1.));
#4805 = ( GEOMETRIC_REPRESENTATION_CONTEXT(2) 
PARAMETRIC_REPRESENTATION_CONTEXT() REPRESENTATION_CONTEXT('2D SPACE',''
  ) );
#4806 = ORIENTED_EDGE('',*,*,#4807,.T.);
#4807 = EDGE_CURVE('',#4785,#1167,#4808,.T.);
#4808 = SURFACE_CURVE('',#4809,(#4813,#4820),.PCURVE_S1.);
#4809 = LINE('',#4810,#4811);
#4810 = CARTESIAN_POINT('',(19.,25.,7.3));
#4811 = VECTOR('',#4812,1.);
#4812 = DIRECTION('',(0.,0.,1.));
#4813 = PCURVE('',#1181,#4814);
#4814 = DEFINITIONAL_REPRESENTATION('',(#4815),#4819);
#4815 = LINE('',#4816,#4817);
#4816 = CARTESIAN_POINT('',(0.,-6.));
#4817 = VECTOR('',#4818,1.);
#4818 = DIRECTION('',(1.,0.));
#4819 = ( GEOMETRIC_REPRESENTATION_CONTEXT(2) 
PARAMETRIC_REPRESENTATION_CONTEXT() REPRESENTATION_CONTEXT('2D SPACE',''
  ) );
#4820 = PCURVE('',#1207,#4821);
#4821 = DEFINITIONAL_REPRESENTATION('',(#4822),#4826);
#4822 = LINE('',#4823,#4824);
#4823 = CARTESIAN_POINT('',(0.,0.));
#4824 = VECTOR('',#4825,1.);
#4825 = DIRECTION('',(1.,0.));
#4826 = ( GEOMETRIC_REPRESENTATION_CONTEXT(2) 
PARAMETRIC_REPRESENTATION_CONTEXT() REPRESENTATION_CONTEXT('2D SPACE',''
  ) );
#4827 = ORIENTED_EDGE('',*,*,#1166,.F.);
#4828 = ADVANCED_FACE('',(#4829),#1207,.F.);
#4829 = FACE_BOUND('',#4830,.F.);
#4830 = EDGE_LOOP('',(#4831,#4832,#4853,#4854));
#4831 = ORIENTED_EDGE('',*,*,#4758,.F.);
#4832 = ORIENTED_EDGE('',*,*,#4833,.F.);
#4833 = EDGE_CURVE('',#4785,#4736,#4834,.T.);
#4834 = SURFACE_CURVE('',#4835,(#4839,#4846),.PCURVE_S1.);
#4835 = LINE('',#4836,#4837);
#4836 = CARTESIAN_POINT('',(19.,25.,7.3));
#4837 = VECTOR('',#4838,1.);
#4838 = DIRECTION('',(1.,0.,0.));
#4839 = PCURVE('',#1207,#4840);
#4840 = DEFINITIONAL_REPRESENTATION('',(#4841),#4845);
#4841 = LINE('',#4842,#4843);
#4842 = CARTESIAN_POINT('',(0.,0.));
#4843 = VECTOR('',#4844,1.);
#4844 = DIRECTION('',(0.,1.));
#4845 = ( GEOMETRIC_REPRESENTATION_CONTEXT(2) 
PARAMETRIC_REPRESENTATION_CONTEXT() REPRESENTATION_CONTEXT('2D SPACE',''
  ) );
#4846 = PCURVE('',#4697,#4847);
#4847 = DEFINITIONAL_REPRESENTATION('',(#4848),#4852);
#4848 = LINE('',#4849,#4850);
#4849 = CARTESIAN_POINT('',(0.,6.));
#4850 = VECTOR('',#4851,1.);
#4851 = DIRECTION('',(1.,0.));
#4852 = ( GEOMETRIC_REPRESENTATION_CONTEXT(2) 
PARAMETRIC_REPRESENTATION_CONTEXT() REPRESENTATION_CONTEXT('2D SPACE',''
  ) );
#4853 = ORIENTED_EDGE('',*,*,#4807,.T.);
#4854 = ORIENTED_EDGE('',*,*,#1192,.F.);
#4855 = ADVANCED_FACE('',(#4856),#1261,.T.);
#4856 = FACE_BOUND('',#4857,.T.);
#4857 = EDGE_LOOP('',(#4858,#4881,#4909,#4930));
#4858 = ORIENTED_EDGE('',*,*,#4859,.F.);
#4859 = EDGE_CURVE('',#4860,#1245,#4862,.T.);
#4860 = VERTEX_POINT('',#4861);
#4861 = CARTESIAN_POINT('',(23.4,19.,7.3));
#4862 = SURFACE_CURVE('',#4863,(#4867,#4874),.PCURVE_S1.);
#4863 = LINE('',#4864,#4865);
#4864 = CARTESIAN_POINT('',(23.4,19.,7.3));
#4865 = VECTOR('',#4866,1.);
#4866 = DIRECTION('',(0.,0.,1.));
#4867 = PCURVE('',#1261,#4868);
#4868 = DEFINITIONAL_REPRESENTATION('',(#4869),#4873);
#4869 = LINE('',#4870,#4871);
#4870 = CARTESIAN_POINT('',(0.,1.4));
#4871 = VECTOR('',#4872,1.);
#4872 = DIRECTION('',(1.,0.));
#4873 = ( GEOMETRIC_REPRESENTATION_CONTEXT(2) 
PARAMETRIC_REPRESENTATION_CONTEXT() REPRESENTATION_CONTEXT('2D SPACE',''
  ) );
#4874 = PCURVE('',#1337,#4875);
#4875 = DEFINITIONAL_REPRESENTATION('',(#4876),#4880);
#4876 = LINE('',#4877,#4878);
#4877 = CARTESIAN_POINT('',(0.,0.));
#4878 = VECTOR('',#4879,1.);
#4879 = DIRECTION('',(1.,0.));
#4880 = ( GEOMETRIC_REPRESENTATION_CONTEXT(2) 
PARAMETRIC_REPRESENTATION_CONTEXT() REPRESENTATION_CONTEXT('2D SPACE',''
  ) );
#4881 = ORIENTED_EDGE('',*,*,#4882,.F.);
#4882 = EDGE_CURVE('',#4883,#4860,#4885,.T.);
#4883 = VERTEX_POINT('',#4884);
#4884 = CARTESIAN_POINT('',(22.,19.,7.3));
#4885 = SURFACE_CURVE('',#4886,(#4890,#4897),.PCURVE_S1.);
#4886 = LINE('',#4887,#4888);
#4887 = CARTESIAN_POINT('',(22.,19.,7.3));
#4888 = VECTOR('',#4889,1.);
#4889 = DIRECTION('',(1.,0.,0.));
#4890 = PCURVE('',#1261,#4891);
#4891 = DEFINITIONAL_REPRESENTATION('',(#4892),#4896);
#4892 = LINE('',#4893,#4894);
#4893 = CARTESIAN_POINT('',(0.,0.));
#4894 = VECTOR('',#4895,1.);
#4895 = DIRECTION('',(0.,1.));
#4896 = ( GEOMETRIC_REPRESENTATION_CONTEXT(2) 
PARAMETRIC_REPRESENTATION_CONTEXT() REPRESENTATION_CONTEXT('2D SPACE',''
  ) );
#4897 = PCURVE('',#4898,#4903);
#4898 = PLANE('',#4899);
#4899 = AXIS2_PLACEMENT_3D('',#4900,#4901,#4902);
#4900 = CARTESIAN_POINT('',(22.,19.,7.3));
#4901 = DIRECTION('',(0.,0.,1.));
#4902 = DIRECTION('',(1.,0.,0.));
#4903 = DEFINITIONAL_REPRESENTATION('',(#4904),#4908);
#4904 = LINE('',#4905,#4906);
#4905 = CARTESIAN_POINT('',(0.,0.));
#4906 = VECTOR('',#4907,1.);
#4907 = DIRECTION('',(1.,0.));
#4908 = ( GEOMETRIC_REPRESENTATION_CONTEXT(2) 
PARAMETRIC_REPRESENTATION_CONTEXT() REPRESENTATION_CONTEXT('2D SPACE',''
  ) );
#4909 = ORIENTED_EDGE('',*,*,#4910,.T.);
#4910 = EDGE_CURVE('',#4883,#1247,#4911,.T.);
#4911 = SURFACE_CURVE('',#4912,(#4916,#4923),.PCURVE_S1.);
#4912 = LINE('',#4913,#4914);
#4913 = CARTESIAN_POINT('',(22.,19.,7.3));
#4914 = VECTOR('',#4915,1.);
#4915 = DIRECTION('',(0.,0.,1.));
#4916 = PCURVE('',#1261,#4917);
#4917 = DEFINITIONAL_REPRESENTATION('',(#4918),#4922);
#4918 = LINE('',#4919,#4920);
#4919 = CARTESIAN_POINT('',(0.,0.));
#4920 = VECTOR('',#4921,1.);
#4921 = DIRECTION('',(1.,0.));
#4922 = ( GEOMETRIC_REPRESENTATION_CONTEXT(2) 
PARAMETRIC_REPRESENTATION_CONTEXT() REPRESENTATION_CONTEXT('2D SPACE',''
  ) );
#4923 = PCURVE('',#1287,#4924);
#4924 = DEFINITIONAL_REPRESENTATION('',(#4925),#4929);
#4925 = LINE('',#4926,#4927);
#4926 = CARTESIAN_POINT('',(0.,0.));
#4927 = VECTOR('',#4928,1.);
#4928 = DIRECTION('',(1.,0.));
#4929 = ( GEOMETRIC_REPRESENTATION_CONTEXT(2) 
PARAMETRIC_REPRESENTATION_CONTEXT() REPRESENTATION_CONTEXT('2D SPACE',''
  ) );
#4930 = ORIENTED_EDGE('',*,*,#1244,.F.);
#4931 = ADVANCED_FACE('',(#4932),#1337,.F.);
#4932 = FACE_BOUND('',#4933,.F.);
#4933 = EDGE_LOOP('',(#4934,#4935,#4958,#4979));
#4934 = ORIENTED_EDGE('',*,*,#4859,.F.);
#4935 = ORIENTED_EDGE('',*,*,#4936,.T.);
#4936 = EDGE_CURVE('',#4860,#4937,#4939,.T.);
#4937 = VERTEX_POINT('',#4938);
#4938 = CARTESIAN_POINT('',(23.4,25.,7.3));
#4939 = SURFACE_CURVE('',#4940,(#4944,#4951),.PCURVE_S1.);
#4940 = LINE('',#4941,#4942);
#4941 = CARTESIAN_POINT('',(23.4,19.,7.3));
#4942 = VECTOR('',#4943,1.);
#4943 = DIRECTION('',(0.,1.,0.));
#4944 = PCURVE('',#1337,#4945);
#4945 = DEFINITIONAL_REPRESENTATION('',(#4946),#4950);
#4946 = LINE('',#4947,#4948);
#4947 = CARTESIAN_POINT('',(0.,0.));
#4948 = VECTOR('',#4949,1.);
#4949 = DIRECTION('',(0.,-1.));
#4950 = ( GEOMETRIC_REPRESENTATION_CONTEXT(2) 
PARAMETRIC_REPRESENTATION_CONTEXT() REPRESENTATION_CONTEXT('2D SPACE',''
  ) );
#4951 = PCURVE('',#4898,#4952);
#4952 = DEFINITIONAL_REPRESENTATION('',(#4953),#4957);
#4953 = LINE('',#4954,#4955);
#4954 = CARTESIAN_POINT('',(1.4,0.));
#4955 = VECTOR('',#4956,1.);
#4956 = DIRECTION('',(0.,1.));
#4957 = ( GEOMETRIC_REPRESENTATION_CONTEXT(2) 
PARAMETRIC_REPRESENTATION_CONTEXT() REPRESENTATION_CONTEXT('2D SPACE',''
  ) );
#4958 = ORIENTED_EDGE('',*,*,#4959,.T.);
#4959 = EDGE_CURVE('',#4937,#1299,#4960,.T.);
#4960 = SURFACE_CURVE('',#4961,(#4965,#4972),.PCURVE_S1.);
#4961 = LINE('',#4962,#4963);
#4962 = CARTESIAN_POINT('',(23.4,25.,7.3));
#4963 = VECTOR('',#4964,1.);
#4964 = DIRECTION('',(0.,0.,1.));
#4965 = PCURVE('',#1337,#4966);
#4966 = DEFINITIONAL_REPRESENTATION('',(#4967),#4971);
#4967 = LINE('',#4968,#4969);
#4968 = CARTESIAN_POINT('',(0.,-6.));
#4969 = VECTOR('',#4970,1.);
#4970 = DIRECTION('',(1.,0.));
#4971 = ( GEOMETRIC_REPRESENTATION_CONTEXT(2) 
PARAMETRIC_REPRESENTATION_CONTEXT() REPRESENTATION_CONTEXT('2D SPACE',''
  ) );
#4972 = PCURVE('',#1313,#4973);
#4973 = DEFINITIONAL_REPRESENTATION('',(#4974),#4978);
#4974 = LINE('',#4975,#4976);
#4975 = CARTESIAN_POINT('',(0.,1.4));
#4976 = VECTOR('',#4977,1.);
#4977 = DIRECTION('',(1.,0.));
#4978 = ( GEOMETRIC_REPRESENTATION_CONTEXT(2) 
PARAMETRIC_REPRESENTATION_CONTEXT() REPRESENTATION_CONTEXT('2D SPACE',''
  ) );
#4979 = ORIENTED_EDGE('',*,*,#1324,.F.);
#4980 = ADVANCED_FACE('',(#4981),#1287,.T.);
#4981 = FACE_BOUND('',#4982,.T.);
#4982 = EDGE_LOOP('',(#4983,#4984,#5007,#5028));
#4983 = ORIENTED_EDGE('',*,*,#4910,.F.);
#4984 = ORIENTED_EDGE('',*,*,#4985,.T.);
#4985 = EDGE_CURVE('',#4883,#4986,#4988,.T.);
#4986 = VERTEX_POINT('',#4987);
#4987 = CARTESIAN_POINT('',(22.,25.,7.3));
#4988 = SURFACE_CURVE('',#4989,(#4993,#5000),.PCURVE_S1.);
#4989 = LINE('',#4990,#4991);
#4990 = CARTESIAN_POINT('',(22.,19.,7.3));
#4991 = VECTOR('',#4992,1.);
#4992 = DIRECTION('',(0.,1.,0.));
#4993 = PCURVE('',#1287,#4994);
#4994 = DEFINITIONAL_REPRESENTATION('',(#4995),#4999);
#4995 = LINE('',#4996,#4997);
#4996 = CARTESIAN_POINT('',(0.,0.));
#4997 = VECTOR('',#4998,1.);
#4998 = DIRECTION('',(0.,-1.));
#4999 = ( GEOMETRIC_REPRESENTATION_CONTEXT(2) 
PARAMETRIC_REPRESENTATION_CONTEXT() REPRESENTATION_CONTEXT('2D SPACE',''
  ) );
#5000 = PCURVE('',#4898,#5001);
#5001 = DEFINITIONAL_REPRESENTATION('',(#5002),#5006);
#5002 = LINE('',#5003,#5004);
#5003 = CARTESIAN_POINT('',(0.,0.));
#5004 = VECTOR('',#5005,1.);
#5005 = DIRECTION('',(0.,1.));
#5006 = ( GEOMETRIC_REPRESENTATION_CONTEXT(2) 
PARAMETRIC_REPRESENTATION_CONTEXT() REPRESENTATION_CONTEXT('2D SPACE',''
  ) );
#5007 = ORIENTED_EDGE('',*,*,#5008,.T.);
#5008 = EDGE_CURVE('',#4986,#1273,#5009,.T.);
#5009 = SURFACE_CURVE('',#5010,(#5014,#5021),.PCURVE_S1.);
#5010 = LINE('',#5011,#5012);
#5011 = CARTESIAN_POINT('',(22.,25.,7.3));
#5012 = VECTOR('',#5013,1.);
#5013 = DIRECTION('',(0.,0.,1.));
#5014 = PCURVE('',#1287,#5015);
#5015 = DEFINITIONAL_REPRESENTATION('',(#5016),#5020);
#5016 = LINE('',#5017,#5018);
#5017 = CARTESIAN_POINT('',(0.,-6.));
#5018 = VECTOR('',#5019,1.);
#5019 = DIRECTION('',(1.,0.));
#5020 = ( GEOMETRIC_REPRESENTATION_CONTEXT(2) 
PARAMETRIC_REPRESENTATION_CONTEXT() REPRESENTATION_CONTEXT('2D SPACE',''
  ) );
#5021 = PCURVE('',#1313,#5022);
#5022 = DEFINITIONAL_REPRESENTATION('',(#5023),#5027);
#5023 = LINE('',#5024,#5025);
#5024 = CARTESIAN_POINT('',(0.,0.));
#5025 = VECTOR('',#5026,1.);
#5026 = DIRECTION('',(1.,0.));
#5027 = ( GEOMETRIC_REPRESENTATION_CONTEXT(2) 
PARAMETRIC_REPRESENTATION_CONTEXT() REPRESENTATION_CONTEXT('2D SPACE',''
  ) );
#5028 = ORIENTED_EDGE('',*,*,#1272,.F.);
#5029 = ADVANCED_FACE('',(#5030),#1313,.F.);
#5030 = FACE_BOUND('',#5031,.F.);
#5031 = EDGE_LOOP('',(#5032,#5033,#5054,#5055));
#5032 = ORIENTED_EDGE('',*,*,#4959,.F.);
#5033 = ORIENTED_EDGE('',*,*,#5034,.F.);
#5034 = EDGE_CURVE('',#4986,#4937,#5035,.T.);
#5035 = SURFACE_CURVE('',#5036,(#5040,#5047),.PCURVE_S1.);
#5036 = LINE('',#5037,#5038);
#5037 = CARTESIAN_POINT('',(22.,25.,7.3));
#5038 = VECTOR('',#5039,1.);
#5039 = DIRECTION('',(1.,0.,0.));
#5040 = PCURVE('',#1313,#5041);
#5041 = DEFINITIONAL_REPRESENTATION('',(#5042),#5046);
#5042 = LINE('',#5043,#5044);
#5043 = CARTESIAN_POINT('',(0.,0.));
#5044 = VECTOR('',#5045,1.);
#5045 = DIRECTION('',(0.,1.));
#5046 = ( GEOMETRIC_REPRESENTATION_CONTEXT(2) 
PARAMETRIC_REPRESENTATION_CONTEXT() REPRESENTATION_CONTEXT('2D SPACE',''
  ) );
#5047 = PCURVE('',#4898,#5048);
#5048 = DEFINITIONAL_REPRESENTATION('',(#5049),#5053);
#5049 = LINE('',#5050,#5051);
#5050 = CARTESIAN_POINT('',(0.,6.));
#5051 = VECTOR('',#5052,1.);
#5052 = DIRECTION('',(1.,0.));
#5053 = ( GEOMETRIC_REPRESENTATION_CONTEXT(2) 
PARAMETRIC_REPRESENTATION_CONTEXT() REPRESENTATION_CONTEXT('2D SPACE',''
  ) );
#5054 = ORIENTED_EDGE('',*,*,#5008,.T.);
#5055 = ORIENTED_EDGE('',*,*,#1298,.F.);
#5056 = ADVANCED_FACE('',(#5057),#1367,.T.);
#5057 = FACE_BOUND('',#5058,.T.);
#5058 = EDGE_LOOP('',(#5059,#5082,#5110,#5131));
#5059 = ORIENTED_EDGE('',*,*,#5060,.F.);
#5060 = EDGE_CURVE('',#5061,#1351,#5063,.T.);
#5061 = VERTEX_POINT('',#5062);
#5062 = CARTESIAN_POINT('',(26.4,19.,7.3));
#5063 = SURFACE_CURVE('',#5064,(#5068,#5075),.PCURVE_S1.);
#5064 = LINE('',#5065,#5066);
#5065 = CARTESIAN_POINT('',(26.4,19.,7.3));
#5066 = VECTOR('',#5067,1.);
#5067 = DIRECTION('',(0.,0.,1.));
#5068 = PCURVE('',#1367,#5069);
#5069 = DEFINITIONAL_REPRESENTATION('',(#5070),#5074);
#5070 = LINE('',#5071,#5072);
#5071 = CARTESIAN_POINT('',(0.,1.4));
#5072 = VECTOR('',#5073,1.);
#5073 = DIRECTION('',(1.,0.));
#5074 = ( GEOMETRIC_REPRESENTATION_CONTEXT(2) 
PARAMETRIC_REPRESENTATION_CONTEXT() REPRESENTATION_CONTEXT('2D SPACE',''
  ) );
#5075 = PCURVE('',#1443,#5076);
#5076 = DEFINITIONAL_REPRESENTATION('',(#5077),#5081);
#5077 = LINE('',#5078,#5079);
#5078 = CARTESIAN_POINT('',(0.,0.));
#5079 = VECTOR('',#5080,1.);
#5080 = DIRECTION('',(1.,0.));
#5081 = ( GEOMETRIC_REPRESENTATION_CONTEXT(2) 
PARAMETRIC_REPRESENTATION_CONTEXT() REPRESENTATION_CONTEXT('2D SPACE',''
  ) );
#5082 = ORIENTED_EDGE('',*,*,#5083,.F.);
#5083 = EDGE_CURVE('',#5084,#5061,#5086,.T.);
#5084 = VERTEX_POINT('',#5085);
#5085 = CARTESIAN_POINT('',(25.,19.,7.3));
#5086 = SURFACE_CURVE('',#5087,(#5091,#5098),.PCURVE_S1.);
#5087 = LINE('',#5088,#5089);
#5088 = CARTESIAN_POINT('',(25.,19.,7.3));
#5089 = VECTOR('',#5090,1.);
#5090 = DIRECTION('',(1.,0.,0.));
#5091 = PCURVE('',#1367,#5092);
#5092 = DEFINITIONAL_REPRESENTATION('',(#5093),#5097);
#5093 = LINE('',#5094,#5095);
#5094 = CARTESIAN_POINT('',(0.,0.));
#5095 = VECTOR('',#5096,1.);
#5096 = DIRECTION('',(0.,1.));
#5097 = ( GEOMETRIC_REPRESENTATION_CONTEXT(2) 
PARAMETRIC_REPRESENTATION_CONTEXT() REPRESENTATION_CONTEXT('2D SPACE',''
  ) );
#5098 = PCURVE('',#5099,#5104);
#5099 = PLANE('',#5100);
#5100 = AXIS2_PLACEMENT_3D('',#5101,#5102,#5103);
#5101 = CARTESIAN_POINT('',(25.,19.,7.3));
#5102 = DIRECTION('',(0.,0.,1.));
#5103 = DIRECTION('',(1.,0.,0.));
#5104 = DEFINITIONAL_REPRESENTATION('',(#5105),#5109);
#5105 = LINE('',#5106,#5107);
#5106 = CARTESIAN_POINT('',(0.,0.));
#5107 = VECTOR('',#5108,1.);
#5108 = DIRECTION('',(1.,0.));
#5109 = ( GEOMETRIC_REPRESENTATION_CONTEXT(2) 
PARAMETRIC_REPRESENTATION_CONTEXT() REPRESENTATION_CONTEXT('2D SPACE',''
  ) );
#5110 = ORIENTED_EDGE('',*,*,#5111,.T.);
#5111 = EDGE_CURVE('',#5084,#1353,#5112,.T.);
#5112 = SURFACE_CURVE('',#5113,(#5117,#5124),.PCURVE_S1.);
#5113 = LINE('',#5114,#5115);
#5114 = CARTESIAN_POINT('',(25.,19.,7.3));
#5115 = VECTOR('',#5116,1.);
#5116 = DIRECTION('',(0.,0.,1.));
#5117 = PCURVE('',#1367,#5118);
#5118 = DEFINITIONAL_REPRESENTATION('',(#5119),#5123);
#5119 = LINE('',#5120,#5121);
#5120 = CARTESIAN_POINT('',(0.,0.));
#5121 = VECTOR('',#5122,1.);
#5122 = DIRECTION('',(1.,0.));
#5123 = ( GEOMETRIC_REPRESENTATION_CONTEXT(2) 
PARAMETRIC_REPRESENTATION_CONTEXT() REPRESENTATION_CONTEXT('2D SPACE',''
  ) );
#5124 = PCURVE('',#1393,#5125);
#5125 = DEFINITIONAL_REPRESENTATION('',(#5126),#5130);
#5126 = LINE('',#5127,#5128);
#5127 = CARTESIAN_POINT('',(0.,0.));
#5128 = VECTOR('',#5129,1.);
#5129 = DIRECTION('',(1.,0.));
#5130 = ( GEOMETRIC_REPRESENTATION_CONTEXT(2) 
PARAMETRIC_REPRESENTATION_CONTEXT() REPRESENTATION_CONTEXT('2D SPACE',''
  ) );
#5131 = ORIENTED_EDGE('',*,*,#1350,.F.);
#5132 = ADVANCED_FACE('',(#5133),#1443,.F.);
#5133 = FACE_BOUND('',#5134,.F.);
#5134 = EDGE_LOOP('',(#5135,#5136,#5159,#5180));
#5135 = ORIENTED_EDGE('',*,*,#5060,.F.);
#5136 = ORIENTED_EDGE('',*,*,#5137,.T.);
#5137 = EDGE_CURVE('',#5061,#5138,#5140,.T.);
#5138 = VERTEX_POINT('',#5139);
#5139 = CARTESIAN_POINT('',(26.4,25.,7.3));
#5140 = SURFACE_CURVE('',#5141,(#5145,#5152),.PCURVE_S1.);
#5141 = LINE('',#5142,#5143);
#5142 = CARTESIAN_POINT('',(26.4,19.,7.3));
#5143 = VECTOR('',#5144,1.);
#5144 = DIRECTION('',(0.,1.,0.));
#5145 = PCURVE('',#1443,#5146);
#5146 = DEFINITIONAL_REPRESENTATION('',(#5147),#5151);
#5147 = LINE('',#5148,#5149);
#5148 = CARTESIAN_POINT('',(0.,0.));
#5149 = VECTOR('',#5150,1.);
#5150 = DIRECTION('',(0.,-1.));
#5151 = ( GEOMETRIC_REPRESENTATION_CONTEXT(2) 
PARAMETRIC_REPRESENTATION_CONTEXT() REPRESENTATION_CONTEXT('2D SPACE',''
  ) );
#5152 = PCURVE('',#5099,#5153);
#5153 = DEFINITIONAL_REPRESENTATION('',(#5154),#5158);
#5154 = LINE('',#5155,#5156);
#5155 = CARTESIAN_POINT('',(1.4,0.));
#5156 = VECTOR('',#5157,1.);
#5157 = DIRECTION('',(0.,1.));
#5158 = ( GEOMETRIC_REPRESENTATION_CONTEXT(2) 
PARAMETRIC_REPRESENTATION_CONTEXT() REPRESENTATION_CONTEXT('2D SPACE',''
  ) );
#5159 = ORIENTED_EDGE('',*,*,#5160,.T.);
#5160 = EDGE_CURVE('',#5138,#1405,#5161,.T.);
#5161 = SURFACE_CURVE('',#5162,(#5166,#5173),.PCURVE_S1.);
#5162 = LINE('',#5163,#5164);
#5163 = CARTESIAN_POINT('',(26.4,25.,7.3));
#5164 = VECTOR('',#5165,1.);
#5165 = DIRECTION('',(0.,0.,1.));
#5166 = PCURVE('',#1443,#5167);
#5167 = DEFINITIONAL_REPRESENTATION('',(#5168),#5172);
#5168 = LINE('',#5169,#5170);
#5169 = CARTESIAN_POINT('',(0.,-6.));
#5170 = VECTOR('',#5171,1.);
#5171 = DIRECTION('',(1.,0.));
#5172 = ( GEOMETRIC_REPRESENTATION_CONTEXT(2) 
PARAMETRIC_REPRESENTATION_CONTEXT() REPRESENTATION_CONTEXT('2D SPACE',''
  ) );
#5173 = PCURVE('',#1419,#5174);
#5174 = DEFINITIONAL_REPRESENTATION('',(#5175),#5179);
#5175 = LINE('',#5176,#5177);
#5176 = CARTESIAN_POINT('',(0.,1.4));
#5177 = VECTOR('',#5178,1.);
#5178 = DIRECTION('',(1.,0.));
#5179 = ( GEOMETRIC_REPRESENTATION_CONTEXT(2) 
PARAMETRIC_REPRESENTATION_CONTEXT() REPRESENTATION_CONTEXT('2D SPACE',''
  ) );
#5180 = ORIENTED_EDGE('',*,*,#1430,.F.);
#5181 = ADVANCED_FACE('',(#5182),#1419,.F.);
#5182 = FACE_BOUND('',#5183,.F.);
#5183 = EDGE_LOOP('',(#5184,#5185,#5208,#5229));
#5184 = ORIENTED_EDGE('',*,*,#5160,.F.);
#5185 = ORIENTED_EDGE('',*,*,#5186,.F.);
#5186 = EDGE_CURVE('',#5187,#5138,#5189,.T.);
#5187 = VERTEX_POINT('',#5188);
#5188 = CARTESIAN_POINT('',(25.,25.,7.3));
#5189 = SURFACE_CURVE('',#5190,(#5194,#5201),.PCURVE_S1.);
#5190 = LINE('',#5191,#5192);
#5191 = CARTESIAN_POINT('',(25.,25.,7.3));
#5192 = VECTOR('',#5193,1.);
#5193 = DIRECTION('',(1.,0.,0.));
#5194 = PCURVE('',#1419,#5195);
#5195 = DEFINITIONAL_REPRESENTATION('',(#5196),#5200);
#5196 = LINE('',#5197,#5198);
#5197 = CARTESIAN_POINT('',(0.,0.));
#5198 = VECTOR('',#5199,1.);
#5199 = DIRECTION('',(0.,1.));
#5200 = ( GEOMETRIC_REPRESENTATION_CONTEXT(2) 
PARAMETRIC_REPRESENTATION_CONTEXT() REPRESENTATION_CONTEXT('2D SPACE',''
  ) );
#5201 = PCURVE('',#5099,#5202);
#5202 = DEFINITIONAL_REPRESENTATION('',(#5203),#5207);
#5203 = LINE('',#5204,#5205);
#5204 = CARTESIAN_POINT('',(0.,6.));
#5205 = VECTOR('',#5206,1.);
#5206 = DIRECTION('',(1.,0.));
#5207 = ( GEOMETRIC_REPRESENTATION_CONTEXT(2) 
PARAMETRIC_REPRESENTATION_CONTEXT() REPRESENTATION_CONTEXT('2D SPACE',''
  ) );
#5208 = ORIENTED_EDGE('',*,*,#5209,.T.);
#5209 = EDGE_CURVE('',#5187,#1379,#5210,.T.);
#5210 = SURFACE_CURVE('',#5211,(#5215,#5222),.PCURVE_S1.);
#5211 = LINE('',#5212,#5213);
#5212 = CARTESIAN_POINT('',(25.,25.,7.3));
#5213 = VECTOR('',#5214,1.);
#5214 = DIRECTION('',(0.,0.,1.));
#5215 = PCURVE('',#1419,#5216);
#5216 = DEFINITIONAL_REPRESENTATION('',(#5217),#5221);
#5217 = LINE('',#5218,#5219);
#5218 = CARTESIAN_POINT('',(0.,0.));
#5219 = VECTOR('',#5220,1.);
#5220 = DIRECTION('',(1.,0.));
#5221 = ( GEOMETRIC_REPRESENTATION_CONTEXT(2) 
PARAMETRIC_REPRESENTATION_CONTEXT() REPRESENTATION_CONTEXT('2D SPACE',''
  ) );
#5222 = PCURVE('',#1393,#5223);
#5223 = DEFINITIONAL_REPRESENTATION('',(#5224),#5228);
#5224 = LINE('',#5225,#5226);
#5225 = CARTESIAN_POINT('',(0.,-6.));
#5226 = VECTOR('',#5227,1.);
#5227 = DIRECTION('',(1.,0.));
#5228 = ( GEOMETRIC_REPRESENTATION_CONTEXT(2) 
PARAMETRIC_REPRESENTATION_CONTEXT() REPRESENTATION_CONTEXT('2D SPACE',''
  ) );
#5229 = ORIENTED_EDGE('',*,*,#1404,.F.);
#5230 = ADVANCED_FACE('',(#5231),#1393,.T.);
#5231 = FACE_BOUND('',#5232,.T.);
#5232 = EDGE_LOOP('',(#5233,#5234,#5255,#5256));
#5233 = ORIENTED_EDGE('',*,*,#5111,.F.);
#5234 = ORIENTED_EDGE('',*,*,#5235,.T.);
#5235 = EDGE_CURVE('',#5084,#5187,#5236,.T.);
#5236 = SURFACE_CURVE('',#5237,(#5241,#5248),.PCURVE_S1.);
#5237 = LINE('',#5238,#5239);
#5238 = CARTESIAN_POINT('',(25.,19.,7.3));
#5239 = VECTOR('',#5240,1.);
#5240 = DIRECTION('',(0.,1.,0.));
#5241 = PCURVE('',#1393,#5242);
#5242 = DEFINITIONAL_REPRESENTATION('',(#5243),#5247);
#5243 = LINE('',#5244,#5245);
#5244 = CARTESIAN_POINT('',(0.,0.));
#5245 = VECTOR('',#5246,1.);
#5246 = DIRECTION('',(0.,-1.));
#5247 = ( GEOMETRIC_REPRESENTATION_CONTEXT(2) 
PARAMETRIC_REPRESENTATION_CONTEXT() REPRESENTATION_CONTEXT('2D SPACE',''
  ) );
#5248 = PCURVE('',#5099,#5249);
#5249 = DEFINITIONAL_REPRESENTATION('',(#5250),#5254);
#5250 = LINE('',#5251,#5252);
#5251 = CARTESIAN_POINT('',(0.,0.));
#5252 = VECTOR('',#5253,1.);
#5253 = DIRECTION('',(0.,1.));
#5254 = ( GEOMETRIC_REPRESENTATION_CONTEXT(2) 
PARAMETRIC_REPRESENTATION_CONTEXT() REPRESENTATION_CONTEXT('2D SPACE',''
  ) );
#5255 = ORIENTED_EDGE('',*,*,#5209,.T.);
#5256 = ORIENTED_EDGE('',*,*,#1378,.F.);
#5257 = ADVANCED_FACE('',(#5258),#1518,.F.);
#5258 = FACE_BOUND('',#5259,.F.);
#5259 = EDGE_LOOP('',(#5260,#5261,#5262,#5263));
#5260 = ORIENTED_EDGE('',*,*,#1612,.F.);
#5261 = ORIENTED_EDGE('',*,*,#1504,.F.);
#5262 = ORIENTED_EDGE('',*,*,#1558,.T.);
#5263 = ORIENTED_EDGE('',*,*,#5264,.F.);
#5264 = EDGE_CURVE('',#1613,#1559,#5265,.T.);
#5265 = SURFACE_CURVE('',#5266,(#5270,#5277),.PCURVE_S1.);
#5266 = LINE('',#5267,#5268);
#5267 = CARTESIAN_POINT('',(10.,44.,28.));
#5268 = VECTOR('',#5269,1.);
#5269 = DIRECTION('',(-1.,1.110223024625E-16,0.));
#5270 = PCURVE('',#1518,#5271);
#5271 = DEFINITIONAL_REPRESENTATION('',(#5272),#5276);
#5272 = LINE('',#5273,#5274);
#5273 = CARTESIAN_POINT('',(24.1,0.));
#5274 = VECTOR('',#5275,1.);
#5275 = DIRECTION('',(0.,-1.));
#5276 = ( GEOMETRIC_REPRESENTATION_CONTEXT(2) 
PARAMETRIC_REPRESENTATION_CONTEXT() REPRESENTATION_CONTEXT('2D SPACE',''
  ) );
#5277 = PCURVE('',#1595,#5278);
#5278 = DEFINITIONAL_REPRESENTATION('',(#5279),#5283);
#5279 = LINE('',#5280,#5281);
#5280 = CARTESIAN_POINT('',(0.,0.));
#5281 = VECTOR('',#5282,1.);
#5282 = DIRECTION('',(0.,1.));
#5283 = ( GEOMETRIC_REPRESENTATION_CONTEXT(2) 
PARAMETRIC_REPRESENTATION_CONTEXT() REPRESENTATION_CONTEXT('2D SPACE',''
  ) );
#5284 = ADVANCED_FACE('',(#5285),#1595,.T.);
#5285 = FACE_BOUND('',#5286,.T.);
#5286 = EDGE_LOOP('',(#5287,#5288,#5289,#5290));
#5287 = ORIENTED_EDGE('',*,*,#1581,.F.);
#5288 = ORIENTED_EDGE('',*,*,#5264,.F.);
#5289 = ORIENTED_EDGE('',*,*,#1635,.F.);
#5290 = ORIENTED_EDGE('',*,*,#1860,.T.);
#5291 = ADVANCED_FACE('',(#5292),#1721,.T.);
#5292 = FACE_BOUND('',#5293,.T.);
#5293 = EDGE_LOOP('',(#5294,#5317,#5318,#5319,#5320,#5343));
#5294 = ORIENTED_EDGE('',*,*,#5295,.F.);
#5295 = EDGE_CURVE('',#1889,#5296,#5298,.T.);
#5296 = VERTEX_POINT('',#5297);
#5297 = CARTESIAN_POINT('',(-16.,68.,5.));
#5298 = SURFACE_CURVE('',#5299,(#5303,#5310),.PCURVE_S1.);
#5299 = LINE('',#5300,#5301);
#5300 = CARTESIAN_POINT('',(-16.,42.,5.));
#5301 = VECTOR('',#5302,1.);
#5302 = DIRECTION('',(1.110223024625E-16,1.,0.));
#5303 = PCURVE('',#1721,#5304);
#5304 = DEFINITIONAL_REPRESENTATION('',(#5305),#5309);
#5305 = LINE('',#5306,#5307);
#5306 = CARTESIAN_POINT('',(-2.48689957516E-15,22.4));
#5307 = VECTOR('',#5308,1.);
#5308 = DIRECTION('',(1.,0.));
#5309 = ( GEOMETRIC_REPRESENTATION_CONTEXT(2) 
PARAMETRIC_REPRESENTATION_CONTEXT() REPRESENTATION_CONTEXT('2D SPACE',''
  ) );
#5310 = PCURVE('',#1927,#5311);
#5311 = DEFINITIONAL_REPRESENTATION('',(#5312),#5316);
#5312 = LINE('',#5313,#5314);
#5313 = CARTESIAN_POINT('',(5.,0.));
#5314 = VECTOR('',#5315,1.);
#5315 = DIRECTION('',(0.,1.));
#5316 = ( GEOMETRIC_REPRESENTATION_CONTEXT(2) 
PARAMETRIC_REPRESENTATION_CONTEXT() REPRESENTATION_CONTEXT('2D SPACE',''
  ) );
#5317 = ORIENTED_EDGE('',*,*,#1888,.T.);
#5318 = ORIENTED_EDGE('',*,*,#1705,.F.);
#5319 = ORIENTED_EDGE('',*,*,#1837,.T.);
#5320 = ORIENTED_EDGE('',*,*,#5321,.T.);
#5321 = EDGE_CURVE('',#1810,#5322,#5324,.T.);
#5322 = VERTEX_POINT('',#5323);
#5323 = CARTESIAN_POINT('',(6.4,68.,5.));
#5324 = SURFACE_CURVE('',#5325,(#5329,#5336),.PCURVE_S1.);
#5325 = LINE('',#5326,#5327);
#5326 = CARTESIAN_POINT('',(6.4,42.,5.));
#5327 = VECTOR('',#5328,1.);
#5328 = DIRECTION('',(1.110223024625E-16,1.,0.));
#5329 = PCURVE('',#1721,#5330);
#5330 = DEFINITIONAL_REPRESENTATION('',(#5331),#5335);
#5331 = LINE('',#5332,#5333);
#5332 = CARTESIAN_POINT('',(0.,0.));
#5333 = VECTOR('',#5334,1.);
#5334 = DIRECTION('',(1.,0.));
#5335 = ( GEOMETRIC_REPRESENTATION_CONTEXT(2) 
PARAMETRIC_REPRESENTATION_CONTEXT() REPRESENTATION_CONTEXT('2D SPACE',''
  ) );
#5336 = PCURVE('',#1825,#5337);
#5337 = DEFINITIONAL_REPRESENTATION('',(#5338),#5342);
#5338 = LINE('',#5339,#5340);
#5339 = CARTESIAN_POINT('',(5.,0.));
#5340 = VECTOR('',#5341,1.);
#5341 = DIRECTION('',(0.,1.));
#5342 = ( GEOMETRIC_REPRESENTATION_CONTEXT(2) 
PARAMETRIC_REPRESENTATION_CONTEXT() REPRESENTATION_CONTEXT('2D SPACE',''
  ) );
#5343 = ORIENTED_EDGE('',*,*,#5344,.T.);
#5344 = EDGE_CURVE('',#5322,#5296,#5345,.T.);
#5345 = SURFACE_CURVE('',#5346,(#5350,#5357),.PCURVE_S1.);
#5346 = LINE('',#5347,#5348);
#5347 = CARTESIAN_POINT('',(6.4,68.,5.));
#5348 = VECTOR('',#5349,1.);
#5349 = DIRECTION('',(-1.,1.110223024625E-16,0.));
#5350 = PCURVE('',#1721,#5351);
#5351 = DEFINITIONAL_REPRESENTATION('',(#5352),#5356);
#5352 = LINE('',#5353,#5354);
#5353 = CARTESIAN_POINT('',(26.,-6.661338147751E-16));
#5354 = VECTOR('',#5355,1.);
#5355 = DIRECTION('',(0.,1.));
#5356 = ( GEOMETRIC_REPRESENTATION_CONTEXT(2) 
PARAMETRIC_REPRESENTATION_CONTEXT() REPRESENTATION_CONTEXT('2D SPACE',''
  ) );
#5357 = PCURVE('',#5358,#5363);
#5358 = PLANE('',#5359);
#5359 = AXIS2_PLACEMENT_3D('',#5360,#5361,#5362);
#5360 = CARTESIAN_POINT('',(6.4,68.,0.));
#5361 = DIRECTION('',(1.110223024625E-16,1.,0.));
#5362 = DIRECTION('',(0.,0.,1.));
#5363 = DEFINITIONAL_REPRESENTATION('',(#5364),#5368);
#5364 = LINE('',#5365,#5366);
#5365 = CARTESIAN_POINT('',(5.,0.));
#5366 = VECTOR('',#5367,1.);
#5367 = DIRECTION('',(0.,-1.));
#5368 = ( GEOMETRIC_REPRESENTATION_CONTEXT(2) 
PARAMETRIC_REPRESENTATION_CONTEXT() REPRESENTATION_CONTEXT('2D SPACE',''
  ) );
#5369 = ADVANCED_FACE('',(#5370),#1825,.F.);
#5370 = FACE_BOUND('',#5371,.F.);
#5371 = EDGE_LOOP('',(#5372,#5395,#5396,#5397));
#5372 = ORIENTED_EDGE('',*,*,#5373,.F.);
#5373 = EDGE_CURVE('',#1782,#5374,#5376,.T.);
#5374 = VERTEX_POINT('',#5375);
#5375 = CARTESIAN_POINT('',(6.4,68.,0.));
#5376 = SURFACE_CURVE('',#5377,(#5381,#5388),.PCURVE_S1.);
#5377 = LINE('',#5378,#5379);
#5378 = CARTESIAN_POINT('',(6.4,42.,0.));
#5379 = VECTOR('',#5380,1.);
#5380 = DIRECTION('',(1.110223024625E-16,1.,0.));
#5381 = PCURVE('',#1825,#5382);
#5382 = DEFINITIONAL_REPRESENTATION('',(#5383),#5387);
#5383 = LINE('',#5384,#5385);
#5384 = CARTESIAN_POINT('',(0.,0.));
#5385 = VECTOR('',#5386,1.);
#5386 = DIRECTION('',(0.,1.));
#5387 = ( GEOMETRIC_REPRESENTATION_CONTEXT(2) 
PARAMETRIC_REPRESENTATION_CONTEXT() REPRESENTATION_CONTEXT('2D SPACE',''
  ) );
#5388 = PCURVE('',#1797,#5389);
#5389 = DEFINITIONAL_REPRESENTATION('',(#5390),#5394);
#5390 = LINE('',#5391,#5392);
#5391 = CARTESIAN_POINT('',(12.,19.6));
#5392 = VECTOR('',#5393,1.);
#5393 = DIRECTION('',(1.,0.));
#5394 = ( GEOMETRIC_REPRESENTATION_CONTEXT(2) 
PARAMETRIC_REPRESENTATION_CONTEXT() REPRESENTATION_CONTEXT('2D SPACE',''
  ) );
#5395 = ORIENTED_EDGE('',*,*,#1809,.T.);
#5396 = ORIENTED_EDGE('',*,*,#5321,.T.);
#5397 = ORIENTED_EDGE('',*,*,#5398,.F.);
#5398 = EDGE_CURVE('',#5374,#5322,#5399,.T.);
#5399 = SURFACE_CURVE('',#5400,(#5404,#5411),.PCURVE_S1.);
#5400 = LINE('',#5401,#5402);
#5401 = CARTESIAN_POINT('',(6.4,68.,0.));
#5402 = VECTOR('',#5403,1.);
#5403 = DIRECTION('',(0.,0.,1.));
#5404 = PCURVE('',#1825,#5405);
#5405 = DEFINITIONAL_REPRESENTATION('',(#5406),#5410);
#5406 = LINE('',#5407,#5408);
#5407 = CARTESIAN_POINT('',(0.,26.));
#5408 = VECTOR('',#5409,1.);
#5409 = DIRECTION('',(1.,0.));
#5410 = ( GEOMETRIC_REPRESENTATION_CONTEXT(2) 
PARAMETRIC_REPRESENTATION_CONTEXT() REPRESENTATION_CONTEXT('2D SPACE',''
  ) );
#5411 = PCURVE('',#5358,#5412);
#5412 = DEFINITIONAL_REPRESENTATION('',(#5413),#5417);
#5413 = LINE('',#5414,#5415);
#5414 = CARTESIAN_POINT('',(0.,0.));
#5415 = VECTOR('',#5416,1.);
#5416 = DIRECTION('',(1.,0.));
#5417 = ( GEOMETRIC_REPRESENTATION_CONTEXT(2) 
PARAMETRIC_REPRESENTATION_CONTEXT() REPRESENTATION_CONTEXT('2D SPACE',''
  ) );
#5418 = ADVANCED_FACE('',(#5419,#5642,#5645,#5651,#5657),#1797,.F.);
#5419 = FACE_BOUND('',#5420,.F.);
#5420 = EDGE_LOOP('',(#5421,#5422,#5423,#5424,#5447,#5468,#5469,#5470,
    #5471,#5472,#5473,#5474,#5475,#5476,#5499,#5520,#5521,#5522,#5545,
    #5573,#5594,#5595,#5596,#5597,#5598,#5621));
#5421 = ORIENTED_EDGE('',*,*,#1986,.T.);
#5422 = ORIENTED_EDGE('',*,*,#1781,.T.);
#5423 = ORIENTED_EDGE('',*,*,#5373,.T.);
#5424 = ORIENTED_EDGE('',*,*,#5425,.T.);
#5425 = EDGE_CURVE('',#5374,#5426,#5428,.T.);
#5426 = VERTEX_POINT('',#5427);
#5427 = CARTESIAN_POINT('',(-16.,68.,0.));
#5428 = SURFACE_CURVE('',#5429,(#5433,#5440),.PCURVE_S1.);
#5429 = LINE('',#5430,#5431);
#5430 = CARTESIAN_POINT('',(6.4,68.,0.));
#5431 = VECTOR('',#5432,1.);
#5432 = DIRECTION('',(-1.,1.110223024625E-16,0.));
#5433 = PCURVE('',#1797,#5434);
#5434 = DEFINITIONAL_REPRESENTATION('',(#5435),#5439);
#5435 = LINE('',#5436,#5437);
#5436 = CARTESIAN_POINT('',(38.,19.6));
#5437 = VECTOR('',#5438,1.);
#5438 = DIRECTION('',(0.,1.));
#5439 = ( GEOMETRIC_REPRESENTATION_CONTEXT(2) 
PARAMETRIC_REPRESENTATION_CONTEXT() REPRESENTATION_CONTEXT('2D SPACE',''
  ) );
#5440 = PCURVE('',#5358,#5441);
#5441 = DEFINITIONAL_REPRESENTATION('',(#5442),#5446);
#5442 = LINE('',#5443,#5444);
#5443 = CARTESIAN_POINT('',(0.,0.));
#5444 = VECTOR('',#5445,1.);
#5445 = DIRECTION('',(0.,-1.));
#5446 = ( GEOMETRIC_REPRESENTATION_CONTEXT(2) 
PARAMETRIC_REPRESENTATION_CONTEXT() REPRESENTATION_CONTEXT('2D SPACE',''
  ) );
#5447 = ORIENTED_EDGE('',*,*,#5448,.F.);
#5448 = EDGE_CURVE('',#1912,#5426,#5449,.T.);
#5449 = SURFACE_CURVE('',#5450,(#5454,#5461),.PCURVE_S1.);
#5450 = LINE('',#5451,#5452);
#5451 = CARTESIAN_POINT('',(-16.,42.,0.));
#5452 = VECTOR('',#5453,1.);
#5453 = DIRECTION('',(1.110223024625E-16,1.,0.));
#5454 = PCURVE('',#1797,#5455);
#5455 = DEFINITIONAL_REPRESENTATION('',(#5456),#5460);
#5456 = LINE('',#5457,#5458);
#5457 = CARTESIAN_POINT('',(12.,42.));
#5458 = VECTOR('',#5459,1.);
#5459 = DIRECTION('',(1.,0.));
#5460 = ( GEOMETRIC_REPRESENTATION_CONTEXT(2) 
PARAMETRIC_REPRESENTATION_CONTEXT() REPRESENTATION_CONTEXT('2D SPACE',''
  ) );
#5461 = PCURVE('',#1927,#5462);
#5462 = DEFINITIONAL_REPRESENTATION('',(#5463),#5467);
#5463 = LINE('',#5464,#5465);
#5464 = CARTESIAN_POINT('',(0.,0.));
#5465 = VECTOR('',#5466,1.);
#5466 = DIRECTION('',(0.,1.));
#5467 = ( GEOMETRIC_REPRESENTATION_CONTEXT(2) 
PARAMETRIC_REPRESENTATION_CONTEXT() REPRESENTATION_CONTEXT('2D SPACE',''
  ) );
#5468 = ORIENTED_EDGE('',*,*,#1939,.T.);
#5469 = ORIENTED_EDGE('',*,*,#2323,.F.);
#5470 = ORIENTED_EDGE('',*,*,#2503,.F.);
#5471 = ORIENTED_EDGE('',*,*,#2649,.F.);
#5472 = ORIENTED_EDGE('',*,*,#2750,.F.);
#5473 = ORIENTED_EDGE('',*,*,#2865,.F.);
#5474 = ORIENTED_EDGE('',*,*,#2959,.F.);
#5475 = ORIENTED_EDGE('',*,*,#3034,.T.);
#5476 = ORIENTED_EDGE('',*,*,#5477,.T.);
#5477 = EDGE_CURVE('',#3035,#5478,#5480,.T.);
#5478 = VERTEX_POINT('',#5479);
#5479 = CARTESIAN_POINT('',(132.,-26.,0.));
#5480 = SURFACE_CURVE('',#5481,(#5485,#5492),.PCURVE_S1.);
#5481 = LINE('',#5482,#5483);
#5482 = CARTESIAN_POINT('',(30.,-26.,0.));
#5483 = VECTOR('',#5484,1.);
#5484 = DIRECTION('',(1.,0.,0.));
#5485 = PCURVE('',#1797,#5486);
#5486 = DEFINITIONAL_REPRESENTATION('',(#5487),#5491);
#5487 = LINE('',#5488,#5489);
#5488 = CARTESIAN_POINT('',(-56.,-4.));
#5489 = VECTOR('',#5490,1.);
#5490 = DIRECTION('',(1.110223024625E-16,-1.));
#5491 = ( GEOMETRIC_REPRESENTATION_CONTEXT(2) 
PARAMETRIC_REPRESENTATION_CONTEXT() REPRESENTATION_CONTEXT('2D SPACE',''
  ) );
#5492 = PCURVE('',#3070,#5493);
#5493 = DEFINITIONAL_REPRESENTATION('',(#5494),#5498);
#5494 = LINE('',#5495,#5496);
#5495 = CARTESIAN_POINT('',(0.,0.));
#5496 = VECTOR('',#5497,1.);
#5497 = DIRECTION('',(0.,1.));
#5498 = ( GEOMETRIC_REPRESENTATION_CONTEXT(2) 
PARAMETRIC_REPRESENTATION_CONTEXT() REPRESENTATION_CONTEXT('2D SPACE',''
  ) );
#5499 = ORIENTED_EDGE('',*,*,#5500,.T.);
#5500 = EDGE_CURVE('',#5478,#3678,#5501,.T.);
#5501 = SURFACE_CURVE('',#5502,(#5506,#5513),.PCURVE_S1.);
#5502 = LINE('',#5503,#5504);
#5503 = CARTESIAN_POINT('',(132.,-26.,0.));
#5504 = VECTOR('',#5505,1.);
#5505 = DIRECTION('',(0.,1.,0.));
#5506 = PCURVE('',#1797,#5507);
#5507 = DEFINITIONAL_REPRESENTATION('',(#5508),#5512);
#5508 = LINE('',#5509,#5510);
#5509 = CARTESIAN_POINT('',(-56.,-106.));
#5510 = VECTOR('',#5511,1.);
#5511 = DIRECTION('',(1.,1.110223024625E-16));
#5512 = ( GEOMETRIC_REPRESENTATION_CONTEXT(2) 
PARAMETRIC_REPRESENTATION_CONTEXT() REPRESENTATION_CONTEXT('2D SPACE',''
  ) );
#5513 = PCURVE('',#3762,#5514);
#5514 = DEFINITIONAL_REPRESENTATION('',(#5515),#5519);
#5515 = LINE('',#5516,#5517);
#5516 = CARTESIAN_POINT('',(0.,0.));
#5517 = VECTOR('',#5518,1.);
#5518 = DIRECTION('',(0.,-1.));
#5519 = ( GEOMETRIC_REPRESENTATION_CONTEXT(2) 
PARAMETRIC_REPRESENTATION_CONTEXT() REPRESENTATION_CONTEXT('2D SPACE',''
  ) );
#5520 = ORIENTED_EDGE('',*,*,#3677,.T.);
#5521 = ORIENTED_EDGE('',*,*,#4082,.T.);
#5522 = ORIENTED_EDGE('',*,*,#5523,.T.);
#5523 = EDGE_CURVE('',#4083,#5524,#5526,.T.);
#5524 = VERTEX_POINT('',#5525);
#5525 = CARTESIAN_POINT('',(68.,-6.4,0.));
#5526 = SURFACE_CURVE('',#5527,(#5531,#5538),.PCURVE_S1.);
#5527 = LINE('',#5528,#5529);
#5528 = CARTESIAN_POINT('',(42.,-6.4,0.));
#5529 = VECTOR('',#5530,1.);
#5530 = DIRECTION('',(1.,0.,0.));
#5531 = PCURVE('',#1797,#5532);
#5532 = DEFINITIONAL_REPRESENTATION('',(#5533),#5537);
#5533 = LINE('',#5534,#5535);
#5534 = CARTESIAN_POINT('',(-36.4,-16.));
#5535 = VECTOR('',#5536,1.);
#5536 = DIRECTION('',(1.110223024625E-16,-1.));
#5537 = ( GEOMETRIC_REPRESENTATION_CONTEXT(2) 
PARAMETRIC_REPRESENTATION_CONTEXT() REPRESENTATION_CONTEXT('2D SPACE',''
  ) );
#5538 = PCURVE('',#4121,#5539);
#5539 = DEFINITIONAL_REPRESENTATION('',(#5540),#5544);
#5540 = LINE('',#5541,#5542);
#5541 = CARTESIAN_POINT('',(0.,0.));
#5542 = VECTOR('',#5543,1.);
#5543 = DIRECTION('',(0.,1.));
#5544 = ( GEOMETRIC_REPRESENTATION_CONTEXT(2) 
PARAMETRIC_REPRESENTATION_CONTEXT() REPRESENTATION_CONTEXT('2D SPACE',''
  ) );
#5545 = ORIENTED_EDGE('',*,*,#5546,.T.);
#5546 = EDGE_CURVE('',#5524,#5547,#5549,.T.);
#5547 = VERTEX_POINT('',#5548);
#5548 = CARTESIAN_POINT('',(68.,16.,0.));
#5549 = SURFACE_CURVE('',#5550,(#5554,#5561),.PCURVE_S1.);
#5550 = LINE('',#5551,#5552);
#5551 = CARTESIAN_POINT('',(68.,-6.4,0.));
#5552 = VECTOR('',#5553,1.);
#5553 = DIRECTION('',(0.,1.,0.));
#5554 = PCURVE('',#1797,#5555);
#5555 = DEFINITIONAL_REPRESENTATION('',(#5556),#5560);
#5556 = LINE('',#5557,#5558);
#5557 = CARTESIAN_POINT('',(-36.4,-42.));
#5558 = VECTOR('',#5559,1.);
#5559 = DIRECTION('',(1.,1.110223024625E-16));
#5560 = ( GEOMETRIC_REPRESENTATION_CONTEXT(2) 
PARAMETRIC_REPRESENTATION_CONTEXT() REPRESENTATION_CONTEXT('2D SPACE',''
  ) );
#5561 = PCURVE('',#5562,#5567);
#5562 = PLANE('',#5563);
#5563 = AXIS2_PLACEMENT_3D('',#5564,#5565,#5566);
#5564 = CARTESIAN_POINT('',(68.,-6.4,0.));
#5565 = DIRECTION('',(1.,0.,0.));
#5566 = DIRECTION('',(0.,0.,1.));
#5567 = DEFINITIONAL_REPRESENTATION('',(#5568),#5572);
#5568 = LINE('',#5569,#5570);
#5569 = CARTESIAN_POINT('',(0.,0.));
#5570 = VECTOR('',#5571,1.);
#5571 = DIRECTION('',(0.,-1.));
#5572 = ( GEOMETRIC_REPRESENTATION_CONTEXT(2) 
PARAMETRIC_REPRESENTATION_CONTEXT() REPRESENTATION_CONTEXT('2D SPACE',''
  ) );
#5573 = ORIENTED_EDGE('',*,*,#5574,.F.);
#5574 = EDGE_CURVE('',#3137,#5547,#5575,.T.);
#5575 = SURFACE_CURVE('',#5576,(#5580,#5587),.PCURVE_S1.);
#5576 = LINE('',#5577,#5578);
#5577 = CARTESIAN_POINT('',(42.,16.,0.));
#5578 = VECTOR('',#5579,1.);
#5579 = DIRECTION('',(1.,0.,0.));
#5580 = PCURVE('',#1797,#5581);
#5581 = DEFINITIONAL_REPRESENTATION('',(#5582),#5586);
#5582 = LINE('',#5583,#5584);
#5583 = CARTESIAN_POINT('',(-14.,-16.));
#5584 = VECTOR('',#5585,1.);
#5585 = DIRECTION('',(1.110223024625E-16,-1.));
#5586 = ( GEOMETRIC_REPRESENTATION_CONTEXT(2) 
PARAMETRIC_REPRESENTATION_CONTEXT() REPRESENTATION_CONTEXT('2D SPACE',''
  ) );
#5587 = PCURVE('',#3152,#5588);
#5588 = DEFINITIONAL_REPRESENTATION('',(#5589),#5593);
#5589 = LINE('',#5590,#5591);
#5590 = CARTESIAN_POINT('',(0.,0.));
#5591 = VECTOR('',#5592,1.);
#5592 = DIRECTION('',(0.,1.));
#5593 = ( GEOMETRIC_REPRESENTATION_CONTEXT(2) 
PARAMETRIC_REPRESENTATION_CONTEXT() REPRESENTATION_CONTEXT('2D SPACE',''
  ) );
#5594 = ORIENTED_EDGE('',*,*,#3164,.T.);
#5595 = ORIENTED_EDGE('',*,*,#2983,.F.);
#5596 = ORIENTED_EDGE('',*,*,#2911,.T.);
#5597 = ORIENTED_EDGE('',*,*,#2775,.F.);
#5598 = ORIENTED_EDGE('',*,*,#5599,.T.);
#5599 = EDGE_CURVE('',#2776,#5600,#5602,.T.);
#5600 = VERTEX_POINT('',#5601);
#5601 = CARTESIAN_POINT('',(26.,132.,0.));
#5602 = SURFACE_CURVE('',#5603,(#5607,#5614),.PCURVE_S1.);
#5603 = LINE('',#5604,#5605);
#5604 = CARTESIAN_POINT('',(26.,30.,0.));
#5605 = VECTOR('',#5606,1.);
#5606 = DIRECTION('',(1.110223024625E-16,1.,0.));
#5607 = PCURVE('',#1797,#5608);
#5608 = DEFINITIONAL_REPRESENTATION('',(#5609),#5613);
#5609 = LINE('',#5610,#5611);
#5610 = CARTESIAN_POINT('',(0.,0.));
#5611 = VECTOR('',#5612,1.);
#5612 = DIRECTION('',(1.,0.));
#5613 = ( GEOMETRIC_REPRESENTATION_CONTEXT(2) 
PARAMETRIC_REPRESENTATION_CONTEXT() REPRESENTATION_CONTEXT('2D SPACE',''
  ) );
#5614 = PCURVE('',#2691,#5615);
#5615 = DEFINITIONAL_REPRESENTATION('',(#5616),#5620);
#5616 = LINE('',#5617,#5618);
#5617 = CARTESIAN_POINT('',(0.,0.));
#5618 = VECTOR('',#5619,1.);
#5619 = DIRECTION('',(0.,1.));
#5620 = ( GEOMETRIC_REPRESENTATION_CONTEXT(2) 
PARAMETRIC_REPRESENTATION_CONTEXT() REPRESENTATION_CONTEXT('2D SPACE',''
  ) );
#5621 = ORIENTED_EDGE('',*,*,#5622,.T.);
#5622 = EDGE_CURVE('',#5600,#1987,#5623,.T.);
#5623 = SURFACE_CURVE('',#5624,(#5628,#5635),.PCURVE_S1.);
#5624 = LINE('',#5625,#5626);
#5625 = CARTESIAN_POINT('',(26.,132.,0.));
#5626 = VECTOR('',#5627,1.);
#5627 = DIRECTION('',(-1.,1.110223024625E-16,0.));
#5628 = PCURVE('',#1797,#5629);
#5629 = DEFINITIONAL_REPRESENTATION('',(#5630),#5634);
#5630 = LINE('',#5631,#5632);
#5631 = CARTESIAN_POINT('',(102.,6.661338147751E-16));
#5632 = VECTOR('',#5633,1.);
#5633 = DIRECTION('',(0.,1.));
#5634 = ( GEOMETRIC_REPRESENTATION_CONTEXT(2) 
PARAMETRIC_REPRESENTATION_CONTEXT() REPRESENTATION_CONTEXT('2D SPACE',''
  ) );
#5635 = PCURVE('',#2076,#5636);
#5636 = DEFINITIONAL_REPRESENTATION('',(#5637),#5641);
#5637 = LINE('',#5638,#5639);
#5638 = CARTESIAN_POINT('',(0.,0.));
#5639 = VECTOR('',#5640,1.);
#5640 = DIRECTION('',(0.,-1.));
#5641 = ( GEOMETRIC_REPRESENTATION_CONTEXT(2) 
PARAMETRIC_REPRESENTATION_CONTEXT() REPRESENTATION_CONTEXT('2D SPACE',''
  ) );
#5642 = FACE_BOUND('',#5643,.F.);
#5643 = EDGE_LOOP('',(#5644));
#5644 = ORIENTED_EDGE('',*,*,#4206,.F.);
#5645 = FACE_BOUND('',#5646,.F.);
#5646 = EDGE_LOOP('',(#5647,#5648,#5649,#5650));
#5647 = ORIENTED_EDGE('',*,*,#4255,.T.);
#5648 = ORIENTED_EDGE('',*,*,#4349,.T.);
#5649 = ORIENTED_EDGE('',*,*,#4396,.F.);
#5650 = ORIENTED_EDGE('',*,*,#4302,.F.);
#5651 = FACE_BOUND('',#5652,.F.);
#5652 = EDGE_LOOP('',(#5653,#5654,#5655,#5656));
#5653 = ORIENTED_EDGE('',*,*,#4493,.T.);
#5654 = ORIENTED_EDGE('',*,*,#4587,.T.);
#5655 = ORIENTED_EDGE('',*,*,#4634,.F.);
#5656 = ORIENTED_EDGE('',*,*,#4540,.F.);
#5657 = FACE_BOUND('',#5658,.F.);
#5658 = EDGE_LOOP('',(#5659));
#5659 = ORIENTED_EDGE('',*,*,#4444,.F.);
#5660 = ADVANCED_FACE('',(#5661),#1927,.T.);
#5661 = FACE_BOUND('',#5662,.T.);
#5662 = EDGE_LOOP('',(#5663,#5664,#5665,#5666));
#5663 = ORIENTED_EDGE('',*,*,#5448,.F.);
#5664 = ORIENTED_EDGE('',*,*,#1911,.T.);
#5665 = ORIENTED_EDGE('',*,*,#5295,.T.);
#5666 = ORIENTED_EDGE('',*,*,#5667,.F.);
#5667 = EDGE_CURVE('',#5426,#5296,#5668,.T.);
#5668 = SURFACE_CURVE('',#5669,(#5673,#5680),.PCURVE_S1.);
#5669 = LINE('',#5670,#5671);
#5670 = CARTESIAN_POINT('',(-16.,68.,0.));
#5671 = VECTOR('',#5672,1.);
#5672 = DIRECTION('',(0.,0.,1.));
#5673 = PCURVE('',#1927,#5674);
#5674 = DEFINITIONAL_REPRESENTATION('',(#5675),#5679);
#5675 = LINE('',#5676,#5677);
#5676 = CARTESIAN_POINT('',(0.,26.));
#5677 = VECTOR('',#5678,1.);
#5678 = DIRECTION('',(1.,0.));
#5679 = ( GEOMETRIC_REPRESENTATION_CONTEXT(2) 
PARAMETRIC_REPRESENTATION_CONTEXT() REPRESENTATION_CONTEXT('2D SPACE',''
  ) );
#5680 = PCURVE('',#5358,#5681);
#5681 = DEFINITIONAL_REPRESENTATION('',(#5682),#5686);
#5682 = LINE('',#5683,#5684);
#5683 = CARTESIAN_POINT('',(0.,-22.4));
#5684 = VECTOR('',#5685,1.);
#5685 = DIRECTION('',(1.,0.));
#5686 = ( GEOMETRIC_REPRESENTATION_CONTEXT(2) 
PARAMETRIC_REPRESENTATION_CONTEXT() REPRESENTATION_CONTEXT('2D SPACE',''
  ) );
#5687 = ADVANCED_FACE('',(#5688),#2050,.T.);
#5688 = FACE_BOUND('',#5689,.T.);
#5689 = EDGE_LOOP('',(#5690,#5691,#5714,#5735));
#5690 = ORIENTED_EDGE('',*,*,#2372,.F.);
#5691 = ORIENTED_EDGE('',*,*,#5692,.T.);
#5692 = EDGE_CURVE('',#2373,#5693,#5695,.T.);
#5693 = VERTEX_POINT('',#5694);
#5694 = CARTESIAN_POINT('',(23.,132.,38.));
#5695 = SURFACE_CURVE('',#5696,(#5700,#5707),.PCURVE_S1.);
#5696 = LINE('',#5697,#5698);
#5697 = CARTESIAN_POINT('',(23.,62.,38.));
#5698 = VECTOR('',#5699,1.);
#5699 = DIRECTION('',(1.110223024625E-16,1.,0.));
#5700 = PCURVE('',#2050,#5701);
#5701 = DEFINITIONAL_REPRESENTATION('',(#5702),#5706);
#5702 = LINE('',#5703,#5704);
#5703 = CARTESIAN_POINT('',(0.,0.));
#5704 = VECTOR('',#5705,1.);
#5705 = DIRECTION('',(1.,0.));
#5706 = ( GEOMETRIC_REPRESENTATION_CONTEXT(2) 
PARAMETRIC_REPRESENTATION_CONTEXT() REPRESENTATION_CONTEXT('2D SPACE',''
  ) );
#5707 = PCURVE('',#2411,#5708);
#5708 = DEFINITIONAL_REPRESENTATION('',(#5709),#5713);
#5709 = LINE('',#5710,#5711);
#5710 = CARTESIAN_POINT('',(34.2,0.));
#5711 = VECTOR('',#5712,1.);
#5712 = DIRECTION('',(0.,1.));
#5713 = ( GEOMETRIC_REPRESENTATION_CONTEXT(2) 
PARAMETRIC_REPRESENTATION_CONTEXT() REPRESENTATION_CONTEXT('2D SPACE',''
  ) );
#5714 = ORIENTED_EDGE('',*,*,#5715,.T.);
#5715 = EDGE_CURVE('',#5693,#2035,#5716,.T.);
#5716 = SURFACE_CURVE('',#5717,(#5721,#5728),.PCURVE_S1.);
#5717 = LINE('',#5718,#5719);
#5718 = CARTESIAN_POINT('',(23.,132.,38.));
#5719 = VECTOR('',#5720,1.);
#5720 = DIRECTION('',(-1.,1.110223024625E-16,0.));
#5721 = PCURVE('',#2050,#5722);
#5722 = DEFINITIONAL_REPRESENTATION('',(#5723),#5727);
#5723 = LINE('',#5724,#5725);
#5724 = CARTESIAN_POINT('',(70.,6.661338147751E-16));
#5725 = VECTOR('',#5726,1.);
#5726 = DIRECTION('',(0.,1.));
#5727 = ( GEOMETRIC_REPRESENTATION_CONTEXT(2) 
PARAMETRIC_REPRESENTATION_CONTEXT() REPRESENTATION_CONTEXT('2D SPACE',''
  ) );
#5728 = PCURVE('',#2076,#5729);
#5729 = DEFINITIONAL_REPRESENTATION('',(#5730),#5734);
#5730 = LINE('',#5731,#5732);
#5731 = CARTESIAN_POINT('',(38.,-3.));
#5732 = VECTOR('',#5733,1.);
#5733 = DIRECTION('',(0.,-1.));
#5734 = ( GEOMETRIC_REPRESENTATION_CONTEXT(2) 
PARAMETRIC_REPRESENTATION_CONTEXT() REPRESENTATION_CONTEXT('2D SPACE',''
  ) );
#5735 = ORIENTED_EDGE('',*,*,#2034,.F.);
#5736 = ADVANCED_FACE('',(#5737),#2076,.T.);
#5737 = FACE_BOUND('',#5738,.T.);
#5738 = EDGE_LOOP('',(#5739,#5740,#5741,#5764,#5792,#5820,#5841));
#5739 = ORIENTED_EDGE('',*,*,#2062,.T.);
#5740 = ORIENTED_EDGE('',*,*,#5715,.F.);
#5741 = ORIENTED_EDGE('',*,*,#5742,.F.);
#5742 = EDGE_CURVE('',#5743,#5693,#5745,.T.);
#5743 = VERTEX_POINT('',#5744);
#5744 = CARTESIAN_POINT('',(23.,132.,34.));
#5745 = SURFACE_CURVE('',#5746,(#5750,#5757),.PCURVE_S1.);
#5746 = LINE('',#5747,#5748);
#5747 = CARTESIAN_POINT('',(23.,132.,3.8));
#5748 = VECTOR('',#5749,1.);
#5749 = DIRECTION('',(0.,0.,1.));
#5750 = PCURVE('',#2076,#5751);
#5751 = DEFINITIONAL_REPRESENTATION('',(#5752),#5756);
#5752 = LINE('',#5753,#5754);
#5753 = CARTESIAN_POINT('',(3.8,-3.));
#5754 = VECTOR('',#5755,1.);
#5755 = DIRECTION('',(1.,0.));
#5756 = ( GEOMETRIC_REPRESENTATION_CONTEXT(2) 
PARAMETRIC_REPRESENTATION_CONTEXT() REPRESENTATION_CONTEXT('2D SPACE',''
  ) );
#5757 = PCURVE('',#2411,#5758);
#5758 = DEFINITIONAL_REPRESENTATION('',(#5759),#5763);
#5759 = LINE('',#5760,#5761);
#5760 = CARTESIAN_POINT('',(0.,70.));
#5761 = VECTOR('',#5762,1.);
#5762 = DIRECTION('',(1.,0.));
#5763 = ( GEOMETRIC_REPRESENTATION_CONTEXT(2) 
PARAMETRIC_REPRESENTATION_CONTEXT() REPRESENTATION_CONTEXT('2D SPACE',''
  ) );
#5764 = ORIENTED_EDGE('',*,*,#5765,.T.);
#5765 = EDGE_CURVE('',#5743,#5766,#5768,.T.);
#5766 = VERTEX_POINT('',#5767);
#5767 = CARTESIAN_POINT('',(30.,132.,4.));
#5768 = SURFACE_CURVE('',#5769,(#5773,#5780),.PCURVE_S1.);
#5769 = LINE('',#5770,#5771);
#5770 = CARTESIAN_POINT('',(23.,132.,34.));
#5771 = VECTOR('',#5772,1.);
#5772 = DIRECTION('',(0.227229615606,-2.52275551123E-17,-0.973841209742)
  );
#5773 = PCURVE('',#2076,#5774);
#5774 = DEFINITIONAL_REPRESENTATION('',(#5775),#5779);
#5775 = LINE('',#5776,#5777);
#5776 = CARTESIAN_POINT('',(34.,-3.));
#5777 = VECTOR('',#5778,1.);
#5778 = DIRECTION('',(-0.973841209742,0.227229615606));
#5779 = ( GEOMETRIC_REPRESENTATION_CONTEXT(2) 
PARAMETRIC_REPRESENTATION_CONTEXT() REPRESENTATION_CONTEXT('2D SPACE',''
  ) );
#5780 = PCURVE('',#5781,#5786);
#5781 = PLANE('',#5782);
#5782 = AXIS2_PLACEMENT_3D('',#5783,#5784,#5785);
#5783 = CARTESIAN_POINT('',(23.,129.,34.));
#5784 = DIRECTION('',(-0.973841209742,1.081180933384E-16,-0.227229615606
    ));
#5785 = DIRECTION('',(0.227229615606,-2.52275551123E-17,-0.973841209742)
  );
#5786 = DEFINITIONAL_REPRESENTATION('',(#5787),#5791);
#5787 = LINE('',#5788,#5789);
#5788 = CARTESIAN_POINT('',(-7.568266533689E-17,-3.));
#5789 = VECTOR('',#5790,1.);
#5790 = DIRECTION('',(1.,0.));
#5791 = ( GEOMETRIC_REPRESENTATION_CONTEXT(2) 
PARAMETRIC_REPRESENTATION_CONTEXT() REPRESENTATION_CONTEXT('2D SPACE',''
  ) );
#5792 = ORIENTED_EDGE('',*,*,#5793,.T.);
#5793 = EDGE_CURVE('',#5766,#5794,#5796,.T.);
#5794 = VERTEX_POINT('',#5795);
#5795 = CARTESIAN_POINT('',(26.,132.,4.));
#5796 = SURFACE_CURVE('',#5797,(#5801,#5808),.PCURVE_S1.);
#5797 = LINE('',#5798,#5799);
#5798 = CARTESIAN_POINT('',(30.,132.,4.));
#5799 = VECTOR('',#5800,1.);
#5800 = DIRECTION('',(-1.,1.110223024625E-16,0.));
#5801 = PCURVE('',#2076,#5802);
#5802 = DEFINITIONAL_REPRESENTATION('',(#5803),#5807);
#5803 = LINE('',#5804,#5805);
#5804 = CARTESIAN_POINT('',(4.,4.));
#5805 = VECTOR('',#5806,1.);
#5806 = DIRECTION('',(0.,-1.));
#5807 = ( GEOMETRIC_REPRESENTATION_CONTEXT(2) 
PARAMETRIC_REPRESENTATION_CONTEXT() REPRESENTATION_CONTEXT('2D SPACE',''
  ) );
#5808 = PCURVE('',#5809,#5814);
#5809 = PLANE('',#5810);
#5810 = AXIS2_PLACEMENT_3D('',#5811,#5812,#5813);
#5811 = CARTESIAN_POINT('',(30.,129.,4.));
#5812 = DIRECTION('',(0.,0.,1.));
#5813 = DIRECTION('',(-1.,1.110223024625E-16,0.));
#5814 = DEFINITIONAL_REPRESENTATION('',(#5815),#5819);
#5815 = LINE('',#5816,#5817);
#5816 = CARTESIAN_POINT('',(3.330669073875E-16,-3.));
#5817 = VECTOR('',#5818,1.);
#5818 = DIRECTION('',(1.,0.));
#5819 = ( GEOMETRIC_REPRESENTATION_CONTEXT(2) 
PARAMETRIC_REPRESENTATION_CONTEXT() REPRESENTATION_CONTEXT('2D SPACE',''
  ) );
#5820 = ORIENTED_EDGE('',*,*,#5821,.F.);
#5821 = EDGE_CURVE('',#5600,#5794,#5822,.T.);
#5822 = SURFACE_CURVE('',#5823,(#5827,#5834),.PCURVE_S1.);
#5823 = LINE('',#5824,#5825);
#5824 = CARTESIAN_POINT('',(26.,132.,0.));
#5825 = VECTOR('',#5826,1.);
#5826 = DIRECTION('',(0.,0.,1.));
#5827 = PCURVE('',#2076,#5828);
#5828 = DEFINITIONAL_REPRESENTATION('',(#5829),#5833);
#5829 = LINE('',#5830,#5831);
#5830 = CARTESIAN_POINT('',(0.,0.));
#5831 = VECTOR('',#5832,1.);
#5832 = DIRECTION('',(1.,0.));
#5833 = ( GEOMETRIC_REPRESENTATION_CONTEXT(2) 
PARAMETRIC_REPRESENTATION_CONTEXT() REPRESENTATION_CONTEXT('2D SPACE',''
  ) );
#5834 = PCURVE('',#2691,#5835);
#5835 = DEFINITIONAL_REPRESENTATION('',(#5836),#5840);
#5836 = LINE('',#5837,#5838);
#5837 = CARTESIAN_POINT('',(0.,102.));
#5838 = VECTOR('',#5839,1.);
#5839 = DIRECTION('',(1.,0.));
#5840 = ( GEOMETRIC_REPRESENTATION_CONTEXT(2) 
PARAMETRIC_REPRESENTATION_CONTEXT() REPRESENTATION_CONTEXT('2D SPACE',''
  ) );
#5841 = ORIENTED_EDGE('',*,*,#5622,.T.);
#5842 = ADVANCED_FACE('',(#5843),#2109,.F.);
#5843 = FACE_BOUND('',#5844,.F.);
#5844 = EDGE_LOOP('',(#5845,#5846,#5869,#5893));
#5845 = ORIENTED_EDGE('',*,*,#2090,.F.);
#5846 = ORIENTED_EDGE('',*,*,#5847,.T.);
#5847 = EDGE_CURVE('',#2091,#5848,#5850,.T.);
#5848 = VERTEX_POINT('',#5849);
#5849 = CARTESIAN_POINT('',(23.,99.3,17.7));
#5850 = SURFACE_CURVE('',#5851,(#5855,#5862),.PCURVE_S1.);
#5851 = LINE('',#5852,#5853);
#5852 = CARTESIAN_POINT('',(16.,99.3,17.7));
#5853 = VECTOR('',#5854,1.);
#5854 = DIRECTION('',(1.,-1.110223024625E-16,0.));
#5855 = PCURVE('',#2109,#5856);
#5856 = DEFINITIONAL_REPRESENTATION('',(#5857),#5861);
#5857 = LINE('',#5858,#5859);
#5858 = CARTESIAN_POINT('',(0.,0.));
#5859 = VECTOR('',#5860,1.);
#5860 = DIRECTION('',(0.,-1.));
#5861 = ( GEOMETRIC_REPRESENTATION_CONTEXT(2) 
PARAMETRIC_REPRESENTATION_CONTEXT() REPRESENTATION_CONTEXT('2D SPACE',''
  ) );
#5862 = PCURVE('',#2137,#5863);
#5863 = DEFINITIONAL_REPRESENTATION('',(#5864),#5868);
#5864 = LINE('',#5865,#5866);
#5865 = CARTESIAN_POINT('',(21.4,1.176836406103E-15));
#5866 = VECTOR('',#5867,1.);
#5867 = DIRECTION('',(0.,-1.));
#5868 = ( GEOMETRIC_REPRESENTATION_CONTEXT(2) 
PARAMETRIC_REPRESENTATION_CONTEXT() REPRESENTATION_CONTEXT('2D SPACE',''
  ) );
#5869 = ORIENTED_EDGE('',*,*,#5870,.T.);
#5870 = EDGE_CURVE('',#5848,#5871,#5873,.T.);
#5871 = VERTEX_POINT('',#5872);
#5872 = CARTESIAN_POINT('',(23.,99.3,22.3));
#5873 = SURFACE_CURVE('',#5874,(#5879,#5886),.PCURVE_S1.);
#5874 = CIRCLE('',#5875,2.3);
#5875 = AXIS2_PLACEMENT_3D('',#5876,#5877,#5878);
#5876 = CARTESIAN_POINT('',(23.,99.3,20.));
#5877 = DIRECTION('',(-1.,1.110223024625E-16,0.));
#5878 = DIRECTION('',(0.,0.,-1.));
#5879 = PCURVE('',#2109,#5880);
#5880 = DEFINITIONAL_REPRESENTATION('',(#5881),#5885);
#5881 = LINE('',#5882,#5883);
#5882 = CARTESIAN_POINT('',(0.,-7.));
#5883 = VECTOR('',#5884,1.);
#5884 = DIRECTION('',(1.,0.));
#5885 = ( GEOMETRIC_REPRESENTATION_CONTEXT(2) 
PARAMETRIC_REPRESENTATION_CONTEXT() REPRESENTATION_CONTEXT('2D SPACE',''
  ) );
#5886 = PCURVE('',#2411,#5887);
#5887 = DEFINITIONAL_REPRESENTATION('',(#5888),#5892);
#5888 = CIRCLE('',#5889,2.3);
#5889 = AXIS2_PLACEMENT_2D('',#5890,#5891);
#5890 = CARTESIAN_POINT('',(16.2,37.3));
#5891 = DIRECTION('',(-1.,0.));
#5892 = ( GEOMETRIC_REPRESENTATION_CONTEXT(2) 
PARAMETRIC_REPRESENTATION_CONTEXT() REPRESENTATION_CONTEXT('2D SPACE',''
  ) );
#5893 = ORIENTED_EDGE('',*,*,#5894,.F.);
#5894 = EDGE_CURVE('',#2093,#5871,#5895,.T.);
#5895 = SURFACE_CURVE('',#5896,(#5900,#5907),.PCURVE_S1.);
#5896 = LINE('',#5897,#5898);
#5897 = CARTESIAN_POINT('',(16.,99.3,22.3));
#5898 = VECTOR('',#5899,1.);
#5899 = DIRECTION('',(1.,-1.110223024625E-16,0.));
#5900 = PCURVE('',#2109,#5901);
#5901 = DEFINITIONAL_REPRESENTATION('',(#5902),#5906);
#5902 = LINE('',#5903,#5904);
#5903 = CARTESIAN_POINT('',(3.14159265359,0.));
#5904 = VECTOR('',#5905,1.);
#5905 = DIRECTION('',(0.,-1.));
#5906 = ( GEOMETRIC_REPRESENTATION_CONTEXT(2) 
PARAMETRIC_REPRESENTATION_CONTEXT() REPRESENTATION_CONTEXT('2D SPACE',''
  ) );
#5907 = PCURVE('',#2192,#5908);
#5908 = DEFINITIONAL_REPRESENTATION('',(#5909),#5913);
#5909 = LINE('',#5910,#5911);
#5910 = CARTESIAN_POINT('',(0.,0.));
#5911 = VECTOR('',#5912,1.);
#5912 = DIRECTION('',(0.,-1.));
#5913 = ( GEOMETRIC_REPRESENTATION_CONTEXT(2) 
PARAMETRIC_REPRESENTATION_CONTEXT() REPRESENTATION_CONTEXT('2D SPACE',''
  ) );
#5914 = ADVANCED_FACE('',(#5915),#2137,.F.);
#5915 = FACE_BOUND('',#5916,.F.);
#5916 = EDGE_LOOP('',(#5917,#5918,#5941,#5962));
#5917 = ORIENTED_EDGE('',*,*,#2121,.F.);
#5918 = ORIENTED_EDGE('',*,*,#5919,.T.);
#5919 = EDGE_CURVE('',#2122,#5920,#5922,.T.);
#5920 = VERTEX_POINT('',#5921);
#5921 = CARTESIAN_POINT('',(23.,120.7,17.7));
#5922 = SURFACE_CURVE('',#5923,(#5927,#5934),.PCURVE_S1.);
#5923 = LINE('',#5924,#5925);
#5924 = CARTESIAN_POINT('',(16.,120.7,17.7));
#5925 = VECTOR('',#5926,1.);
#5926 = DIRECTION('',(1.,-1.110223024625E-16,0.));
#5927 = PCURVE('',#2137,#5928);
#5928 = DEFINITIONAL_REPRESENTATION('',(#5929),#5933);
#5929 = LINE('',#5930,#5931);
#5930 = CARTESIAN_POINT('',(0.,0.));
#5931 = VECTOR('',#5932,1.);
#5932 = DIRECTION('',(0.,-1.));
#5933 = ( GEOMETRIC_REPRESENTATION_CONTEXT(2) 
PARAMETRIC_REPRESENTATION_CONTEXT() REPRESENTATION_CONTEXT('2D SPACE',''
  ) );
#5934 = PCURVE('',#2166,#5935);
#5935 = DEFINITIONAL_REPRESENTATION('',(#5936),#5940);
#5936 = LINE('',#5937,#5938);
#5937 = CARTESIAN_POINT('',(3.14159265359,0.));
#5938 = VECTOR('',#5939,1.);
#5939 = DIRECTION('',(0.,-1.));
#5940 = ( GEOMETRIC_REPRESENTATION_CONTEXT(2) 
PARAMETRIC_REPRESENTATION_CONTEXT() REPRESENTATION_CONTEXT('2D SPACE',''
  ) );
#5941 = ORIENTED_EDGE('',*,*,#5942,.T.);
#5942 = EDGE_CURVE('',#5920,#5848,#5943,.T.);
#5943 = SURFACE_CURVE('',#5944,(#5948,#5955),.PCURVE_S1.);
#5944 = LINE('',#5945,#5946);
#5945 = CARTESIAN_POINT('',(23.,91.35,17.7));
#5946 = VECTOR('',#5947,1.);
#5947 = DIRECTION('',(-1.110223024625E-16,-1.,0.));
#5948 = PCURVE('',#2137,#5949);
#5949 = DEFINITIONAL_REPRESENTATION('',(#5950),#5954);
#5950 = LINE('',#5951,#5952);
#5951 = CARTESIAN_POINT('',(29.35,-7.));
#5952 = VECTOR('',#5953,1.);
#5953 = DIRECTION('',(1.,0.));
#5954 = ( GEOMETRIC_REPRESENTATION_CONTEXT(2) 
PARAMETRIC_REPRESENTATION_CONTEXT() REPRESENTATION_CONTEXT('2D SPACE',''
  ) );
#5955 = PCURVE('',#2411,#5956);
#5956 = DEFINITIONAL_REPRESENTATION('',(#5957),#5961);
#5957 = LINE('',#5958,#5959);
#5958 = CARTESIAN_POINT('',(13.9,29.35));
#5959 = VECTOR('',#5960,1.);
#5960 = DIRECTION('',(0.,-1.));
#5961 = ( GEOMETRIC_REPRESENTATION_CONTEXT(2) 
PARAMETRIC_REPRESENTATION_CONTEXT() REPRESENTATION_CONTEXT('2D SPACE',''
  ) );
#5962 = ORIENTED_EDGE('',*,*,#5847,.F.);
#5963 = ADVANCED_FACE('',(#5964),#2166,.F.);
#5964 = FACE_BOUND('',#5965,.F.);
#5965 = EDGE_LOOP('',(#5966,#5967,#5990,#6012));
#5966 = ORIENTED_EDGE('',*,*,#2149,.F.);
#5967 = ORIENTED_EDGE('',*,*,#5968,.T.);
#5968 = EDGE_CURVE('',#2150,#5969,#5971,.T.);
#5969 = VERTEX_POINT('',#5970);
#5970 = CARTESIAN_POINT('',(23.,120.7,22.3));
#5971 = SURFACE_CURVE('',#5972,(#5976,#5983),.PCURVE_S1.);
#5972 = LINE('',#5973,#5974);
#5973 = CARTESIAN_POINT('',(16.,120.7,22.3));
#5974 = VECTOR('',#5975,1.);
#5975 = DIRECTION('',(1.,-1.110223024625E-16,0.));
#5976 = PCURVE('',#2166,#5977);
#5977 = DEFINITIONAL_REPRESENTATION('',(#5978),#5982);
#5978 = LINE('',#5979,#5980);
#5979 = CARTESIAN_POINT('',(0.,0.));
#5980 = VECTOR('',#5981,1.);
#5981 = DIRECTION('',(0.,-1.));
#5982 = ( GEOMETRIC_REPRESENTATION_CONTEXT(2) 
PARAMETRIC_REPRESENTATION_CONTEXT() REPRESENTATION_CONTEXT('2D SPACE',''
  ) );
#5983 = PCURVE('',#2192,#5984);
#5984 = DEFINITIONAL_REPRESENTATION('',(#5985),#5989);
#5985 = LINE('',#5986,#5987);
#5986 = CARTESIAN_POINT('',(21.4,-1.176836406103E-15));
#5987 = VECTOR('',#5988,1.);
#5988 = DIRECTION('',(0.,-1.));
#5989 = ( GEOMETRIC_REPRESENTATION_CONTEXT(2) 
PARAMETRIC_REPRESENTATION_CONTEXT() REPRESENTATION_CONTEXT('2D SPACE',''
  ) );
#5990 = ORIENTED_EDGE('',*,*,#5991,.T.);
#5991 = EDGE_CURVE('',#5969,#5920,#5992,.T.);
#5992 = SURFACE_CURVE('',#5993,(#5998,#6005),.PCURVE_S1.);
#5993 = CIRCLE('',#5994,2.3);
#5994 = AXIS2_PLACEMENT_3D('',#5995,#5996,#5997);
#5995 = CARTESIAN_POINT('',(23.,120.7,20.));
#5996 = DIRECTION('',(-1.,1.110223024625E-16,0.));
#5997 = DIRECTION('',(0.,0.,1.));
#5998 = PCURVE('',#2166,#5999);
#5999 = DEFINITIONAL_REPRESENTATION('',(#6000),#6004);
#6000 = LINE('',#6001,#6002);
#6001 = CARTESIAN_POINT('',(0.,-7.));
#6002 = VECTOR('',#6003,1.);
#6003 = DIRECTION('',(1.,0.));
#6004 = ( GEOMETRIC_REPRESENTATION_CONTEXT(2) 
PARAMETRIC_REPRESENTATION_CONTEXT() REPRESENTATION_CONTEXT('2D SPACE',''
  ) );
#6005 = PCURVE('',#2411,#6006);
#6006 = DEFINITIONAL_REPRESENTATION('',(#6007),#6011);
#6007 = CIRCLE('',#6008,2.3);
#6008 = AXIS2_PLACEMENT_2D('',#6009,#6010);
#6009 = CARTESIAN_POINT('',(16.2,58.7));
#6010 = DIRECTION('',(1.,0.));
#6011 = ( GEOMETRIC_REPRESENTATION_CONTEXT(2) 
PARAMETRIC_REPRESENTATION_CONTEXT() REPRESENTATION_CONTEXT('2D SPACE',''
  ) );
#6012 = ORIENTED_EDGE('',*,*,#5919,.F.);
#6013 = ADVANCED_FACE('',(#6014),#2192,.F.);
#6014 = FACE_BOUND('',#6015,.F.);
#6015 = EDGE_LOOP('',(#6016,#6017,#6018,#6039));
#6016 = ORIENTED_EDGE('',*,*,#2178,.F.);
#6017 = ORIENTED_EDGE('',*,*,#5894,.T.);
#6018 = ORIENTED_EDGE('',*,*,#6019,.T.);
#6019 = EDGE_CURVE('',#5871,#5969,#6020,.T.);
#6020 = SURFACE_CURVE('',#6021,(#6025,#6032),.PCURVE_S1.);
#6021 = LINE('',#6022,#6023);
#6022 = CARTESIAN_POINT('',(23.,80.65,22.3));
#6023 = VECTOR('',#6024,1.);
#6024 = DIRECTION('',(1.110223024625E-16,1.,0.));
#6025 = PCURVE('',#2192,#6026);
#6026 = DEFINITIONAL_REPRESENTATION('',(#6027),#6031);
#6027 = LINE('',#6028,#6029);
#6028 = CARTESIAN_POINT('',(-18.65,-7.));
#6029 = VECTOR('',#6030,1.);
#6030 = DIRECTION('',(1.,0.));
#6031 = ( GEOMETRIC_REPRESENTATION_CONTEXT(2) 
PARAMETRIC_REPRESENTATION_CONTEXT() REPRESENTATION_CONTEXT('2D SPACE',''
  ) );
#6032 = PCURVE('',#2411,#6033);
#6033 = DEFINITIONAL_REPRESENTATION('',(#6034),#6038);
#6034 = LINE('',#6035,#6036);
#6035 = CARTESIAN_POINT('',(18.5,18.65));
#6036 = VECTOR('',#6037,1.);
#6037 = DIRECTION('',(0.,1.));
#6038 = ( GEOMETRIC_REPRESENTATION_CONTEXT(2) 
PARAMETRIC_REPRESENTATION_CONTEXT() REPRESENTATION_CONTEXT('2D SPACE',''
  ) );
#6039 = ORIENTED_EDGE('',*,*,#5968,.F.);
#6040 = ADVANCED_FACE('',(#6041),#2224,.F.);
#6041 = FACE_BOUND('',#6042,.F.);
#6042 = EDGE_LOOP('',(#6043,#6044,#6067,#6090));
#6043 = ORIENTED_EDGE('',*,*,#2206,.F.);
#6044 = ORIENTED_EDGE('',*,*,#6045,.T.);
#6045 = EDGE_CURVE('',#2207,#6046,#6048,.T.);
#6046 = VERTEX_POINT('',#6047);
#6047 = CARTESIAN_POINT('',(23.,69.3,22.3));
#6048 = SURFACE_CURVE('',#6049,(#6053,#6060),.PCURVE_S1.);
#6049 = LINE('',#6050,#6051);
#6050 = CARTESIAN_POINT('',(16.,69.3,22.3));
#6051 = VECTOR('',#6052,1.);
#6052 = DIRECTION('',(1.,-1.110223024625E-16,0.));
#6053 = PCURVE('',#2224,#6054);
#6054 = DEFINITIONAL_REPRESENTATION('',(#6055),#6059);
#6055 = LINE('',#6056,#6057);
#6056 = CARTESIAN_POINT('',(0.,0.));
#6057 = VECTOR('',#6058,1.);
#6058 = DIRECTION('',(0.,-1.));
#6059 = ( GEOMETRIC_REPRESENTATION_CONTEXT(2) 
PARAMETRIC_REPRESENTATION_CONTEXT() REPRESENTATION_CONTEXT('2D SPACE',''
  ) );
#6060 = PCURVE('',#2253,#6061);
#6061 = DEFINITIONAL_REPRESENTATION('',(#6062),#6066);
#6062 = LINE('',#6063,#6064);
#6063 = CARTESIAN_POINT('',(3.14159265359,0.));
#6064 = VECTOR('',#6065,1.);
#6065 = DIRECTION('',(0.,-1.));
#6066 = ( GEOMETRIC_REPRESENTATION_CONTEXT(2) 
PARAMETRIC_REPRESENTATION_CONTEXT() REPRESENTATION_CONTEXT('2D SPACE',''
  ) );
#6067 = ORIENTED_EDGE('',*,*,#6068,.T.);
#6068 = EDGE_CURVE('',#6046,#6069,#6071,.T.);
#6069 = VERTEX_POINT('',#6070);
#6070 = CARTESIAN_POINT('',(23.,90.7,22.3));
#6071 = SURFACE_CURVE('',#6072,(#6076,#6083),.PCURVE_S1.);
#6072 = LINE('',#6073,#6074);
#6073 = CARTESIAN_POINT('',(23.,65.65,22.3));
#6074 = VECTOR('',#6075,1.);
#6075 = DIRECTION('',(1.110223024625E-16,1.,0.));
#6076 = PCURVE('',#2224,#6077);
#6077 = DEFINITIONAL_REPRESENTATION('',(#6078),#6082);
#6078 = LINE('',#6079,#6080);
#6079 = CARTESIAN_POINT('',(-3.65,-7.));
#6080 = VECTOR('',#6081,1.);
#6081 = DIRECTION('',(1.,0.));
#6082 = ( GEOMETRIC_REPRESENTATION_CONTEXT(2) 
PARAMETRIC_REPRESENTATION_CONTEXT() REPRESENTATION_CONTEXT('2D SPACE',''
  ) );
#6083 = PCURVE('',#2411,#6084);
#6084 = DEFINITIONAL_REPRESENTATION('',(#6085),#6089);
#6085 = LINE('',#6086,#6087);
#6086 = CARTESIAN_POINT('',(18.5,3.65));
#6087 = VECTOR('',#6088,1.);
#6088 = DIRECTION('',(0.,1.));
#6089 = ( GEOMETRIC_REPRESENTATION_CONTEXT(2) 
PARAMETRIC_REPRESENTATION_CONTEXT() REPRESENTATION_CONTEXT('2D SPACE',''
  ) );
#6090 = ORIENTED_EDGE('',*,*,#6091,.F.);
#6091 = EDGE_CURVE('',#2209,#6069,#6092,.T.);
#6092 = SURFACE_CURVE('',#6093,(#6097,#6104),.PCURVE_S1.);
#6093 = LINE('',#6094,#6095);
#6094 = CARTESIAN_POINT('',(16.,90.7,22.3));
#6095 = VECTOR('',#6096,1.);
#6096 = DIRECTION('',(1.,-1.110223024625E-16,0.));
#6097 = PCURVE('',#2224,#6098);
#6098 = DEFINITIONAL_REPRESENTATION('',(#6099),#6103);
#6099 = LINE('',#6100,#6101);
#6100 = CARTESIAN_POINT('',(21.4,-1.176836406103E-15));
#6101 = VECTOR('',#6102,1.);
#6102 = DIRECTION('',(0.,-1.));
#6103 = ( GEOMETRIC_REPRESENTATION_CONTEXT(2) 
PARAMETRIC_REPRESENTATION_CONTEXT() REPRESENTATION_CONTEXT('2D SPACE',''
  ) );
#6104 = PCURVE('',#2308,#6105);
#6105 = DEFINITIONAL_REPRESENTATION('',(#6106),#6110);
#6106 = LINE('',#6107,#6108);
#6107 = CARTESIAN_POINT('',(0.,0.));
#6108 = VECTOR('',#6109,1.);
#6109 = DIRECTION('',(0.,-1.));
#6110 = ( GEOMETRIC_REPRESENTATION_CONTEXT(2) 
PARAMETRIC_REPRESENTATION_CONTEXT() REPRESENTATION_CONTEXT('2D SPACE',''
  ) );
#6111 = ADVANCED_FACE('',(#6112),#2253,.F.);
#6112 = FACE_BOUND('',#6113,.F.);
#6113 = EDGE_LOOP('',(#6114,#6115,#6138,#6160));
#6114 = ORIENTED_EDGE('',*,*,#2236,.F.);
#6115 = ORIENTED_EDGE('',*,*,#6116,.T.);
#6116 = EDGE_CURVE('',#2237,#6117,#6119,.T.);
#6117 = VERTEX_POINT('',#6118);
#6118 = CARTESIAN_POINT('',(23.,69.3,17.7));
#6119 = SURFACE_CURVE('',#6120,(#6124,#6131),.PCURVE_S1.);
#6120 = LINE('',#6121,#6122);
#6121 = CARTESIAN_POINT('',(16.,69.3,17.7));
#6122 = VECTOR('',#6123,1.);
#6123 = DIRECTION('',(1.,-1.110223024625E-16,0.));
#6124 = PCURVE('',#2253,#6125);
#6125 = DEFINITIONAL_REPRESENTATION('',(#6126),#6130);
#6126 = LINE('',#6127,#6128);
#6127 = CARTESIAN_POINT('',(0.,0.));
#6128 = VECTOR('',#6129,1.);
#6129 = DIRECTION('',(0.,-1.));
#6130 = ( GEOMETRIC_REPRESENTATION_CONTEXT(2) 
PARAMETRIC_REPRESENTATION_CONTEXT() REPRESENTATION_CONTEXT('2D SPACE',''
  ) );
#6131 = PCURVE('',#2281,#6132);
#6132 = DEFINITIONAL_REPRESENTATION('',(#6133),#6137);
#6133 = LINE('',#6134,#6135);
#6134 = CARTESIAN_POINT('',(21.4,1.176836406103E-15));
#6135 = VECTOR('',#6136,1.);
#6136 = DIRECTION('',(0.,-1.));
#6137 = ( GEOMETRIC_REPRESENTATION_CONTEXT(2) 
PARAMETRIC_REPRESENTATION_CONTEXT() REPRESENTATION_CONTEXT('2D SPACE',''
  ) );
#6138 = ORIENTED_EDGE('',*,*,#6139,.T.);
#6139 = EDGE_CURVE('',#6117,#6046,#6140,.T.);
#6140 = SURFACE_CURVE('',#6141,(#6146,#6153),.PCURVE_S1.);
#6141 = CIRCLE('',#6142,2.3);
#6142 = AXIS2_PLACEMENT_3D('',#6143,#6144,#6145);
#6143 = CARTESIAN_POINT('',(23.,69.3,20.));
#6144 = DIRECTION('',(-1.,1.110223024625E-16,0.));
#6145 = DIRECTION('',(0.,0.,-1.));
#6146 = PCURVE('',#2253,#6147);
#6147 = DEFINITIONAL_REPRESENTATION('',(#6148),#6152);
#6148 = LINE('',#6149,#6150);
#6149 = CARTESIAN_POINT('',(0.,-7.));
#6150 = VECTOR('',#6151,1.);
#6151 = DIRECTION('',(1.,0.));
#6152 = ( GEOMETRIC_REPRESENTATION_CONTEXT(2) 
PARAMETRIC_REPRESENTATION_CONTEXT() REPRESENTATION_CONTEXT('2D SPACE',''
  ) );
#6153 = PCURVE('',#2411,#6154);
#6154 = DEFINITIONAL_REPRESENTATION('',(#6155),#6159);
#6155 = CIRCLE('',#6156,2.3);
#6156 = AXIS2_PLACEMENT_2D('',#6157,#6158);
#6157 = CARTESIAN_POINT('',(16.2,7.3));
#6158 = DIRECTION('',(-1.,0.));
#6159 = ( GEOMETRIC_REPRESENTATION_CONTEXT(2) 
PARAMETRIC_REPRESENTATION_CONTEXT() REPRESENTATION_CONTEXT('2D SPACE',''
  ) );
#6160 = ORIENTED_EDGE('',*,*,#6045,.F.);
#6161 = ADVANCED_FACE('',(#6162),#2281,.F.);
#6162 = FACE_BOUND('',#6163,.F.);
#6163 = EDGE_LOOP('',(#6164,#6165,#6188,#6209));
#6164 = ORIENTED_EDGE('',*,*,#2265,.F.);
#6165 = ORIENTED_EDGE('',*,*,#6166,.T.);
#6166 = EDGE_CURVE('',#2266,#6167,#6169,.T.);
#6167 = VERTEX_POINT('',#6168);
#6168 = CARTESIAN_POINT('',(23.,90.7,17.7));
#6169 = SURFACE_CURVE('',#6170,(#6174,#6181),.PCURVE_S1.);
#6170 = LINE('',#6171,#6172);
#6171 = CARTESIAN_POINT('',(16.,90.7,17.7));
#6172 = VECTOR('',#6173,1.);
#6173 = DIRECTION('',(1.,-1.110223024625E-16,0.));
#6174 = PCURVE('',#2281,#6175);
#6175 = DEFINITIONAL_REPRESENTATION('',(#6176),#6180);
#6176 = LINE('',#6177,#6178);
#6177 = CARTESIAN_POINT('',(0.,0.));
#6178 = VECTOR('',#6179,1.);
#6179 = DIRECTION('',(0.,-1.));
#6180 = ( GEOMETRIC_REPRESENTATION_CONTEXT(2) 
PARAMETRIC_REPRESENTATION_CONTEXT() REPRESENTATION_CONTEXT('2D SPACE',''
  ) );
#6181 = PCURVE('',#2308,#6182);
#6182 = DEFINITIONAL_REPRESENTATION('',(#6183),#6187);
#6183 = LINE('',#6184,#6185);
#6184 = CARTESIAN_POINT('',(3.14159265359,0.));
#6185 = VECTOR('',#6186,1.);
#6186 = DIRECTION('',(0.,-1.));
#6187 = ( GEOMETRIC_REPRESENTATION_CONTEXT(2) 
PARAMETRIC_REPRESENTATION_CONTEXT() REPRESENTATION_CONTEXT('2D SPACE',''
  ) );
#6188 = ORIENTED_EDGE('',*,*,#6189,.T.);
#6189 = EDGE_CURVE('',#6167,#6117,#6190,.T.);
#6190 = SURFACE_CURVE('',#6191,(#6195,#6202),.PCURVE_S1.);
#6191 = LINE('',#6192,#6193);
#6192 = CARTESIAN_POINT('',(23.,76.35,17.7));
#6193 = VECTOR('',#6194,1.);
#6194 = DIRECTION('',(-1.110223024625E-16,-1.,0.));
#6195 = PCURVE('',#2281,#6196);
#6196 = DEFINITIONAL_REPRESENTATION('',(#6197),#6201);
#6197 = LINE('',#6198,#6199);
#6198 = CARTESIAN_POINT('',(14.35,-7.));
#6199 = VECTOR('',#6200,1.);
#6200 = DIRECTION('',(1.,0.));
#6201 = ( GEOMETRIC_REPRESENTATION_CONTEXT(2) 
PARAMETRIC_REPRESENTATION_CONTEXT() REPRESENTATION_CONTEXT('2D SPACE',''
  ) );
#6202 = PCURVE('',#2411,#6203);
#6203 = DEFINITIONAL_REPRESENTATION('',(#6204),#6208);
#6204 = LINE('',#6205,#6206);
#6205 = CARTESIAN_POINT('',(13.9,14.35));
#6206 = VECTOR('',#6207,1.);
#6207 = DIRECTION('',(0.,-1.));
#6208 = ( GEOMETRIC_REPRESENTATION_CONTEXT(2) 
PARAMETRIC_REPRESENTATION_CONTEXT() REPRESENTATION_CONTEXT('2D SPACE',''
  ) );
#6209 = ORIENTED_EDGE('',*,*,#6116,.F.);
#6210 = ADVANCED_FACE('',(#6211),#2308,.F.);
#6211 = FACE_BOUND('',#6212,.F.);
#6212 = EDGE_LOOP('',(#6213,#6214,#6215,#6237));
#6213 = ORIENTED_EDGE('',*,*,#2293,.F.);
#6214 = ORIENTED_EDGE('',*,*,#6091,.T.);
#6215 = ORIENTED_EDGE('',*,*,#6216,.T.);
#6216 = EDGE_CURVE('',#6069,#6167,#6217,.T.);
#6217 = SURFACE_CURVE('',#6218,(#6223,#6230),.PCURVE_S1.);
#6218 = CIRCLE('',#6219,2.3);
#6219 = AXIS2_PLACEMENT_3D('',#6220,#6221,#6222);
#6220 = CARTESIAN_POINT('',(23.,90.7,20.));
#6221 = DIRECTION('',(-1.,1.110223024625E-16,0.));
#6222 = DIRECTION('',(0.,0.,1.));
#6223 = PCURVE('',#2308,#6224);
#6224 = DEFINITIONAL_REPRESENTATION('',(#6225),#6229);
#6225 = LINE('',#6226,#6227);
#6226 = CARTESIAN_POINT('',(0.,-7.));
#6227 = VECTOR('',#6228,1.);
#6228 = DIRECTION('',(1.,0.));
#6229 = ( GEOMETRIC_REPRESENTATION_CONTEXT(2) 
PARAMETRIC_REPRESENTATION_CONTEXT() REPRESENTATION_CONTEXT('2D SPACE',''
  ) );
#6230 = PCURVE('',#2411,#6231);
#6231 = DEFINITIONAL_REPRESENTATION('',(#6232),#6236);
#6232 = CIRCLE('',#6233,2.3);
#6233 = AXIS2_PLACEMENT_2D('',#6234,#6235);
#6234 = CARTESIAN_POINT('',(16.2,28.7));
#6235 = DIRECTION('',(1.,0.));
#6236 = ( GEOMETRIC_REPRESENTATION_CONTEXT(2) 
PARAMETRIC_REPRESENTATION_CONTEXT() REPRESENTATION_CONTEXT('2D SPACE',''
  ) );
#6237 = ORIENTED_EDGE('',*,*,#6166,.F.);
#6238 = ADVANCED_FACE('',(#6239),#2467,.T.);
#6239 = FACE_BOUND('',#6240,.T.);
#6240 = EDGE_LOOP('',(#6241,#6242,#6265,#6288,#6316,#6337));
#6241 = ORIENTED_EDGE('',*,*,#2603,.F.);
#6242 = ORIENTED_EDGE('',*,*,#6243,.F.);
#6243 = EDGE_CURVE('',#6244,#2576,#6246,.T.);
#6244 = VERTEX_POINT('',#6245);
#6245 = CARTESIAN_POINT('',(26.,44.,28.));
#6246 = SURFACE_CURVE('',#6247,(#6251,#6258),.PCURVE_S1.);
#6247 = LINE('',#6248,#6249);
#6248 = CARTESIAN_POINT('',(26.,44.,28.));
#6249 = VECTOR('',#6250,1.);
#6250 = DIRECTION('',(-1.,1.110223024625E-16,0.));
#6251 = PCURVE('',#2467,#6252);
#6252 = DEFINITIONAL_REPRESENTATION('',(#6253),#6257);
#6253 = LINE('',#6254,#6255);
#6254 = CARTESIAN_POINT('',(0.,0.));
#6255 = VECTOR('',#6256,1.);
#6256 = DIRECTION('',(0.,1.));
#6257 = ( GEOMETRIC_REPRESENTATION_CONTEXT(2) 
PARAMETRIC_REPRESENTATION_CONTEXT() REPRESENTATION_CONTEXT('2D SPACE',''
  ) );
#6258 = PCURVE('',#2591,#6259);
#6259 = DEFINITIONAL_REPRESENTATION('',(#6260),#6264);
#6260 = LINE('',#6261,#6262);
#6261 = CARTESIAN_POINT('',(24.1,0.));
#6262 = VECTOR('',#6263,1.);
#6263 = DIRECTION('',(0.,-1.));
#6264 = ( GEOMETRIC_REPRESENTATION_CONTEXT(2) 
PARAMETRIC_REPRESENTATION_CONTEXT() REPRESENTATION_CONTEXT('2D SPACE',''
  ) );
#6265 = ORIENTED_EDGE('',*,*,#6266,.F.);
#6266 = EDGE_CURVE('',#6267,#6244,#6269,.T.);
#6267 = VERTEX_POINT('',#6268);
#6268 = CARTESIAN_POINT('',(26.,65.,28.));
#6269 = SURFACE_CURVE('',#6270,(#6274,#6281),.PCURVE_S1.);
#6270 = LINE('',#6271,#6272);
#6271 = CARTESIAN_POINT('',(26.,65.,28.));
#6272 = VECTOR('',#6273,1.);
#6273 = DIRECTION('',(-1.110223024625E-16,-1.,0.));
#6274 = PCURVE('',#2467,#6275);
#6275 = DEFINITIONAL_REPRESENTATION('',(#6276),#6280);
#6276 = LINE('',#6277,#6278);
#6277 = CARTESIAN_POINT('',(21.,-1.221245327088E-15));
#6278 = VECTOR('',#6279,1.);
#6279 = DIRECTION('',(-1.,0.));
#6280 = ( GEOMETRIC_REPRESENTATION_CONTEXT(2) 
PARAMETRIC_REPRESENTATION_CONTEXT() REPRESENTATION_CONTEXT('2D SPACE',''
  ) );
#6281 = PCURVE('',#2691,#6282);
#6282 = DEFINITIONAL_REPRESENTATION('',(#6283),#6287);
#6283 = LINE('',#6284,#6285);
#6284 = CARTESIAN_POINT('',(28.,35.));
#6285 = VECTOR('',#6286,1.);
#6286 = DIRECTION('',(0.,-1.));
#6287 = ( GEOMETRIC_REPRESENTATION_CONTEXT(2) 
PARAMETRIC_REPRESENTATION_CONTEXT() REPRESENTATION_CONTEXT('2D SPACE',''
  ) );
#6288 = ORIENTED_EDGE('',*,*,#6289,.T.);
#6289 = EDGE_CURVE('',#6267,#6290,#6292,.T.);
#6290 = VERTEX_POINT('',#6291);
#6291 = CARTESIAN_POINT('',(24.4,65.,28.));
#6292 = SURFACE_CURVE('',#6293,(#6297,#6304),.PCURVE_S1.);
#6293 = LINE('',#6294,#6295);
#6294 = CARTESIAN_POINT('',(26.,65.,28.));
#6295 = VECTOR('',#6296,1.);
#6296 = DIRECTION('',(-1.,1.110223024625E-16,0.));
#6297 = PCURVE('',#2467,#6298);
#6298 = DEFINITIONAL_REPRESENTATION('',(#6299),#6303);
#6299 = LINE('',#6300,#6301);
#6300 = CARTESIAN_POINT('',(21.,-1.221245327088E-15));
#6301 = VECTOR('',#6302,1.);
#6302 = DIRECTION('',(0.,1.));
#6303 = ( GEOMETRIC_REPRESENTATION_CONTEXT(2) 
PARAMETRIC_REPRESENTATION_CONTEXT() REPRESENTATION_CONTEXT('2D SPACE',''
  ) );
#6304 = PCURVE('',#6305,#6310);
#6305 = PLANE('',#6306);
#6306 = AXIS2_PLACEMENT_3D('',#6307,#6308,#6309);
#6307 = CARTESIAN_POINT('',(24.951460900375,65.,17.451460900375));
#6308 = DIRECTION('',(1.110223024625E-16,1.,0.));
#6309 = DIRECTION('',(0.,0.,1.));
#6310 = DEFINITIONAL_REPRESENTATION('',(#6311),#6315);
#6311 = LINE('',#6312,#6313);
#6312 = CARTESIAN_POINT('',(10.548539099625,1.048539099625));
#6313 = VECTOR('',#6314,1.);
#6314 = DIRECTION('',(0.,-1.));
#6315 = ( GEOMETRIC_REPRESENTATION_CONTEXT(2) 
PARAMETRIC_REPRESENTATION_CONTEXT() REPRESENTATION_CONTEXT('2D SPACE',''
  ) );
#6316 = ORIENTED_EDGE('',*,*,#6317,.T.);
#6317 = EDGE_CURVE('',#6290,#2424,#6318,.T.);
#6318 = SURFACE_CURVE('',#6319,(#6323,#6330),.PCURVE_S1.);
#6319 = LINE('',#6320,#6321);
#6320 = CARTESIAN_POINT('',(24.4,53.,28.));
#6321 = VECTOR('',#6322,1.);
#6322 = DIRECTION('',(-1.110223024625E-16,-1.,0.));
#6323 = PCURVE('',#2467,#6324);
#6324 = DEFINITIONAL_REPRESENTATION('',(#6325),#6329);
#6325 = LINE('',#6326,#6327);
#6326 = CARTESIAN_POINT('',(9.,1.6));
#6327 = VECTOR('',#6328,1.);
#6328 = DIRECTION('',(-1.,0.));
#6329 = ( GEOMETRIC_REPRESENTATION_CONTEXT(2) 
PARAMETRIC_REPRESENTATION_CONTEXT() REPRESENTATION_CONTEXT('2D SPACE',''
  ) );
#6330 = PCURVE('',#2439,#6331);
#6331 = DEFINITIONAL_REPRESENTATION('',(#6332),#6336);
#6332 = LINE('',#6333,#6334);
#6333 = CARTESIAN_POINT('',(6.1611687203,9.));
#6334 = VECTOR('',#6335,1.);
#6335 = DIRECTION('',(0.,1.));
#6336 = ( GEOMETRIC_REPRESENTATION_CONTEXT(2) 
PARAMETRIC_REPRESENTATION_CONTEXT() REPRESENTATION_CONTEXT('2D SPACE',''
  ) );
#6337 = ORIENTED_EDGE('',*,*,#2451,.T.);
#6338 = ADVANCED_FACE('',(#6339),#2439,.F.);
#6339 = FACE_BOUND('',#6340,.F.);
#6340 = EDGE_LOOP('',(#6341,#6342,#6365,#6386));
#6341 = ORIENTED_EDGE('',*,*,#2423,.F.);
#6342 = ORIENTED_EDGE('',*,*,#6343,.T.);
#6343 = EDGE_CURVE('',#2396,#6344,#6346,.T.);
#6344 = VERTEX_POINT('',#6345);
#6345 = CARTESIAN_POINT('',(23.,65.,34.));
#6346 = SURFACE_CURVE('',#6347,(#6351,#6358),.PCURVE_S1.);
#6347 = LINE('',#6348,#6349);
#6348 = CARTESIAN_POINT('',(23.,62.,34.));
#6349 = VECTOR('',#6350,1.);
#6350 = DIRECTION('',(1.110223024625E-16,1.,0.));
#6351 = PCURVE('',#2439,#6352);
#6352 = DEFINITIONAL_REPRESENTATION('',(#6353),#6357);
#6353 = LINE('',#6354,#6355);
#6354 = CARTESIAN_POINT('',(0.,0.));
#6355 = VECTOR('',#6356,1.);
#6356 = DIRECTION('',(0.,-1.));
#6357 = ( GEOMETRIC_REPRESENTATION_CONTEXT(2) 
PARAMETRIC_REPRESENTATION_CONTEXT() REPRESENTATION_CONTEXT('2D SPACE',''
  ) );
#6358 = PCURVE('',#2411,#6359);
#6359 = DEFINITIONAL_REPRESENTATION('',(#6360),#6364);
#6360 = LINE('',#6361,#6362);
#6361 = CARTESIAN_POINT('',(30.2,0.));
#6362 = VECTOR('',#6363,1.);
#6363 = DIRECTION('',(0.,1.));
#6364 = ( GEOMETRIC_REPRESENTATION_CONTEXT(2) 
PARAMETRIC_REPRESENTATION_CONTEXT() REPRESENTATION_CONTEXT('2D SPACE',''
  ) );
#6365 = ORIENTED_EDGE('',*,*,#6366,.T.);
#6366 = EDGE_CURVE('',#6344,#6290,#6367,.T.);
#6367 = SURFACE_CURVE('',#6368,(#6372,#6379),.PCURVE_S1.);
#6368 = LINE('',#6369,#6370);
#6369 = CARTESIAN_POINT('',(23.,65.,34.));
#6370 = VECTOR('',#6371,1.);
#6371 = DIRECTION('',(0.227229615606,-2.52275551123E-17,-0.973841209742)
  );
#6372 = PCURVE('',#2439,#6373);
#6373 = DEFINITIONAL_REPRESENTATION('',(#6374),#6378);
#6374 = LINE('',#6375,#6376);
#6375 = CARTESIAN_POINT('',(-7.568266533689E-17,-3.));
#6376 = VECTOR('',#6377,1.);
#6377 = DIRECTION('',(1.,0.));
#6378 = ( GEOMETRIC_REPRESENTATION_CONTEXT(2) 
PARAMETRIC_REPRESENTATION_CONTEXT() REPRESENTATION_CONTEXT('2D SPACE',''
  ) );
#6379 = PCURVE('',#6305,#6380);
#6380 = DEFINITIONAL_REPRESENTATION('',(#6381),#6385);
#6381 = LINE('',#6382,#6383);
#6382 = CARTESIAN_POINT('',(16.548539099625,-1.951460900375));
#6383 = VECTOR('',#6384,1.);
#6384 = DIRECTION('',(-0.973841209742,0.227229615606));
#6385 = ( GEOMETRIC_REPRESENTATION_CONTEXT(2) 
PARAMETRIC_REPRESENTATION_CONTEXT() REPRESENTATION_CONTEXT('2D SPACE',''
  ) );
#6386 = ORIENTED_EDGE('',*,*,#6317,.T.);
#6387 = ADVANCED_FACE('',(#6388,#6550,#6556),#2411,.F.);
#6388 = FACE_BOUND('',#6389,.F.);
#6389 = EDGE_LOOP('',(#6390,#6420,#6448,#6476,#6504,#6525,#6526,#6527,
    #6528,#6529));
#6390 = ORIENTED_EDGE('',*,*,#6391,.F.);
#6391 = EDGE_CURVE('',#6392,#6394,#6396,.T.);
#6392 = VERTEX_POINT('',#6393);
#6393 = CARTESIAN_POINT('',(23.,129.,4.));
#6394 = VERTEX_POINT('',#6395);
#6395 = CARTESIAN_POINT('',(23.,129.,34.));
#6396 = SURFACE_CURVE('',#6397,(#6401,#6408),.PCURVE_S1.);
#6397 = LINE('',#6398,#6399);
#6398 = CARTESIAN_POINT('',(23.,129.,4.));
#6399 = VECTOR('',#6400,1.);
#6400 = DIRECTION('',(0.,0.,1.));
#6401 = PCURVE('',#2411,#6402);
#6402 = DEFINITIONAL_REPRESENTATION('',(#6403),#6407);
#6403 = LINE('',#6404,#6405);
#6404 = CARTESIAN_POINT('',(0.2,67.));
#6405 = VECTOR('',#6406,1.);
#6406 = DIRECTION('',(1.,0.));
#6407 = ( GEOMETRIC_REPRESENTATION_CONTEXT(2) 
PARAMETRIC_REPRESENTATION_CONTEXT() REPRESENTATION_CONTEXT('2D SPACE',''
  ) );
#6408 = PCURVE('',#6409,#6414);
#6409 = PLANE('',#6410);
#6410 = AXIS2_PLACEMENT_3D('',#6411,#6412,#6413);
#6411 = CARTESIAN_POINT('',(24.951460900375,129.,17.451460900375));
#6412 = DIRECTION('',(1.110223024625E-16,1.,0.));
#6413 = DIRECTION('',(0.,0.,1.));
#6414 = DEFINITIONAL_REPRESENTATION('',(#6415),#6419);
#6415 = LINE('',#6416,#6417);
#6416 = CARTESIAN_POINT('',(-13.45146090037,-1.951460900375));
#6417 = VECTOR('',#6418,1.);
#6418 = DIRECTION('',(1.,0.));
#6419 = ( GEOMETRIC_REPRESENTATION_CONTEXT(2) 
PARAMETRIC_REPRESENTATION_CONTEXT() REPRESENTATION_CONTEXT('2D SPACE',''
  ) );
#6420 = ORIENTED_EDGE('',*,*,#6421,.T.);
#6421 = EDGE_CURVE('',#6392,#6422,#6424,.T.);
#6422 = VERTEX_POINT('',#6423);
#6423 = CARTESIAN_POINT('',(23.,66.,4.));
#6424 = SURFACE_CURVE('',#6425,(#6429,#6436),.PCURVE_S1.);
#6425 = LINE('',#6426,#6427);
#6426 = CARTESIAN_POINT('',(23.,53.,4.));
#6427 = VECTOR('',#6428,1.);
#6428 = DIRECTION('',(-1.110223024625E-16,-1.,0.));
#6429 = PCURVE('',#2411,#6430);
#6430 = DEFINITIONAL_REPRESENTATION('',(#6431),#6435);
#6431 = LINE('',#6432,#6433);
#6432 = CARTESIAN_POINT('',(0.2,-9.));
#6433 = VECTOR('',#6434,1.);
#6434 = DIRECTION('',(0.,-1.));
#6435 = ( GEOMETRIC_REPRESENTATION_CONTEXT(2) 
PARAMETRIC_REPRESENTATION_CONTEXT() REPRESENTATION_CONTEXT('2D SPACE',''
  ) );
#6436 = PCURVE('',#6437,#6442);
#6437 = PLANE('',#6438);
#6438 = AXIS2_PLACEMENT_3D('',#6439,#6440,#6441);
#6439 = CARTESIAN_POINT('',(26.,44.,4.));
#6440 = DIRECTION('',(0.,0.,1.));
#6441 = DIRECTION('',(1.110223024625E-16,1.,0.));
#6442 = DEFINITIONAL_REPRESENTATION('',(#6443),#6447);
#6443 = LINE('',#6444,#6445);
#6444 = CARTESIAN_POINT('',(9.,3.));
#6445 = VECTOR('',#6446,1.);
#6446 = DIRECTION('',(-1.,0.));
#6447 = ( GEOMETRIC_REPRESENTATION_CONTEXT(2) 
PARAMETRIC_REPRESENTATION_CONTEXT() REPRESENTATION_CONTEXT('2D SPACE',''
  ) );
#6448 = ORIENTED_EDGE('',*,*,#6449,.T.);
#6449 = EDGE_CURVE('',#6422,#6450,#6452,.T.);
#6450 = VERTEX_POINT('',#6451);
#6451 = CARTESIAN_POINT('',(23.,66.,8.));
#6452 = SURFACE_CURVE('',#6453,(#6457,#6464),.PCURVE_S1.);
#6453 = LINE('',#6454,#6455);
#6454 = CARTESIAN_POINT('',(23.,66.,1.9));
#6455 = VECTOR('',#6456,1.);
#6456 = DIRECTION('',(0.,0.,1.));
#6457 = PCURVE('',#2411,#6458);
#6458 = DEFINITIONAL_REPRESENTATION('',(#6459),#6463);
#6459 = LINE('',#6460,#6461);
#6460 = CARTESIAN_POINT('',(-1.9,4.));
#6461 = VECTOR('',#6462,1.);
#6462 = DIRECTION('',(1.,0.));
#6463 = ( GEOMETRIC_REPRESENTATION_CONTEXT(2) 
PARAMETRIC_REPRESENTATION_CONTEXT() REPRESENTATION_CONTEXT('2D SPACE',''
  ) );
#6464 = PCURVE('',#6465,#6470);
#6465 = PLANE('',#6466);
#6466 = AXIS2_PLACEMENT_3D('',#6467,#6468,#6469);
#6467 = CARTESIAN_POINT('',(26.,66.,0.));
#6468 = DIRECTION('',(1.110223024625E-16,1.,0.));
#6469 = DIRECTION('',(0.,0.,1.));
#6470 = DEFINITIONAL_REPRESENTATION('',(#6471),#6475);
#6471 = LINE('',#6472,#6473);
#6472 = CARTESIAN_POINT('',(1.9,-3.));
#6473 = VECTOR('',#6474,1.);
#6474 = DIRECTION('',(1.,0.));
#6475 = ( GEOMETRIC_REPRESENTATION_CONTEXT(2) 
PARAMETRIC_REPRESENTATION_CONTEXT() REPRESENTATION_CONTEXT('2D SPACE',''
  ) );
#6476 = ORIENTED_EDGE('',*,*,#6477,.T.);
#6477 = EDGE_CURVE('',#6450,#6478,#6480,.T.);
#6478 = VERTEX_POINT('',#6479);
#6479 = CARTESIAN_POINT('',(23.,65.,8.));
#6480 = SURFACE_CURVE('',#6481,(#6485,#6492),.PCURVE_S1.);
#6481 = LINE('',#6482,#6483);
#6482 = CARTESIAN_POINT('',(23.,46.,8.));
#6483 = VECTOR('',#6484,1.);
#6484 = DIRECTION('',(-1.110223024625E-16,-1.,0.));
#6485 = PCURVE('',#2411,#6486);
#6486 = DEFINITIONAL_REPRESENTATION('',(#6487),#6491);
#6487 = LINE('',#6488,#6489);
#6488 = CARTESIAN_POINT('',(4.2,-16.));
#6489 = VECTOR('',#6490,1.);
#6490 = DIRECTION('',(0.,-1.));
#6491 = ( GEOMETRIC_REPRESENTATION_CONTEXT(2) 
PARAMETRIC_REPRESENTATION_CONTEXT() REPRESENTATION_CONTEXT('2D SPACE',''
  ) );
#6492 = PCURVE('',#6493,#6498);
#6493 = PLANE('',#6494);
#6494 = AXIS2_PLACEMENT_3D('',#6495,#6496,#6497);
#6495 = CARTESIAN_POINT('',(26.,30.,8.));
#6496 = DIRECTION('',(0.,0.,1.));
#6497 = DIRECTION('',(1.110223024625E-16,1.,0.));
#6498 = DEFINITIONAL_REPRESENTATION('',(#6499),#6503);
#6499 = LINE('',#6500,#6501);
#6500 = CARTESIAN_POINT('',(16.,3.));
#6501 = VECTOR('',#6502,1.);
#6502 = DIRECTION('',(-1.,0.));
#6503 = ( GEOMETRIC_REPRESENTATION_CONTEXT(2) 
PARAMETRIC_REPRESENTATION_CONTEXT() REPRESENTATION_CONTEXT('2D SPACE',''
  ) );
#6504 = ORIENTED_EDGE('',*,*,#6505,.T.);
#6505 = EDGE_CURVE('',#6478,#6344,#6506,.T.);
#6506 = SURFACE_CURVE('',#6507,(#6511,#6518),.PCURVE_S1.);
#6507 = LINE('',#6508,#6509);
#6508 = CARTESIAN_POINT('',(23.,65.,8.));
#6509 = VECTOR('',#6510,1.);
#6510 = DIRECTION('',(0.,0.,1.));
#6511 = PCURVE('',#2411,#6512);
#6512 = DEFINITIONAL_REPRESENTATION('',(#6513),#6517);
#6513 = LINE('',#6514,#6515);
#6514 = CARTESIAN_POINT('',(4.2,3.));
#6515 = VECTOR('',#6516,1.);
#6516 = DIRECTION('',(1.,0.));
#6517 = ( GEOMETRIC_REPRESENTATION_CONTEXT(2) 
PARAMETRIC_REPRESENTATION_CONTEXT() REPRESENTATION_CONTEXT('2D SPACE',''
  ) );
#6518 = PCURVE('',#6305,#6519);
#6519 = DEFINITIONAL_REPRESENTATION('',(#6520),#6524);
#6520 = LINE('',#6521,#6522);
#6521 = CARTESIAN_POINT('',(-9.451460900375,-1.951460900375));
#6522 = VECTOR('',#6523,1.);
#6523 = DIRECTION('',(1.,0.));
#6524 = ( GEOMETRIC_REPRESENTATION_CONTEXT(2) 
PARAMETRIC_REPRESENTATION_CONTEXT() REPRESENTATION_CONTEXT('2D SPACE',''
  ) );
#6525 = ORIENTED_EDGE('',*,*,#6343,.F.);
#6526 = ORIENTED_EDGE('',*,*,#2395,.T.);
#6527 = ORIENTED_EDGE('',*,*,#5692,.T.);
#6528 = ORIENTED_EDGE('',*,*,#5742,.F.);
#6529 = ORIENTED_EDGE('',*,*,#6530,.F.);
#6530 = EDGE_CURVE('',#6394,#5743,#6531,.T.);
#6531 = SURFACE_CURVE('',#6532,(#6536,#6543),.PCURVE_S1.);
#6532 = LINE('',#6533,#6534);
#6533 = CARTESIAN_POINT('',(23.,129.,34.));
#6534 = VECTOR('',#6535,1.);
#6535 = DIRECTION('',(1.110223024625E-16,1.,0.));
#6536 = PCURVE('',#2411,#6537);
#6537 = DEFINITIONAL_REPRESENTATION('',(#6538),#6542);
#6538 = LINE('',#6539,#6540);
#6539 = CARTESIAN_POINT('',(30.2,67.));
#6540 = VECTOR('',#6541,1.);
#6541 = DIRECTION('',(0.,1.));
#6542 = ( GEOMETRIC_REPRESENTATION_CONTEXT(2) 
PARAMETRIC_REPRESENTATION_CONTEXT() REPRESENTATION_CONTEXT('2D SPACE',''
  ) );
#6543 = PCURVE('',#5781,#6544);
#6544 = DEFINITIONAL_REPRESENTATION('',(#6545),#6549);
#6545 = LINE('',#6546,#6547);
#6546 = CARTESIAN_POINT('',(0.,0.));
#6547 = VECTOR('',#6548,1.);
#6548 = DIRECTION('',(0.,-1.));
#6549 = ( GEOMETRIC_REPRESENTATION_CONTEXT(2) 
PARAMETRIC_REPRESENTATION_CONTEXT() REPRESENTATION_CONTEXT('2D SPACE',''
  ) );
#6550 = FACE_BOUND('',#6551,.F.);
#6551 = EDGE_LOOP('',(#6552,#6553,#6554,#6555));
#6552 = ORIENTED_EDGE('',*,*,#6068,.F.);
#6553 = ORIENTED_EDGE('',*,*,#6139,.F.);
#6554 = ORIENTED_EDGE('',*,*,#6189,.F.);
#6555 = ORIENTED_EDGE('',*,*,#6216,.F.);
#6556 = FACE_BOUND('',#6557,.F.);
#6557 = EDGE_LOOP('',(#6558,#6559,#6560,#6561));
#6558 = ORIENTED_EDGE('',*,*,#6019,.F.);
#6559 = ORIENTED_EDGE('',*,*,#5870,.F.);
#6560 = ORIENTED_EDGE('',*,*,#5942,.F.);
#6561 = ORIENTED_EDGE('',*,*,#5991,.F.);
#6562 = ADVANCED_FACE('',(#6563),#2591,.F.);
#6563 = FACE_BOUND('',#6564,.F.);
#6564 = EDGE_LOOP('',(#6565,#6586,#6587,#6588));
#6565 = ORIENTED_EDGE('',*,*,#6566,.F.);
#6566 = EDGE_CURVE('',#2676,#6244,#6567,.T.);
#6567 = SURFACE_CURVE('',#6568,(#6572,#6579),.PCURVE_S1.);
#6568 = LINE('',#6569,#6570);
#6569 = CARTESIAN_POINT('',(26.,44.,3.9));
#6570 = VECTOR('',#6571,1.);
#6571 = DIRECTION('',(0.,0.,1.));
#6572 = PCURVE('',#2591,#6573);
#6573 = DEFINITIONAL_REPRESENTATION('',(#6574),#6578);
#6574 = LINE('',#6575,#6576);
#6575 = CARTESIAN_POINT('',(0.,0.));
#6576 = VECTOR('',#6577,1.);
#6577 = DIRECTION('',(1.,0.));
#6578 = ( GEOMETRIC_REPRESENTATION_CONTEXT(2) 
PARAMETRIC_REPRESENTATION_CONTEXT() REPRESENTATION_CONTEXT('2D SPACE',''
  ) );
#6579 = PCURVE('',#2691,#6580);
#6580 = DEFINITIONAL_REPRESENTATION('',(#6581),#6585);
#6581 = LINE('',#6582,#6583);
#6582 = CARTESIAN_POINT('',(3.9,14.));
#6583 = VECTOR('',#6584,1.);
#6584 = DIRECTION('',(1.,0.));
#6585 = ( GEOMETRIC_REPRESENTATION_CONTEXT(2) 
PARAMETRIC_REPRESENTATION_CONTEXT() REPRESENTATION_CONTEXT('2D SPACE',''
  ) );
#6586 = ORIENTED_EDGE('',*,*,#2703,.F.);
#6587 = ORIENTED_EDGE('',*,*,#2575,.T.);
#6588 = ORIENTED_EDGE('',*,*,#6243,.F.);
#6589 = ADVANCED_FACE('',(#6590),#2691,.F.);
#6590 = FACE_BOUND('',#6591,.F.);
#6591 = EDGE_LOOP('',(#6592,#6593,#6594,#6595,#6596,#6597,#6620,#6648,
    #6676,#6704,#6727,#6750,#6773,#6796,#6817));
#6592 = ORIENTED_EDGE('',*,*,#5599,.F.);
#6593 = ORIENTED_EDGE('',*,*,#2800,.T.);
#6594 = ORIENTED_EDGE('',*,*,#2675,.T.);
#6595 = ORIENTED_EDGE('',*,*,#6566,.T.);
#6596 = ORIENTED_EDGE('',*,*,#6266,.F.);
#6597 = ORIENTED_EDGE('',*,*,#6598,.F.);
#6598 = EDGE_CURVE('',#6599,#6267,#6601,.T.);
#6599 = VERTEX_POINT('',#6600);
#6600 = CARTESIAN_POINT('',(26.,65.,21.142857142857));
#6601 = SURFACE_CURVE('',#6602,(#6606,#6613),.PCURVE_S1.);
#6602 = LINE('',#6603,#6604);
#6603 = CARTESIAN_POINT('',(26.,65.,3.9));
#6604 = VECTOR('',#6605,1.);
#6605 = DIRECTION('',(0.,0.,1.));
#6606 = PCURVE('',#2691,#6607);
#6607 = DEFINITIONAL_REPRESENTATION('',(#6608),#6612);
#6608 = LINE('',#6609,#6610);
#6609 = CARTESIAN_POINT('',(3.9,35.));
#6610 = VECTOR('',#6611,1.);
#6611 = DIRECTION('',(1.,0.));
#6612 = ( GEOMETRIC_REPRESENTATION_CONTEXT(2) 
PARAMETRIC_REPRESENTATION_CONTEXT() REPRESENTATION_CONTEXT('2D SPACE',''
  ) );
#6613 = PCURVE('',#6305,#6614);
#6614 = DEFINITIONAL_REPRESENTATION('',(#6615),#6619);
#6615 = LINE('',#6616,#6617);
#6616 = CARTESIAN_POINT('',(-13.55146090037,1.048539099625));
#6617 = VECTOR('',#6618,1.);
#6618 = DIRECTION('',(1.,0.));
#6619 = ( GEOMETRIC_REPRESENTATION_CONTEXT(2) 
PARAMETRIC_REPRESENTATION_CONTEXT() REPRESENTATION_CONTEXT('2D SPACE',''
  ) );
#6620 = ORIENTED_EDGE('',*,*,#6621,.T.);
#6621 = EDGE_CURVE('',#6599,#6622,#6624,.T.);
#6622 = VERTEX_POINT('',#6623);
#6623 = CARTESIAN_POINT('',(26.,62.,21.142857142857));
#6624 = SURFACE_CURVE('',#6625,(#6629,#6636),.PCURVE_S1.);
#6625 = LINE('',#6626,#6627);
#6626 = CARTESIAN_POINT('',(26.,46.,21.142857142857));
#6627 = VECTOR('',#6628,1.);
#6628 = DIRECTION('',(-1.110223024625E-16,-1.,0.));
#6629 = PCURVE('',#2691,#6630);
#6630 = DEFINITIONAL_REPRESENTATION('',(#6631),#6635);
#6631 = LINE('',#6632,#6633);
#6632 = CARTESIAN_POINT('',(21.142857142857,16.));
#6633 = VECTOR('',#6634,1.);
#6634 = DIRECTION('',(0.,-1.));
#6635 = ( GEOMETRIC_REPRESENTATION_CONTEXT(2) 
PARAMETRIC_REPRESENTATION_CONTEXT() REPRESENTATION_CONTEXT('2D SPACE',''
  ) );
#6636 = PCURVE('',#6637,#6642);
#6637 = PLANE('',#6638);
#6638 = AXIS2_PLACEMENT_3D('',#6639,#6640,#6641);
#6639 = CARTESIAN_POINT('',(23.,62.,34.));
#6640 = DIRECTION('',(-0.973841209742,1.081180933384E-16,-0.227229615606
    ));
#6641 = DIRECTION('',(0.227229615606,-2.52275551123E-17,-0.973841209742)
  );
#6642 = DEFINITIONAL_REPRESENTATION('',(#6643),#6647);
#6643 = LINE('',#6644,#6645);
#6644 = CARTESIAN_POINT('',(13.202504400642,16.));
#6645 = VECTOR('',#6646,1.);
#6646 = DIRECTION('',(0.,1.));
#6647 = ( GEOMETRIC_REPRESENTATION_CONTEXT(2) 
PARAMETRIC_REPRESENTATION_CONTEXT() REPRESENTATION_CONTEXT('2D SPACE',''
  ) );
#6648 = ORIENTED_EDGE('',*,*,#6649,.T.);
#6649 = EDGE_CURVE('',#6622,#6650,#6652,.T.);
#6650 = VERTEX_POINT('',#6651);
#6651 = CARTESIAN_POINT('',(26.,62.,4.));
#6652 = SURFACE_CURVE('',#6653,(#6657,#6664),.PCURVE_S1.);
#6653 = LINE('',#6654,#6655);
#6654 = CARTESIAN_POINT('',(26.,62.,1.9));
#6655 = VECTOR('',#6656,1.);
#6656 = DIRECTION('',(0.,0.,-1.));
#6657 = PCURVE('',#2691,#6658);
#6658 = DEFINITIONAL_REPRESENTATION('',(#6659),#6663);
#6659 = LINE('',#6660,#6661);
#6660 = CARTESIAN_POINT('',(1.9,32.));
#6661 = VECTOR('',#6662,1.);
#6662 = DIRECTION('',(-1.,0.));
#6663 = ( GEOMETRIC_REPRESENTATION_CONTEXT(2) 
PARAMETRIC_REPRESENTATION_CONTEXT() REPRESENTATION_CONTEXT('2D SPACE',''
  ) );
#6664 = PCURVE('',#6665,#6670);
#6665 = PLANE('',#6666);
#6666 = AXIS2_PLACEMENT_3D('',#6667,#6668,#6669);
#6667 = CARTESIAN_POINT('',(23.,62.,3.8));
#6668 = DIRECTION('',(1.110223024625E-16,1.,0.));
#6669 = DIRECTION('',(0.,0.,1.));
#6670 = DEFINITIONAL_REPRESENTATION('',(#6671),#6675);
#6671 = LINE('',#6672,#6673);
#6672 = CARTESIAN_POINT('',(-1.9,3.));
#6673 = VECTOR('',#6674,1.);
#6674 = DIRECTION('',(-1.,0.));
#6675 = ( GEOMETRIC_REPRESENTATION_CONTEXT(2) 
PARAMETRIC_REPRESENTATION_CONTEXT() REPRESENTATION_CONTEXT('2D SPACE',''
  ) );
#6676 = ORIENTED_EDGE('',*,*,#6677,.T.);
#6677 = EDGE_CURVE('',#6650,#6678,#6680,.T.);
#6678 = VERTEX_POINT('',#6679);
#6679 = CARTESIAN_POINT('',(26.,65.,4.));
#6680 = SURFACE_CURVE('',#6681,(#6685,#6692),.PCURVE_S1.);
#6681 = LINE('',#6682,#6683);
#6682 = CARTESIAN_POINT('',(26.,46.,4.));
#6683 = VECTOR('',#6684,1.);
#6684 = DIRECTION('',(1.110223024625E-16,1.,0.));
#6685 = PCURVE('',#2691,#6686);
#6686 = DEFINITIONAL_REPRESENTATION('',(#6687),#6691);
#6687 = LINE('',#6688,#6689);
#6688 = CARTESIAN_POINT('',(4.,16.));
#6689 = VECTOR('',#6690,1.);
#6690 = DIRECTION('',(0.,1.));
#6691 = ( GEOMETRIC_REPRESENTATION_CONTEXT(2) 
PARAMETRIC_REPRESENTATION_CONTEXT() REPRESENTATION_CONTEXT('2D SPACE',''
  ) );
#6692 = PCURVE('',#6693,#6698);
#6693 = PLANE('',#6694);
#6694 = AXIS2_PLACEMENT_3D('',#6695,#6696,#6697);
#6695 = CARTESIAN_POINT('',(30.,62.,4.));
#6696 = DIRECTION('',(0.,0.,1.));
#6697 = DIRECTION('',(-1.,1.110223024625E-16,0.));
#6698 = DEFINITIONAL_REPRESENTATION('',(#6699),#6703);
#6699 = LINE('',#6700,#6701);
#6700 = CARTESIAN_POINT('',(4.,16.));
#6701 = VECTOR('',#6702,1.);
#6702 = DIRECTION('',(0.,-1.));
#6703 = ( GEOMETRIC_REPRESENTATION_CONTEXT(2) 
PARAMETRIC_REPRESENTATION_CONTEXT() REPRESENTATION_CONTEXT('2D SPACE',''
  ) );
#6704 = ORIENTED_EDGE('',*,*,#6705,.F.);
#6705 = EDGE_CURVE('',#6706,#6678,#6708,.T.);
#6706 = VERTEX_POINT('',#6707);
#6707 = CARTESIAN_POINT('',(26.,65.,8.));
#6708 = SURFACE_CURVE('',#6709,(#6713,#6720),.PCURVE_S1.);
#6709 = LINE('',#6710,#6711);
#6710 = CARTESIAN_POINT('',(26.,65.,8.725730450187));
#6711 = VECTOR('',#6712,1.);
#6712 = DIRECTION('',(0.,0.,-1.));
#6713 = PCURVE('',#2691,#6714);
#6714 = DEFINITIONAL_REPRESENTATION('',(#6715),#6719);
#6715 = LINE('',#6716,#6717);
#6716 = CARTESIAN_POINT('',(8.725730450187,35.));
#6717 = VECTOR('',#6718,1.);
#6718 = DIRECTION('',(-1.,0.));
#6719 = ( GEOMETRIC_REPRESENTATION_CONTEXT(2) 
PARAMETRIC_REPRESENTATION_CONTEXT() REPRESENTATION_CONTEXT('2D SPACE',''
  ) );
#6720 = PCURVE('',#6305,#6721);
#6721 = DEFINITIONAL_REPRESENTATION('',(#6722),#6726);
#6722 = LINE('',#6723,#6724);
#6723 = CARTESIAN_POINT('',(-8.725730450187,1.048539099625));
#6724 = VECTOR('',#6725,1.);
#6725 = DIRECTION('',(-1.,0.));
#6726 = ( GEOMETRIC_REPRESENTATION_CONTEXT(2) 
PARAMETRIC_REPRESENTATION_CONTEXT() REPRESENTATION_CONTEXT('2D SPACE',''
  ) );
#6727 = ORIENTED_EDGE('',*,*,#6728,.T.);
#6728 = EDGE_CURVE('',#6706,#6729,#6731,.T.);
#6729 = VERTEX_POINT('',#6730);
#6730 = CARTESIAN_POINT('',(26.,66.,8.));
#6731 = SURFACE_CURVE('',#6732,(#6736,#6743),.PCURVE_S1.);
#6732 = LINE('',#6733,#6734);
#6733 = CARTESIAN_POINT('',(26.,30.,8.));
#6734 = VECTOR('',#6735,1.);
#6735 = DIRECTION('',(1.110223024625E-16,1.,0.));
#6736 = PCURVE('',#2691,#6737);
#6737 = DEFINITIONAL_REPRESENTATION('',(#6738),#6742);
#6738 = LINE('',#6739,#6740);
#6739 = CARTESIAN_POINT('',(8.,0.));
#6740 = VECTOR('',#6741,1.);
#6741 = DIRECTION('',(0.,1.));
#6742 = ( GEOMETRIC_REPRESENTATION_CONTEXT(2) 
PARAMETRIC_REPRESENTATION_CONTEXT() REPRESENTATION_CONTEXT('2D SPACE',''
  ) );
#6743 = PCURVE('',#6493,#6744);
#6744 = DEFINITIONAL_REPRESENTATION('',(#6745),#6749);
#6745 = LINE('',#6746,#6747);
#6746 = CARTESIAN_POINT('',(0.,0.));
#6747 = VECTOR('',#6748,1.);
#6748 = DIRECTION('',(1.,0.));
#6749 = ( GEOMETRIC_REPRESENTATION_CONTEXT(2) 
PARAMETRIC_REPRESENTATION_CONTEXT() REPRESENTATION_CONTEXT('2D SPACE',''
  ) );
#6750 = ORIENTED_EDGE('',*,*,#6751,.F.);
#6751 = EDGE_CURVE('',#6752,#6729,#6754,.T.);
#6752 = VERTEX_POINT('',#6753);
#6753 = CARTESIAN_POINT('',(26.,66.,4.));
#6754 = SURFACE_CURVE('',#6755,(#6759,#6766),.PCURVE_S1.);
#6755 = LINE('',#6756,#6757);
#6756 = CARTESIAN_POINT('',(26.,66.,0.));
#6757 = VECTOR('',#6758,1.);
#6758 = DIRECTION('',(0.,0.,1.));
#6759 = PCURVE('',#2691,#6760);
#6760 = DEFINITIONAL_REPRESENTATION('',(#6761),#6765);
#6761 = LINE('',#6762,#6763);
#6762 = CARTESIAN_POINT('',(0.,36.));
#6763 = VECTOR('',#6764,1.);
#6764 = DIRECTION('',(1.,0.));
#6765 = ( GEOMETRIC_REPRESENTATION_CONTEXT(2) 
PARAMETRIC_REPRESENTATION_CONTEXT() REPRESENTATION_CONTEXT('2D SPACE',''
  ) );
#6766 = PCURVE('',#6465,#6767);
#6767 = DEFINITIONAL_REPRESENTATION('',(#6768),#6772);
#6768 = LINE('',#6769,#6770);
#6769 = CARTESIAN_POINT('',(0.,0.));
#6770 = VECTOR('',#6771,1.);
#6771 = DIRECTION('',(1.,0.));
#6772 = ( GEOMETRIC_REPRESENTATION_CONTEXT(2) 
PARAMETRIC_REPRESENTATION_CONTEXT() REPRESENTATION_CONTEXT('2D SPACE',''
  ) );
#6773 = ORIENTED_EDGE('',*,*,#6774,.T.);
#6774 = EDGE_CURVE('',#6752,#6775,#6777,.T.);
#6775 = VERTEX_POINT('',#6776);
#6776 = CARTESIAN_POINT('',(26.,129.,4.));
#6777 = SURFACE_CURVE('',#6778,(#6782,#6789),.PCURVE_S1.);
#6778 = LINE('',#6779,#6780);
#6779 = CARTESIAN_POINT('',(26.,44.,4.));
#6780 = VECTOR('',#6781,1.);
#6781 = DIRECTION('',(1.110223024625E-16,1.,0.));
#6782 = PCURVE('',#2691,#6783);
#6783 = DEFINITIONAL_REPRESENTATION('',(#6784),#6788);
#6784 = LINE('',#6785,#6786);
#6785 = CARTESIAN_POINT('',(4.,14.));
#6786 = VECTOR('',#6787,1.);
#6787 = DIRECTION('',(0.,1.));
#6788 = ( GEOMETRIC_REPRESENTATION_CONTEXT(2) 
PARAMETRIC_REPRESENTATION_CONTEXT() REPRESENTATION_CONTEXT('2D SPACE',''
  ) );
#6789 = PCURVE('',#6437,#6790);
#6790 = DEFINITIONAL_REPRESENTATION('',(#6791),#6795);
#6791 = LINE('',#6792,#6793);
#6792 = CARTESIAN_POINT('',(0.,0.));
#6793 = VECTOR('',#6794,1.);
#6794 = DIRECTION('',(1.,0.));
#6795 = ( GEOMETRIC_REPRESENTATION_CONTEXT(2) 
PARAMETRIC_REPRESENTATION_CONTEXT() REPRESENTATION_CONTEXT('2D SPACE',''
  ) );
#6796 = ORIENTED_EDGE('',*,*,#6797,.T.);
#6797 = EDGE_CURVE('',#6775,#5794,#6798,.T.);
#6798 = SURFACE_CURVE('',#6799,(#6803,#6810),.PCURVE_S1.);
#6799 = LINE('',#6800,#6801);
#6800 = CARTESIAN_POINT('',(26.,44.,4.));
#6801 = VECTOR('',#6802,1.);
#6802 = DIRECTION('',(1.110223024625E-16,1.,0.));
#6803 = PCURVE('',#2691,#6804);
#6804 = DEFINITIONAL_REPRESENTATION('',(#6805),#6809);
#6805 = LINE('',#6806,#6807);
#6806 = CARTESIAN_POINT('',(4.,14.));
#6807 = VECTOR('',#6808,1.);
#6808 = DIRECTION('',(0.,1.));
#6809 = ( GEOMETRIC_REPRESENTATION_CONTEXT(2) 
PARAMETRIC_REPRESENTATION_CONTEXT() REPRESENTATION_CONTEXT('2D SPACE',''
  ) );
#6810 = PCURVE('',#5809,#6811);
#6811 = DEFINITIONAL_REPRESENTATION('',(#6812),#6816);
#6812 = LINE('',#6813,#6814);
#6813 = CARTESIAN_POINT('',(4.,85.));
#6814 = VECTOR('',#6815,1.);
#6815 = DIRECTION('',(0.,-1.));
#6816 = ( GEOMETRIC_REPRESENTATION_CONTEXT(2) 
PARAMETRIC_REPRESENTATION_CONTEXT() REPRESENTATION_CONTEXT('2D SPACE',''
  ) );
#6817 = ORIENTED_EDGE('',*,*,#5821,.F.);
#6818 = ADVANCED_FACE('',(#6819),#3070,.F.);
#6819 = FACE_BOUND('',#6820,.F.);
#6820 = EDGE_LOOP('',(#6821,#6822,#6823,#6824,#6847,#6870,#6898,#6926,
    #6954,#6982,#7005,#7033,#7061,#7089,#7117));
#6821 = ORIENTED_EDGE('',*,*,#5477,.F.);
#6822 = ORIENTED_EDGE('',*,*,#3057,.T.);
#6823 = ORIENTED_EDGE('',*,*,#3213,.T.);
#6824 = ORIENTED_EDGE('',*,*,#6825,.T.);
#6825 = EDGE_CURVE('',#3214,#6826,#6828,.T.);
#6826 = VERTEX_POINT('',#6827);
#6827 = CARTESIAN_POINT('',(44.,-26.,28.));
#6828 = SURFACE_CURVE('',#6829,(#6833,#6840),.PCURVE_S1.);
#6829 = LINE('',#6830,#6831);
#6830 = CARTESIAN_POINT('',(44.,-26.,3.9));
#6831 = VECTOR('',#6832,1.);
#6832 = DIRECTION('',(0.,0.,1.));
#6833 = PCURVE('',#3070,#6834);
#6834 = DEFINITIONAL_REPRESENTATION('',(#6835),#6839);
#6835 = LINE('',#6836,#6837);
#6836 = CARTESIAN_POINT('',(3.9,14.));
#6837 = VECTOR('',#6838,1.);
#6838 = DIRECTION('',(1.,0.));
#6839 = ( GEOMETRIC_REPRESENTATION_CONTEXT(2) 
PARAMETRIC_REPRESENTATION_CONTEXT() REPRESENTATION_CONTEXT('2D SPACE',''
  ) );
#6840 = PCURVE('',#3250,#6841);
#6841 = DEFINITIONAL_REPRESENTATION('',(#6842),#6846);
#6842 = LINE('',#6843,#6844);
#6843 = CARTESIAN_POINT('',(0.,0.));
#6844 = VECTOR('',#6845,1.);
#6845 = DIRECTION('',(1.,0.));
#6846 = ( GEOMETRIC_REPRESENTATION_CONTEXT(2) 
PARAMETRIC_REPRESENTATION_CONTEXT() REPRESENTATION_CONTEXT('2D SPACE',''
  ) );
#6847 = ORIENTED_EDGE('',*,*,#6848,.F.);
#6848 = EDGE_CURVE('',#6849,#6826,#6851,.T.);
#6849 = VERTEX_POINT('',#6850);
#6850 = CARTESIAN_POINT('',(65.,-26.,28.));
#6851 = SURFACE_CURVE('',#6852,(#6856,#6863),.PCURVE_S1.);
#6852 = LINE('',#6853,#6854);
#6853 = CARTESIAN_POINT('',(65.,-26.,28.));
#6854 = VECTOR('',#6855,1.);
#6855 = DIRECTION('',(-1.,0.,0.));
#6856 = PCURVE('',#3070,#6857);
#6857 = DEFINITIONAL_REPRESENTATION('',(#6858),#6862);
#6858 = LINE('',#6859,#6860);
#6859 = CARTESIAN_POINT('',(28.,35.));
#6860 = VECTOR('',#6861,1.);
#6861 = DIRECTION('',(0.,-1.));
#6862 = ( GEOMETRIC_REPRESENTATION_CONTEXT(2) 
PARAMETRIC_REPRESENTATION_CONTEXT() REPRESENTATION_CONTEXT('2D SPACE',''
  ) );
#6863 = PCURVE('',#3376,#6864);
#6864 = DEFINITIONAL_REPRESENTATION('',(#6865),#6869);
#6865 = LINE('',#6866,#6867);
#6866 = CARTESIAN_POINT('',(21.,0.));
#6867 = VECTOR('',#6868,1.);
#6868 = DIRECTION('',(-1.,0.));
#6869 = ( GEOMETRIC_REPRESENTATION_CONTEXT(2) 
PARAMETRIC_REPRESENTATION_CONTEXT() REPRESENTATION_CONTEXT('2D SPACE',''
  ) );
#6870 = ORIENTED_EDGE('',*,*,#6871,.F.);
#6871 = EDGE_CURVE('',#6872,#6849,#6874,.T.);
#6872 = VERTEX_POINT('',#6873);
#6873 = CARTESIAN_POINT('',(65.,-26.,21.142857142857));
#6874 = SURFACE_CURVE('',#6875,(#6879,#6886),.PCURVE_S1.);
#6875 = LINE('',#6876,#6877);
#6876 = CARTESIAN_POINT('',(65.,-26.,3.9));
#6877 = VECTOR('',#6878,1.);
#6878 = DIRECTION('',(0.,0.,1.));
#6879 = PCURVE('',#3070,#6880);
#6880 = DEFINITIONAL_REPRESENTATION('',(#6881),#6885);
#6881 = LINE('',#6882,#6883);
#6882 = CARTESIAN_POINT('',(3.9,35.));
#6883 = VECTOR('',#6884,1.);
#6884 = DIRECTION('',(1.,0.));
#6885 = ( GEOMETRIC_REPRESENTATION_CONTEXT(2) 
PARAMETRIC_REPRESENTATION_CONTEXT() REPRESENTATION_CONTEXT('2D SPACE',''
  ) );
#6886 = PCURVE('',#6887,#6892);
#6887 = PLANE('',#6888);
#6888 = AXIS2_PLACEMENT_3D('',#6889,#6890,#6891);
#6889 = CARTESIAN_POINT('',(65.,-24.95146090037,17.451460900375));
#6890 = DIRECTION('',(1.,0.,0.));
#6891 = DIRECTION('',(0.,0.,1.));
#6892 = DEFINITIONAL_REPRESENTATION('',(#6893),#6897);
#6893 = LINE('',#6894,#6895);
#6894 = CARTESIAN_POINT('',(-13.55146090037,1.048539099625));
#6895 = VECTOR('',#6896,1.);
#6896 = DIRECTION('',(1.,0.));
#6897 = ( GEOMETRIC_REPRESENTATION_CONTEXT(2) 
PARAMETRIC_REPRESENTATION_CONTEXT() REPRESENTATION_CONTEXT('2D SPACE',''
  ) );
#6898 = ORIENTED_EDGE('',*,*,#6899,.T.);
#6899 = EDGE_CURVE('',#6872,#6900,#6902,.T.);
#6900 = VERTEX_POINT('',#6901);
#6901 = CARTESIAN_POINT('',(62.,-26.,21.142857142857));
#6902 = SURFACE_CURVE('',#6903,(#6907,#6914),.PCURVE_S1.);
#6903 = LINE('',#6904,#6905);
#6904 = CARTESIAN_POINT('',(46.,-26.,21.142857142857));
#6905 = VECTOR('',#6906,1.);
#6906 = DIRECTION('',(-1.,0.,0.));
#6907 = PCURVE('',#3070,#6908);
#6908 = DEFINITIONAL_REPRESENTATION('',(#6909),#6913);
#6909 = LINE('',#6910,#6911);
#6910 = CARTESIAN_POINT('',(21.142857142857,16.));
#6911 = VECTOR('',#6912,1.);
#6912 = DIRECTION('',(0.,-1.));
#6913 = ( GEOMETRIC_REPRESENTATION_CONTEXT(2) 
PARAMETRIC_REPRESENTATION_CONTEXT() REPRESENTATION_CONTEXT('2D SPACE',''
  ) );
#6914 = PCURVE('',#6915,#6920);
#6915 = PLANE('',#6916);
#6916 = AXIS2_PLACEMENT_3D('',#6917,#6918,#6919);
#6917 = CARTESIAN_POINT('',(62.,-23.,34.));
#6918 = DIRECTION('',(0.,0.973841209742,-0.227229615606));
#6919 = DIRECTION('',(0.,-0.227229615606,-0.973841209742));
#6920 = DEFINITIONAL_REPRESENTATION('',(#6921),#6925);
#6921 = LINE('',#6922,#6923);
#6922 = CARTESIAN_POINT('',(13.202504400642,16.));
#6923 = VECTOR('',#6924,1.);
#6924 = DIRECTION('',(-0.,1.));
#6925 = ( GEOMETRIC_REPRESENTATION_CONTEXT(2) 
PARAMETRIC_REPRESENTATION_CONTEXT() REPRESENTATION_CONTEXT('2D SPACE',''
  ) );
#6926 = ORIENTED_EDGE('',*,*,#6927,.T.);
#6927 = EDGE_CURVE('',#6900,#6928,#6930,.T.);
#6928 = VERTEX_POINT('',#6929);
#6929 = CARTESIAN_POINT('',(62.,-26.,4.));
#6930 = SURFACE_CURVE('',#6931,(#6935,#6942),.PCURVE_S1.);
#6931 = LINE('',#6932,#6933);
#6932 = CARTESIAN_POINT('',(62.,-26.,1.9));
#6933 = VECTOR('',#6934,1.);
#6934 = DIRECTION('',(0.,0.,-1.));
#6935 = PCURVE('',#3070,#6936);
#6936 = DEFINITIONAL_REPRESENTATION('',(#6937),#6941);
#6937 = LINE('',#6938,#6939);
#6938 = CARTESIAN_POINT('',(1.9,32.));
#6939 = VECTOR('',#6940,1.);
#6940 = DIRECTION('',(-1.,0.));
#6941 = ( GEOMETRIC_REPRESENTATION_CONTEXT(2) 
PARAMETRIC_REPRESENTATION_CONTEXT() REPRESENTATION_CONTEXT('2D SPACE',''
  ) );
#6942 = PCURVE('',#6943,#6948);
#6943 = PLANE('',#6944);
#6944 = AXIS2_PLACEMENT_3D('',#6945,#6946,#6947);
#6945 = CARTESIAN_POINT('',(62.,-23.,3.8));
#6946 = DIRECTION('',(1.,0.,0.));
#6947 = DIRECTION('',(0.,0.,1.));
#6948 = DEFINITIONAL_REPRESENTATION('',(#6949),#6953);
#6949 = LINE('',#6950,#6951);
#6950 = CARTESIAN_POINT('',(-1.9,3.));
#6951 = VECTOR('',#6952,1.);
#6952 = DIRECTION('',(-1.,0.));
#6953 = ( GEOMETRIC_REPRESENTATION_CONTEXT(2) 
PARAMETRIC_REPRESENTATION_CONTEXT() REPRESENTATION_CONTEXT('2D SPACE',''
  ) );
#6954 = ORIENTED_EDGE('',*,*,#6955,.T.);
#6955 = EDGE_CURVE('',#6928,#6956,#6958,.T.);
#6956 = VERTEX_POINT('',#6957);
#6957 = CARTESIAN_POINT('',(65.,-26.,4.));
#6958 = SURFACE_CURVE('',#6959,(#6963,#6970),.PCURVE_S1.);
#6959 = LINE('',#6960,#6961);
#6960 = CARTESIAN_POINT('',(46.,-26.,4.));
#6961 = VECTOR('',#6962,1.);
#6962 = DIRECTION('',(1.,0.,0.));
#6963 = PCURVE('',#3070,#6964);
#6964 = DEFINITIONAL_REPRESENTATION('',(#6965),#6969);
#6965 = LINE('',#6966,#6967);
#6966 = CARTESIAN_POINT('',(4.,16.));
#6967 = VECTOR('',#6968,1.);
#6968 = DIRECTION('',(0.,1.));
#6969 = ( GEOMETRIC_REPRESENTATION_CONTEXT(2) 
PARAMETRIC_REPRESENTATION_CONTEXT() REPRESENTATION_CONTEXT('2D SPACE',''
  ) );
#6970 = PCURVE('',#6971,#6976);
#6971 = PLANE('',#6972);
#6972 = AXIS2_PLACEMENT_3D('',#6973,#6974,#6975);
#6973 = CARTESIAN_POINT('',(62.,-30.,4.));
#6974 = DIRECTION('',(0.,0.,1.));
#6975 = DIRECTION('',(0.,1.,0.));
#6976 = DEFINITIONAL_REPRESENTATION('',(#6977),#6981);
#6977 = LINE('',#6978,#6979);
#6978 = CARTESIAN_POINT('',(4.,16.));
#6979 = VECTOR('',#6980,1.);
#6980 = DIRECTION('',(0.,-1.));
#6981 = ( GEOMETRIC_REPRESENTATION_CONTEXT(2) 
PARAMETRIC_REPRESENTATION_CONTEXT() REPRESENTATION_CONTEXT('2D SPACE',''
  ) );
#6982 = ORIENTED_EDGE('',*,*,#6983,.F.);
#6983 = EDGE_CURVE('',#6984,#6956,#6986,.T.);
#6984 = VERTEX_POINT('',#6985);
#6985 = CARTESIAN_POINT('',(65.,-26.,8.));
#6986 = SURFACE_CURVE('',#6987,(#6991,#6998),.PCURVE_S1.);
#6987 = LINE('',#6988,#6989);
#6988 = CARTESIAN_POINT('',(65.,-26.,8.725730450187));
#6989 = VECTOR('',#6990,1.);
#6990 = DIRECTION('',(0.,0.,-1.));
#6991 = PCURVE('',#3070,#6992);
#6992 = DEFINITIONAL_REPRESENTATION('',(#6993),#6997);
#6993 = LINE('',#6994,#6995);
#6994 = CARTESIAN_POINT('',(8.725730450187,35.));
#6995 = VECTOR('',#6996,1.);
#6996 = DIRECTION('',(-1.,0.));
#6997 = ( GEOMETRIC_REPRESENTATION_CONTEXT(2) 
PARAMETRIC_REPRESENTATION_CONTEXT() REPRESENTATION_CONTEXT('2D SPACE',''
  ) );
#6998 = PCURVE('',#6887,#6999);
#6999 = DEFINITIONAL_REPRESENTATION('',(#7000),#7004);
#7000 = LINE('',#7001,#7002);
#7001 = CARTESIAN_POINT('',(-8.725730450187,1.048539099625));
#7002 = VECTOR('',#7003,1.);
#7003 = DIRECTION('',(-1.,0.));
#7004 = ( GEOMETRIC_REPRESENTATION_CONTEXT(2) 
PARAMETRIC_REPRESENTATION_CONTEXT() REPRESENTATION_CONTEXT('2D SPACE',''
  ) );
#7005 = ORIENTED_EDGE('',*,*,#7006,.T.);
#7006 = EDGE_CURVE('',#6984,#7007,#7009,.T.);
#7007 = VERTEX_POINT('',#7008);
#7008 = CARTESIAN_POINT('',(66.,-26.,8.));
#7009 = SURFACE_CURVE('',#7010,(#7014,#7021),.PCURVE_S1.);
#7010 = LINE('',#7011,#7012);
#7011 = CARTESIAN_POINT('',(30.,-26.,8.));
#7012 = VECTOR('',#7013,1.);
#7013 = DIRECTION('',(1.,0.,0.));
#7014 = PCURVE('',#3070,#7015);
#7015 = DEFINITIONAL_REPRESENTATION('',(#7016),#7020);
#7016 = LINE('',#7017,#7018);
#7017 = CARTESIAN_POINT('',(8.,0.));
#7018 = VECTOR('',#7019,1.);
#7019 = DIRECTION('',(0.,1.));
#7020 = ( GEOMETRIC_REPRESENTATION_CONTEXT(2) 
PARAMETRIC_REPRESENTATION_CONTEXT() REPRESENTATION_CONTEXT('2D SPACE',''
  ) );
#7021 = PCURVE('',#7022,#7027);
#7022 = PLANE('',#7023);
#7023 = AXIS2_PLACEMENT_3D('',#7024,#7025,#7026);
#7024 = CARTESIAN_POINT('',(30.,-26.,8.));
#7025 = DIRECTION('',(0.,0.,1.));
#7026 = DIRECTION('',(1.,0.,0.));
#7027 = DEFINITIONAL_REPRESENTATION('',(#7028),#7032);
#7028 = LINE('',#7029,#7030);
#7029 = CARTESIAN_POINT('',(0.,0.));
#7030 = VECTOR('',#7031,1.);
#7031 = DIRECTION('',(1.,0.));
#7032 = ( GEOMETRIC_REPRESENTATION_CONTEXT(2) 
PARAMETRIC_REPRESENTATION_CONTEXT() REPRESENTATION_CONTEXT('2D SPACE',''
  ) );
#7033 = ORIENTED_EDGE('',*,*,#7034,.F.);
#7034 = EDGE_CURVE('',#7035,#7007,#7037,.T.);
#7035 = VERTEX_POINT('',#7036);
#7036 = CARTESIAN_POINT('',(66.,-26.,4.));
#7037 = SURFACE_CURVE('',#7038,(#7042,#7049),.PCURVE_S1.);
#7038 = LINE('',#7039,#7040);
#7039 = CARTESIAN_POINT('',(66.,-26.,0.));
#7040 = VECTOR('',#7041,1.);
#7041 = DIRECTION('',(0.,0.,1.));
#7042 = PCURVE('',#3070,#7043);
#7043 = DEFINITIONAL_REPRESENTATION('',(#7044),#7048);
#7044 = LINE('',#7045,#7046);
#7045 = CARTESIAN_POINT('',(0.,36.));
#7046 = VECTOR('',#7047,1.);
#7047 = DIRECTION('',(1.,0.));
#7048 = ( GEOMETRIC_REPRESENTATION_CONTEXT(2) 
PARAMETRIC_REPRESENTATION_CONTEXT() REPRESENTATION_CONTEXT('2D SPACE',''
  ) );
#7049 = PCURVE('',#7050,#7055);
#7050 = PLANE('',#7051);
#7051 = AXIS2_PLACEMENT_3D('',#7052,#7053,#7054);
#7052 = CARTESIAN_POINT('',(66.,-26.,0.));
#7053 = DIRECTION('',(1.,0.,0.));
#7054 = DIRECTION('',(0.,0.,1.));
#7055 = DEFINITIONAL_REPRESENTATION('',(#7056),#7060);
#7056 = LINE('',#7057,#7058);
#7057 = CARTESIAN_POINT('',(0.,0.));
#7058 = VECTOR('',#7059,1.);
#7059 = DIRECTION('',(1.,0.));
#7060 = ( GEOMETRIC_REPRESENTATION_CONTEXT(2) 
PARAMETRIC_REPRESENTATION_CONTEXT() REPRESENTATION_CONTEXT('2D SPACE',''
  ) );
#7061 = ORIENTED_EDGE('',*,*,#7062,.T.);
#7062 = EDGE_CURVE('',#7035,#7063,#7065,.T.);
#7063 = VERTEX_POINT('',#7064);
#7064 = CARTESIAN_POINT('',(129.,-26.,4.));
#7065 = SURFACE_CURVE('',#7066,(#7070,#7077),.PCURVE_S1.);
#7066 = LINE('',#7067,#7068);
#7067 = CARTESIAN_POINT('',(44.,-26.,4.));
#7068 = VECTOR('',#7069,1.);
#7069 = DIRECTION('',(1.,0.,0.));
#7070 = PCURVE('',#3070,#7071);
#7071 = DEFINITIONAL_REPRESENTATION('',(#7072),#7076);
#7072 = LINE('',#7073,#7074);
#7073 = CARTESIAN_POINT('',(4.,14.));
#7074 = VECTOR('',#7075,1.);
#7075 = DIRECTION('',(0.,1.));
#7076 = ( GEOMETRIC_REPRESENTATION_CONTEXT(2) 
PARAMETRIC_REPRESENTATION_CONTEXT() REPRESENTATION_CONTEXT('2D SPACE',''
  ) );
#7077 = PCURVE('',#7078,#7083);
#7078 = PLANE('',#7079);
#7079 = AXIS2_PLACEMENT_3D('',#7080,#7081,#7082);
#7080 = CARTESIAN_POINT('',(44.,-26.,4.));
#7081 = DIRECTION('',(0.,0.,1.));
#7082 = DIRECTION('',(1.,0.,0.));
#7083 = DEFINITIONAL_REPRESENTATION('',(#7084),#7088);
#7084 = LINE('',#7085,#7086);
#7085 = CARTESIAN_POINT('',(0.,0.));
#7086 = VECTOR('',#7087,1.);
#7087 = DIRECTION('',(1.,0.));
#7088 = ( GEOMETRIC_REPRESENTATION_CONTEXT(2) 
PARAMETRIC_REPRESENTATION_CONTEXT() REPRESENTATION_CONTEXT('2D SPACE',''
  ) );
#7089 = ORIENTED_EDGE('',*,*,#7090,.T.);
#7090 = EDGE_CURVE('',#7063,#7091,#7093,.T.);
#7091 = VERTEX_POINT('',#7092);
#7092 = CARTESIAN_POINT('',(132.,-26.,4.));
#7093 = SURFACE_CURVE('',#7094,(#7098,#7105),.PCURVE_S1.);
#7094 = LINE('',#7095,#7096);
#7095 = CARTESIAN_POINT('',(44.,-26.,4.));
#7096 = VECTOR('',#7097,1.);
#7097 = DIRECTION('',(1.,0.,0.));
#7098 = PCURVE('',#3070,#7099);
#7099 = DEFINITIONAL_REPRESENTATION('',(#7100),#7104);
#7100 = LINE('',#7101,#7102);
#7101 = CARTESIAN_POINT('',(4.,14.));
#7102 = VECTOR('',#7103,1.);
#7103 = DIRECTION('',(0.,1.));
#7104 = ( GEOMETRIC_REPRESENTATION_CONTEXT(2) 
PARAMETRIC_REPRESENTATION_CONTEXT() REPRESENTATION_CONTEXT('2D SPACE',''
  ) );
#7105 = PCURVE('',#7106,#7111);
#7106 = PLANE('',#7107);
#7107 = AXIS2_PLACEMENT_3D('',#7108,#7109,#7110);
#7108 = CARTESIAN_POINT('',(129.,-30.,4.));
#7109 = DIRECTION('',(0.,0.,1.));
#7110 = DIRECTION('',(0.,1.,0.));
#7111 = DEFINITIONAL_REPRESENTATION('',(#7112),#7116);
#7112 = LINE('',#7113,#7114);
#7113 = CARTESIAN_POINT('',(4.,85.));
#7114 = VECTOR('',#7115,1.);
#7115 = DIRECTION('',(0.,-1.));
#7116 = ( GEOMETRIC_REPRESENTATION_CONTEXT(2) 
PARAMETRIC_REPRESENTATION_CONTEXT() REPRESENTATION_CONTEXT('2D SPACE',''
  ) );
#7117 = ORIENTED_EDGE('',*,*,#7118,.F.);
#7118 = EDGE_CURVE('',#5478,#7091,#7119,.T.);
#7119 = SURFACE_CURVE('',#7120,(#7124,#7131),.PCURVE_S1.);
#7120 = LINE('',#7121,#7122);
#7121 = CARTESIAN_POINT('',(132.,-26.,0.));
#7122 = VECTOR('',#7123,1.);
#7123 = DIRECTION('',(0.,0.,1.));
#7124 = PCURVE('',#3070,#7125);
#7125 = DEFINITIONAL_REPRESENTATION('',(#7126),#7130);
#7126 = LINE('',#7127,#7128);
#7127 = CARTESIAN_POINT('',(0.,102.));
#7128 = VECTOR('',#7129,1.);
#7129 = DIRECTION('',(1.,0.));
#7130 = ( GEOMETRIC_REPRESENTATION_CONTEXT(2) 
PARAMETRIC_REPRESENTATION_CONTEXT() REPRESENTATION_CONTEXT('2D SPACE',''
  ) );
#7131 = PCURVE('',#3762,#7132);
#7132 = DEFINITIONAL_REPRESENTATION('',(#7133),#7137);
#7133 = LINE('',#7134,#7135);
#7134 = CARTESIAN_POINT('',(0.,0.));
#7135 = VECTOR('',#7136,1.);
#7136 = DIRECTION('',(1.,0.));
#7137 = ( GEOMETRIC_REPRESENTATION_CONTEXT(2) 
PARAMETRIC_REPRESENTATION_CONTEXT() REPRESENTATION_CONTEXT('2D SPACE',''
  ) );
#7138 = ADVANCED_FACE('',(#7139),#3152,.T.);
#7139 = FACE_BOUND('',#7140,.T.);
#7140 = EDGE_LOOP('',(#7141,#7142,#7143,#7166));
#7141 = ORIENTED_EDGE('',*,*,#5574,.F.);
#7142 = ORIENTED_EDGE('',*,*,#3136,.T.);
#7143 = ORIENTED_EDGE('',*,*,#7144,.T.);
#7144 = EDGE_CURVE('',#3109,#7145,#7147,.T.);
#7145 = VERTEX_POINT('',#7146);
#7146 = CARTESIAN_POINT('',(68.,16.,5.));
#7147 = SURFACE_CURVE('',#7148,(#7152,#7159),.PCURVE_S1.);
#7148 = LINE('',#7149,#7150);
#7149 = CARTESIAN_POINT('',(42.,16.,5.));
#7150 = VECTOR('',#7151,1.);
#7151 = DIRECTION('',(1.,0.,0.));
#7152 = PCURVE('',#3152,#7153);
#7153 = DEFINITIONAL_REPRESENTATION('',(#7154),#7158);
#7154 = LINE('',#7155,#7156);
#7155 = CARTESIAN_POINT('',(5.,0.));
#7156 = VECTOR('',#7157,1.);
#7157 = DIRECTION('',(0.,1.));
#7158 = ( GEOMETRIC_REPRESENTATION_CONTEXT(2) 
PARAMETRIC_REPRESENTATION_CONTEXT() REPRESENTATION_CONTEXT('2D SPACE',''
  ) );
#7159 = PCURVE('',#3124,#7160);
#7160 = DEFINITIONAL_REPRESENTATION('',(#7161),#7165);
#7161 = LINE('',#7162,#7163);
#7162 = CARTESIAN_POINT('',(0.,22.4));
#7163 = VECTOR('',#7164,1.);
#7164 = DIRECTION('',(1.,0.));
#7165 = ( GEOMETRIC_REPRESENTATION_CONTEXT(2) 
PARAMETRIC_REPRESENTATION_CONTEXT() REPRESENTATION_CONTEXT('2D SPACE',''
  ) );
#7166 = ORIENTED_EDGE('',*,*,#7167,.F.);
#7167 = EDGE_CURVE('',#5547,#7145,#7168,.T.);
#7168 = SURFACE_CURVE('',#7169,(#7173,#7180),.PCURVE_S1.);
#7169 = LINE('',#7170,#7171);
#7170 = CARTESIAN_POINT('',(68.,16.,0.));
#7171 = VECTOR('',#7172,1.);
#7172 = DIRECTION('',(0.,0.,1.));
#7173 = PCURVE('',#3152,#7174);
#7174 = DEFINITIONAL_REPRESENTATION('',(#7175),#7179);
#7175 = LINE('',#7176,#7177);
#7176 = CARTESIAN_POINT('',(0.,26.));
#7177 = VECTOR('',#7178,1.);
#7178 = DIRECTION('',(1.,0.));
#7179 = ( GEOMETRIC_REPRESENTATION_CONTEXT(2) 
PARAMETRIC_REPRESENTATION_CONTEXT() REPRESENTATION_CONTEXT('2D SPACE',''
  ) );
#7180 = PCURVE('',#5562,#7181);
#7181 = DEFINITIONAL_REPRESENTATION('',(#7182),#7186);
#7182 = LINE('',#7183,#7184);
#7183 = CARTESIAN_POINT('',(0.,-22.4));
#7184 = VECTOR('',#7185,1.);
#7185 = DIRECTION('',(1.,0.));
#7186 = ( GEOMETRIC_REPRESENTATION_CONTEXT(2) 
PARAMETRIC_REPRESENTATION_CONTEXT() REPRESENTATION_CONTEXT('2D SPACE',''
  ) );
#7187 = ADVANCED_FACE('',(#7188),#3124,.T.);
#7188 = FACE_BOUND('',#7189,.T.);
#7189 = EDGE_LOOP('',(#7190,#7191,#7192,#7193,#7194,#7217));
#7190 = ORIENTED_EDGE('',*,*,#7144,.F.);
#7191 = ORIENTED_EDGE('',*,*,#3108,.T.);
#7192 = ORIENTED_EDGE('',*,*,#3266,.F.);
#7193 = ORIENTED_EDGE('',*,*,#4133,.T.);
#7194 = ORIENTED_EDGE('',*,*,#7195,.T.);
#7195 = EDGE_CURVE('',#4106,#7196,#7198,.T.);
#7196 = VERTEX_POINT('',#7197);
#7197 = CARTESIAN_POINT('',(68.,-6.4,5.));
#7198 = SURFACE_CURVE('',#7199,(#7203,#7210),.PCURVE_S1.);
#7199 = LINE('',#7200,#7201);
#7200 = CARTESIAN_POINT('',(42.,-6.4,5.));
#7201 = VECTOR('',#7202,1.);
#7202 = DIRECTION('',(1.,0.,0.));
#7203 = PCURVE('',#3124,#7204);
#7204 = DEFINITIONAL_REPRESENTATION('',(#7205),#7209);
#7205 = LINE('',#7206,#7207);
#7206 = CARTESIAN_POINT('',(0.,0.));
#7207 = VECTOR('',#7208,1.);
#7208 = DIRECTION('',(1.,0.));
#7209 = ( GEOMETRIC_REPRESENTATION_CONTEXT(2) 
PARAMETRIC_REPRESENTATION_CONTEXT() REPRESENTATION_CONTEXT('2D SPACE',''
  ) );
#7210 = PCURVE('',#4121,#7211);
#7211 = DEFINITIONAL_REPRESENTATION('',(#7212),#7216);
#7212 = LINE('',#7213,#7214);
#7213 = CARTESIAN_POINT('',(5.,0.));
#7214 = VECTOR('',#7215,1.);
#7215 = DIRECTION('',(0.,1.));
#7216 = ( GEOMETRIC_REPRESENTATION_CONTEXT(2) 
PARAMETRIC_REPRESENTATION_CONTEXT() REPRESENTATION_CONTEXT('2D SPACE',''
  ) );
#7217 = ORIENTED_EDGE('',*,*,#7218,.T.);
#7218 = EDGE_CURVE('',#7196,#7145,#7219,.T.);
#7219 = SURFACE_CURVE('',#7220,(#7224,#7231),.PCURVE_S1.);
#7220 = LINE('',#7221,#7222);
#7221 = CARTESIAN_POINT('',(68.,-6.4,5.));
#7222 = VECTOR('',#7223,1.);
#7223 = DIRECTION('',(0.,1.,0.));
#7224 = PCURVE('',#3124,#7225);
#7225 = DEFINITIONAL_REPRESENTATION('',(#7226),#7230);
#7226 = LINE('',#7227,#7228);
#7227 = CARTESIAN_POINT('',(26.,0.));
#7228 = VECTOR('',#7229,1.);
#7229 = DIRECTION('',(0.,1.));
#7230 = ( GEOMETRIC_REPRESENTATION_CONTEXT(2) 
PARAMETRIC_REPRESENTATION_CONTEXT() REPRESENTATION_CONTEXT('2D SPACE',''
  ) );
#7231 = PCURVE('',#5562,#7232);
#7232 = DEFINITIONAL_REPRESENTATION('',(#7233),#7237);
#7233 = LINE('',#7234,#7235);
#7234 = CARTESIAN_POINT('',(5.,0.));
#7235 = VECTOR('',#7236,1.);
#7236 = DIRECTION('',(0.,-1.));
#7237 = ( GEOMETRIC_REPRESENTATION_CONTEXT(2) 
PARAMETRIC_REPRESENTATION_CONTEXT() REPRESENTATION_CONTEXT('2D SPACE',''
  ) );
#7238 = ADVANCED_FACE('',(#7239),#3250,.F.);
#7239 = FACE_BOUND('',#7240,.F.);
#7240 = EDGE_LOOP('',(#7241,#7242,#7243,#7244));
#7241 = ORIENTED_EDGE('',*,*,#6825,.F.);
#7242 = ORIENTED_EDGE('',*,*,#3236,.F.);
#7243 = ORIENTED_EDGE('',*,*,#3339,.T.);
#7244 = ORIENTED_EDGE('',*,*,#7245,.F.);
#7245 = EDGE_CURVE('',#6826,#3340,#7246,.T.);
#7246 = SURFACE_CURVE('',#7247,(#7251,#7258),.PCURVE_S1.);
#7247 = LINE('',#7248,#7249);
#7248 = CARTESIAN_POINT('',(44.,-26.,28.));
#7249 = VECTOR('',#7250,1.);
#7250 = DIRECTION('',(0.,1.,0.));
#7251 = PCURVE('',#3250,#7252);
#7252 = DEFINITIONAL_REPRESENTATION('',(#7253),#7257);
#7253 = LINE('',#7254,#7255);
#7254 = CARTESIAN_POINT('',(24.1,0.));
#7255 = VECTOR('',#7256,1.);
#7256 = DIRECTION('',(0.,-1.));
#7257 = ( GEOMETRIC_REPRESENTATION_CONTEXT(2) 
PARAMETRIC_REPRESENTATION_CONTEXT() REPRESENTATION_CONTEXT('2D SPACE',''
  ) );
#7258 = PCURVE('',#3376,#7259);
#7259 = DEFINITIONAL_REPRESENTATION('',(#7260),#7264);
#7260 = LINE('',#7261,#7262);
#7261 = CARTESIAN_POINT('',(0.,0.));
#7262 = VECTOR('',#7263,1.);
#7263 = DIRECTION('',(0.,1.));
#7264 = ( GEOMETRIC_REPRESENTATION_CONTEXT(2) 
PARAMETRIC_REPRESENTATION_CONTEXT() REPRESENTATION_CONTEXT('2D SPACE',''
  ) );
#7265 = ADVANCED_FACE('',(#7266),#3376,.T.);
#7266 = FACE_BOUND('',#7267,.T.);
#7267 = EDGE_LOOP('',(#7268,#7269,#7270,#7271,#7294,#7315));
#7268 = ORIENTED_EDGE('',*,*,#3362,.F.);
#7269 = ORIENTED_EDGE('',*,*,#7245,.F.);
#7270 = ORIENTED_EDGE('',*,*,#6848,.F.);
#7271 = ORIENTED_EDGE('',*,*,#7272,.T.);
#7272 = EDGE_CURVE('',#6849,#7273,#7275,.T.);
#7273 = VERTEX_POINT('',#7274);
#7274 = CARTESIAN_POINT('',(65.,-24.4,28.));
#7275 = SURFACE_CURVE('',#7276,(#7280,#7287),.PCURVE_S1.);
#7276 = LINE('',#7277,#7278);
#7277 = CARTESIAN_POINT('',(65.,-26.,28.));
#7278 = VECTOR('',#7279,1.);
#7279 = DIRECTION('',(0.,1.,0.));
#7280 = PCURVE('',#3376,#7281);
#7281 = DEFINITIONAL_REPRESENTATION('',(#7282),#7286);
#7282 = LINE('',#7283,#7284);
#7283 = CARTESIAN_POINT('',(21.,0.));
#7284 = VECTOR('',#7285,1.);
#7285 = DIRECTION('',(0.,1.));
#7286 = ( GEOMETRIC_REPRESENTATION_CONTEXT(2) 
PARAMETRIC_REPRESENTATION_CONTEXT() REPRESENTATION_CONTEXT('2D SPACE',''
  ) );
#7287 = PCURVE('',#6887,#7288);
#7288 = DEFINITIONAL_REPRESENTATION('',(#7289),#7293);
#7289 = LINE('',#7290,#7291);
#7290 = CARTESIAN_POINT('',(10.548539099625,1.048539099625));
#7291 = VECTOR('',#7292,1.);
#7292 = DIRECTION('',(0.,-1.));
#7293 = ( GEOMETRIC_REPRESENTATION_CONTEXT(2) 
PARAMETRIC_REPRESENTATION_CONTEXT() REPRESENTATION_CONTEXT('2D SPACE',''
  ) );
#7294 = ORIENTED_EDGE('',*,*,#7295,.T.);
#7295 = EDGE_CURVE('',#7273,#3576,#7296,.T.);
#7296 = SURFACE_CURVE('',#7297,(#7301,#7308),.PCURVE_S1.);
#7297 = LINE('',#7298,#7299);
#7298 = CARTESIAN_POINT('',(53.,-24.4,28.));
#7299 = VECTOR('',#7300,1.);
#7300 = DIRECTION('',(-1.,0.,0.));
#7301 = PCURVE('',#3376,#7302);
#7302 = DEFINITIONAL_REPRESENTATION('',(#7303),#7307);
#7303 = LINE('',#7304,#7305);
#7304 = CARTESIAN_POINT('',(9.,1.6));
#7305 = VECTOR('',#7306,1.);
#7306 = DIRECTION('',(-1.,0.));
#7307 = ( GEOMETRIC_REPRESENTATION_CONTEXT(2) 
PARAMETRIC_REPRESENTATION_CONTEXT() REPRESENTATION_CONTEXT('2D SPACE',''
  ) );
#7308 = PCURVE('',#3591,#7309);
#7309 = DEFINITIONAL_REPRESENTATION('',(#7310),#7314);
#7310 = LINE('',#7311,#7312);
#7311 = CARTESIAN_POINT('',(6.1611687203,9.));
#7312 = VECTOR('',#7313,1.);
#7313 = DIRECTION('',(-0.,1.));
#7314 = ( GEOMETRIC_REPRESENTATION_CONTEXT(2) 
PARAMETRIC_REPRESENTATION_CONTEXT() REPRESENTATION_CONTEXT('2D SPACE',''
  ) );
#7315 = ORIENTED_EDGE('',*,*,#3603,.T.);
#7316 = ADVANCED_FACE('',(#7317),#3480,.T.);
#7317 = FACE_BOUND('',#7318,.T.);
#7318 = EDGE_LOOP('',(#7319,#7320,#7341,#7342));
#7319 = ORIENTED_EDGE('',*,*,#3466,.F.);
#7320 = ORIENTED_EDGE('',*,*,#7321,.F.);
#7321 = EDGE_CURVE('',#4012,#3439,#7322,.T.);
#7322 = SURFACE_CURVE('',#7323,(#7327,#7334),.PCURVE_S1.);
#7323 = LINE('',#7324,#7325);
#7324 = CARTESIAN_POINT('',(44.,-10.,28.));
#7325 = VECTOR('',#7326,1.);
#7326 = DIRECTION('',(0.,1.,0.));
#7327 = PCURVE('',#3480,#7328);
#7328 = DEFINITIONAL_REPRESENTATION('',(#7329),#7333);
#7329 = LINE('',#7330,#7331);
#7330 = CARTESIAN_POINT('',(0.,0.));
#7331 = VECTOR('',#7332,1.);
#7332 = DIRECTION('',(0.,1.));
#7333 = ( GEOMETRIC_REPRESENTATION_CONTEXT(2) 
PARAMETRIC_REPRESENTATION_CONTEXT() REPRESENTATION_CONTEXT('2D SPACE',''
  ) );
#7334 = PCURVE('',#3454,#7335);
#7335 = DEFINITIONAL_REPRESENTATION('',(#7336),#7340);
#7336 = LINE('',#7337,#7338);
#7337 = CARTESIAN_POINT('',(24.1,0.));
#7338 = VECTOR('',#7339,1.);
#7339 = DIRECTION('',(0.,-1.));
#7340 = ( GEOMETRIC_REPRESENTATION_CONTEXT(2) 
PARAMETRIC_REPRESENTATION_CONTEXT() REPRESENTATION_CONTEXT('2D SPACE',''
  ) );
#7341 = ORIENTED_EDGE('',*,*,#4034,.F.);
#7342 = ORIENTED_EDGE('',*,*,#4156,.T.);
#7343 = ADVANCED_FACE('',(#7344),#3454,.F.);
#7344 = FACE_BOUND('',#7345,.F.);
#7345 = EDGE_LOOP('',(#7346,#7347,#7348,#7349));
#7346 = ORIENTED_EDGE('',*,*,#4011,.F.);
#7347 = ORIENTED_EDGE('',*,*,#3653,.F.);
#7348 = ORIENTED_EDGE('',*,*,#3438,.T.);
#7349 = ORIENTED_EDGE('',*,*,#7321,.F.);
#7350 = ADVANCED_FACE('',(#7351),#3591,.F.);
#7351 = FACE_BOUND('',#7352,.F.);
#7352 = EDGE_LOOP('',(#7353,#7354,#7377,#7398));
#7353 = ORIENTED_EDGE('',*,*,#3575,.F.);
#7354 = ORIENTED_EDGE('',*,*,#7355,.T.);
#7355 = EDGE_CURVE('',#3548,#7356,#7358,.T.);
#7356 = VERTEX_POINT('',#7357);
#7357 = CARTESIAN_POINT('',(65.,-23.,34.));
#7358 = SURFACE_CURVE('',#7359,(#7363,#7370),.PCURVE_S1.);
#7359 = LINE('',#7360,#7361);
#7360 = CARTESIAN_POINT('',(62.,-23.,34.));
#7361 = VECTOR('',#7362,1.);
#7362 = DIRECTION('',(1.,0.,0.));
#7363 = PCURVE('',#3591,#7364);
#7364 = DEFINITIONAL_REPRESENTATION('',(#7365),#7369);
#7365 = LINE('',#7366,#7367);
#7366 = CARTESIAN_POINT('',(0.,0.));
#7367 = VECTOR('',#7368,1.);
#7368 = DIRECTION('',(0.,-1.));
#7369 = ( GEOMETRIC_REPRESENTATION_CONTEXT(2) 
PARAMETRIC_REPRESENTATION_CONTEXT() REPRESENTATION_CONTEXT('2D SPACE',''
  ) );
#7370 = PCURVE('',#3563,#7371);
#7371 = DEFINITIONAL_REPRESENTATION('',(#7372),#7376);
#7372 = LINE('',#7373,#7374);
#7373 = CARTESIAN_POINT('',(30.2,0.));
#7374 = VECTOR('',#7375,1.);
#7375 = DIRECTION('',(0.,1.));
#7376 = ( GEOMETRIC_REPRESENTATION_CONTEXT(2) 
PARAMETRIC_REPRESENTATION_CONTEXT() REPRESENTATION_CONTEXT('2D SPACE',''
  ) );
#7377 = ORIENTED_EDGE('',*,*,#7378,.T.);
#7378 = EDGE_CURVE('',#7356,#7273,#7379,.T.);
#7379 = SURFACE_CURVE('',#7380,(#7384,#7391),.PCURVE_S1.);
#7380 = LINE('',#7381,#7382);
#7381 = CARTESIAN_POINT('',(65.,-23.,34.));
#7382 = VECTOR('',#7383,1.);
#7383 = DIRECTION('',(0.,-0.227229615606,-0.973841209742));
#7384 = PCURVE('',#3591,#7385);
#7385 = DEFINITIONAL_REPRESENTATION('',(#7386),#7390);
#7386 = LINE('',#7387,#7388);
#7387 = CARTESIAN_POINT('',(0.,-3.));
#7388 = VECTOR('',#7389,1.);
#7389 = DIRECTION('',(1.,-0.));
#7390 = ( GEOMETRIC_REPRESENTATION_CONTEXT(2) 
PARAMETRIC_REPRESENTATION_CONTEXT() REPRESENTATION_CONTEXT('2D SPACE',''
  ) );
#7391 = PCURVE('',#6887,#7392);
#7392 = DEFINITIONAL_REPRESENTATION('',(#7393),#7397);
#7393 = LINE('',#7394,#7395);
#7394 = CARTESIAN_POINT('',(16.548539099625,-1.951460900375));
#7395 = VECTOR('',#7396,1.);
#7396 = DIRECTION('',(-0.973841209742,0.227229615606));
#7397 = ( GEOMETRIC_REPRESENTATION_CONTEXT(2) 
PARAMETRIC_REPRESENTATION_CONTEXT() REPRESENTATION_CONTEXT('2D SPACE',''
  ) );
#7398 = ORIENTED_EDGE('',*,*,#7295,.T.);
#7399 = ADVANCED_FACE('',(#7400,#7596,#7692),#3563,.F.);
#7400 = FACE_BOUND('',#7401,.F.);
#7401 = EDGE_LOOP('',(#7402,#7432,#7455,#7478,#7501,#7522,#7523,#7524,
    #7547,#7570));
#7402 = ORIENTED_EDGE('',*,*,#7403,.F.);
#7403 = EDGE_CURVE('',#7404,#7406,#7408,.T.);
#7404 = VERTEX_POINT('',#7405);
#7405 = CARTESIAN_POINT('',(129.,-23.,4.));
#7406 = VERTEX_POINT('',#7407);
#7407 = CARTESIAN_POINT('',(129.,-23.,34.));
#7408 = SURFACE_CURVE('',#7409,(#7413,#7420),.PCURVE_S1.);
#7409 = LINE('',#7410,#7411);
#7410 = CARTESIAN_POINT('',(129.,-23.,4.));
#7411 = VECTOR('',#7412,1.);
#7412 = DIRECTION('',(0.,0.,1.));
#7413 = PCURVE('',#3563,#7414);
#7414 = DEFINITIONAL_REPRESENTATION('',(#7415),#7419);
#7415 = LINE('',#7416,#7417);
#7416 = CARTESIAN_POINT('',(0.2,67.));
#7417 = VECTOR('',#7418,1.);
#7418 = DIRECTION('',(1.,0.));
#7419 = ( GEOMETRIC_REPRESENTATION_CONTEXT(2) 
PARAMETRIC_REPRESENTATION_CONTEXT() REPRESENTATION_CONTEXT('2D SPACE',''
  ) );
#7420 = PCURVE('',#7421,#7426);
#7421 = PLANE('',#7422);
#7422 = AXIS2_PLACEMENT_3D('',#7423,#7424,#7425);
#7423 = CARTESIAN_POINT('',(129.,-24.95146090037,17.451460900375));
#7424 = DIRECTION('',(1.,0.,0.));
#7425 = DIRECTION('',(0.,0.,1.));
#7426 = DEFINITIONAL_REPRESENTATION('',(#7427),#7431);
#7427 = LINE('',#7428,#7429);
#7428 = CARTESIAN_POINT('',(-13.45146090037,-1.951460900375));
#7429 = VECTOR('',#7430,1.);
#7430 = DIRECTION('',(1.,0.));
#7431 = ( GEOMETRIC_REPRESENTATION_CONTEXT(2) 
PARAMETRIC_REPRESENTATION_CONTEXT() REPRESENTATION_CONTEXT('2D SPACE',''
  ) );
#7432 = ORIENTED_EDGE('',*,*,#7433,.T.);
#7433 = EDGE_CURVE('',#7404,#7434,#7436,.T.);
#7434 = VERTEX_POINT('',#7435);
#7435 = CARTESIAN_POINT('',(66.,-23.,4.));
#7436 = SURFACE_CURVE('',#7437,(#7441,#7448),.PCURVE_S1.);
#7437 = LINE('',#7438,#7439);
#7438 = CARTESIAN_POINT('',(53.,-23.,4.));
#7439 = VECTOR('',#7440,1.);
#7440 = DIRECTION('',(-1.,0.,0.));
#7441 = PCURVE('',#3563,#7442);
#7442 = DEFINITIONAL_REPRESENTATION('',(#7443),#7447);
#7443 = LINE('',#7444,#7445);
#7444 = CARTESIAN_POINT('',(0.2,-9.));
#7445 = VECTOR('',#7446,1.);
#7446 = DIRECTION('',(0.,-1.));
#7447 = ( GEOMETRIC_REPRESENTATION_CONTEXT(2) 
PARAMETRIC_REPRESENTATION_CONTEXT() REPRESENTATION_CONTEXT('2D SPACE',''
  ) );
#7448 = PCURVE('',#7078,#7449);
#7449 = DEFINITIONAL_REPRESENTATION('',(#7450),#7454);
#7450 = LINE('',#7451,#7452);
#7451 = CARTESIAN_POINT('',(9.,3.));
#7452 = VECTOR('',#7453,1.);
#7453 = DIRECTION('',(-1.,0.));
#7454 = ( GEOMETRIC_REPRESENTATION_CONTEXT(2) 
PARAMETRIC_REPRESENTATION_CONTEXT() REPRESENTATION_CONTEXT('2D SPACE',''
  ) );
#7455 = ORIENTED_EDGE('',*,*,#7456,.T.);
#7456 = EDGE_CURVE('',#7434,#7457,#7459,.T.);
#7457 = VERTEX_POINT('',#7458);
#7458 = CARTESIAN_POINT('',(66.,-23.,8.));
#7459 = SURFACE_CURVE('',#7460,(#7464,#7471),.PCURVE_S1.);
#7460 = LINE('',#7461,#7462);
#7461 = CARTESIAN_POINT('',(66.,-23.,1.9));
#7462 = VECTOR('',#7463,1.);
#7463 = DIRECTION('',(0.,0.,1.));
#7464 = PCURVE('',#3563,#7465);
#7465 = DEFINITIONAL_REPRESENTATION('',(#7466),#7470);
#7466 = LINE('',#7467,#7468);
#7467 = CARTESIAN_POINT('',(-1.9,4.));
#7468 = VECTOR('',#7469,1.);
#7469 = DIRECTION('',(1.,0.));
#7470 = ( GEOMETRIC_REPRESENTATION_CONTEXT(2) 
PARAMETRIC_REPRESENTATION_CONTEXT() REPRESENTATION_CONTEXT('2D SPACE',''
  ) );
#7471 = PCURVE('',#7050,#7472);
#7472 = DEFINITIONAL_REPRESENTATION('',(#7473),#7477);
#7473 = LINE('',#7474,#7475);
#7474 = CARTESIAN_POINT('',(1.9,-3.));
#7475 = VECTOR('',#7476,1.);
#7476 = DIRECTION('',(1.,0.));
#7477 = ( GEOMETRIC_REPRESENTATION_CONTEXT(2) 
PARAMETRIC_REPRESENTATION_CONTEXT() REPRESENTATION_CONTEXT('2D SPACE',''
  ) );
#7478 = ORIENTED_EDGE('',*,*,#7479,.T.);
#7479 = EDGE_CURVE('',#7457,#7480,#7482,.T.);
#7480 = VERTEX_POINT('',#7481);
#7481 = CARTESIAN_POINT('',(65.,-23.,8.));
#7482 = SURFACE_CURVE('',#7483,(#7487,#7494),.PCURVE_S1.);
#7483 = LINE('',#7484,#7485);
#7484 = CARTESIAN_POINT('',(46.,-23.,8.));
#7485 = VECTOR('',#7486,1.);
#7486 = DIRECTION('',(-1.,0.,0.));
#7487 = PCURVE('',#3563,#7488);
#7488 = DEFINITIONAL_REPRESENTATION('',(#7489),#7493);
#7489 = LINE('',#7490,#7491);
#7490 = CARTESIAN_POINT('',(4.2,-16.));
#7491 = VECTOR('',#7492,1.);
#7492 = DIRECTION('',(0.,-1.));
#7493 = ( GEOMETRIC_REPRESENTATION_CONTEXT(2) 
PARAMETRIC_REPRESENTATION_CONTEXT() REPRESENTATION_CONTEXT('2D SPACE',''
  ) );
#7494 = PCURVE('',#7022,#7495);
#7495 = DEFINITIONAL_REPRESENTATION('',(#7496),#7500);
#7496 = LINE('',#7497,#7498);
#7497 = CARTESIAN_POINT('',(16.,3.));
#7498 = VECTOR('',#7499,1.);
#7499 = DIRECTION('',(-1.,0.));
#7500 = ( GEOMETRIC_REPRESENTATION_CONTEXT(2) 
PARAMETRIC_REPRESENTATION_CONTEXT() REPRESENTATION_CONTEXT('2D SPACE',''
  ) );
#7501 = ORIENTED_EDGE('',*,*,#7502,.T.);
#7502 = EDGE_CURVE('',#7480,#7356,#7503,.T.);
#7503 = SURFACE_CURVE('',#7504,(#7508,#7515),.PCURVE_S1.);
#7504 = LINE('',#7505,#7506);
#7505 = CARTESIAN_POINT('',(65.,-23.,8.));
#7506 = VECTOR('',#7507,1.);
#7507 = DIRECTION('',(0.,0.,1.));
#7508 = PCURVE('',#3563,#7509);
#7509 = DEFINITIONAL_REPRESENTATION('',(#7510),#7514);
#7510 = LINE('',#7511,#7512);
#7511 = CARTESIAN_POINT('',(4.2,3.));
#7512 = VECTOR('',#7513,1.);
#7513 = DIRECTION('',(1.,0.));
#7514 = ( GEOMETRIC_REPRESENTATION_CONTEXT(2) 
PARAMETRIC_REPRESENTATION_CONTEXT() REPRESENTATION_CONTEXT('2D SPACE',''
  ) );
#7515 = PCURVE('',#6887,#7516);
#7516 = DEFINITIONAL_REPRESENTATION('',(#7517),#7521);
#7517 = LINE('',#7518,#7519);
#7518 = CARTESIAN_POINT('',(-9.451460900375,-1.951460900375));
#7519 = VECTOR('',#7520,1.);
#7520 = DIRECTION('',(1.,0.));
#7521 = ( GEOMETRIC_REPRESENTATION_CONTEXT(2) 
PARAMETRIC_REPRESENTATION_CONTEXT() REPRESENTATION_CONTEXT('2D SPACE',''
  ) );
#7522 = ORIENTED_EDGE('',*,*,#7355,.F.);
#7523 = ORIENTED_EDGE('',*,*,#3547,.T.);
#7524 = ORIENTED_EDGE('',*,*,#7525,.T.);
#7525 = EDGE_CURVE('',#3520,#7526,#7528,.T.);
#7526 = VERTEX_POINT('',#7527);
#7527 = CARTESIAN_POINT('',(132.,-23.,38.));
#7528 = SURFACE_CURVE('',#7529,(#7533,#7540),.PCURVE_S1.);
#7529 = LINE('',#7530,#7531);
#7530 = CARTESIAN_POINT('',(62.,-23.,38.));
#7531 = VECTOR('',#7532,1.);
#7532 = DIRECTION('',(1.,0.,0.));
#7533 = PCURVE('',#3563,#7534);
#7534 = DEFINITIONAL_REPRESENTATION('',(#7535),#7539);
#7535 = LINE('',#7536,#7537);
#7536 = CARTESIAN_POINT('',(34.2,0.));
#7537 = VECTOR('',#7538,1.);
#7538 = DIRECTION('',(0.,1.));
#7539 = ( GEOMETRIC_REPRESENTATION_CONTEXT(2) 
PARAMETRIC_REPRESENTATION_CONTEXT() REPRESENTATION_CONTEXT('2D SPACE',''
  ) );
#7540 = PCURVE('',#3535,#7541);
#7541 = DEFINITIONAL_REPRESENTATION('',(#7542),#7546);
#7542 = LINE('',#7543,#7544);
#7543 = CARTESIAN_POINT('',(0.,0.));
#7544 = VECTOR('',#7545,1.);
#7545 = DIRECTION('',(1.,0.));
#7546 = ( GEOMETRIC_REPRESENTATION_CONTEXT(2) 
PARAMETRIC_REPRESENTATION_CONTEXT() REPRESENTATION_CONTEXT('2D SPACE',''
  ) );
#7547 = ORIENTED_EDGE('',*,*,#7548,.F.);
#7548 = EDGE_CURVE('',#7549,#7526,#7551,.T.);
#7549 = VERTEX_POINT('',#7550);
#7550 = CARTESIAN_POINT('',(132.,-23.,34.));
#7551 = SURFACE_CURVE('',#7552,(#7556,#7563),.PCURVE_S1.);
#7552 = LINE('',#7553,#7554);
#7553 = CARTESIAN_POINT('',(132.,-23.,3.8));
#7554 = VECTOR('',#7555,1.);
#7555 = DIRECTION('',(0.,0.,1.));
#7556 = PCURVE('',#3563,#7557);
#7557 = DEFINITIONAL_REPRESENTATION('',(#7558),#7562);
#7558 = LINE('',#7559,#7560);
#7559 = CARTESIAN_POINT('',(0.,70.));
#7560 = VECTOR('',#7561,1.);
#7561 = DIRECTION('',(1.,0.));
#7562 = ( GEOMETRIC_REPRESENTATION_CONTEXT(2) 
PARAMETRIC_REPRESENTATION_CONTEXT() REPRESENTATION_CONTEXT('2D SPACE',''
  ) );
#7563 = PCURVE('',#3762,#7564);
#7564 = DEFINITIONAL_REPRESENTATION('',(#7565),#7569);
#7565 = LINE('',#7566,#7567);
#7566 = CARTESIAN_POINT('',(3.8,-3.));
#7567 = VECTOR('',#7568,1.);
#7568 = DIRECTION('',(1.,0.));
#7569 = ( GEOMETRIC_REPRESENTATION_CONTEXT(2) 
PARAMETRIC_REPRESENTATION_CONTEXT() REPRESENTATION_CONTEXT('2D SPACE',''
  ) );
#7570 = ORIENTED_EDGE('',*,*,#7571,.F.);
#7571 = EDGE_CURVE('',#7406,#7549,#7572,.T.);
#7572 = SURFACE_CURVE('',#7573,(#7577,#7584),.PCURVE_S1.);
#7573 = LINE('',#7574,#7575);
#7574 = CARTESIAN_POINT('',(129.,-23.,34.));
#7575 = VECTOR('',#7576,1.);
#7576 = DIRECTION('',(1.,0.,0.));
#7577 = PCURVE('',#3563,#7578);
#7578 = DEFINITIONAL_REPRESENTATION('',(#7579),#7583);
#7579 = LINE('',#7580,#7581);
#7580 = CARTESIAN_POINT('',(30.2,67.));
#7581 = VECTOR('',#7582,1.);
#7582 = DIRECTION('',(0.,1.));
#7583 = ( GEOMETRIC_REPRESENTATION_CONTEXT(2) 
PARAMETRIC_REPRESENTATION_CONTEXT() REPRESENTATION_CONTEXT('2D SPACE',''
  ) );
#7584 = PCURVE('',#7585,#7590);
#7585 = PLANE('',#7586);
#7586 = AXIS2_PLACEMENT_3D('',#7587,#7588,#7589);
#7587 = CARTESIAN_POINT('',(129.,-23.,34.));
#7588 = DIRECTION('',(0.,0.973841209742,-0.227229615606));
#7589 = DIRECTION('',(0.,-0.227229615606,-0.973841209742));
#7590 = DEFINITIONAL_REPRESENTATION('',(#7591),#7595);
#7591 = LINE('',#7592,#7593);
#7592 = CARTESIAN_POINT('',(0.,0.));
#7593 = VECTOR('',#7594,1.);
#7594 = DIRECTION('',(0.,-1.));
#7595 = ( GEOMETRIC_REPRESENTATION_CONTEXT(2) 
PARAMETRIC_REPRESENTATION_CONTEXT() REPRESENTATION_CONTEXT('2D SPACE',''
  ) );
#7596 = FACE_BOUND('',#7597,.F.);
#7597 = EDGE_LOOP('',(#7598,#7623,#7647,#7670));
#7598 = ORIENTED_EDGE('',*,*,#7599,.F.);
#7599 = EDGE_CURVE('',#7600,#7602,#7604,.T.);
#7600 = VERTEX_POINT('',#7601);
#7601 = CARTESIAN_POINT('',(69.3,-23.,22.3));
#7602 = VERTEX_POINT('',#7603);
#7603 = CARTESIAN_POINT('',(90.7,-23.,22.3));
#7604 = SURFACE_CURVE('',#7605,(#7609,#7616),.PCURVE_S1.);
#7605 = LINE('',#7606,#7607);
#7606 = CARTESIAN_POINT('',(65.65,-23.,22.3));
#7607 = VECTOR('',#7608,1.);
#7608 = DIRECTION('',(1.,0.,0.));
#7609 = PCURVE('',#3563,#7610);
#7610 = DEFINITIONAL_REPRESENTATION('',(#7611),#7615);
#7611 = LINE('',#7612,#7613);
#7612 = CARTESIAN_POINT('',(18.5,3.65));
#7613 = VECTOR('',#7614,1.);
#7614 = DIRECTION('',(0.,1.));
#7615 = ( GEOMETRIC_REPRESENTATION_CONTEXT(2) 
PARAMETRIC_REPRESENTATION_CONTEXT() REPRESENTATION_CONTEXT('2D SPACE',''
  ) );
#7616 = PCURVE('',#3910,#7617);
#7617 = DEFINITIONAL_REPRESENTATION('',(#7618),#7622);
#7618 = LINE('',#7619,#7620);
#7619 = CARTESIAN_POINT('',(-3.65,-7.));
#7620 = VECTOR('',#7621,1.);
#7621 = DIRECTION('',(1.,0.));
#7622 = ( GEOMETRIC_REPRESENTATION_CONTEXT(2) 
PARAMETRIC_REPRESENTATION_CONTEXT() REPRESENTATION_CONTEXT('2D SPACE',''
  ) );
#7623 = ORIENTED_EDGE('',*,*,#7624,.F.);
#7624 = EDGE_CURVE('',#7625,#7600,#7627,.T.);
#7625 = VERTEX_POINT('',#7626);
#7626 = CARTESIAN_POINT('',(69.3,-23.,17.7));
#7627 = SURFACE_CURVE('',#7628,(#7633,#7640),.PCURVE_S1.);
#7628 = CIRCLE('',#7629,2.3);
#7629 = AXIS2_PLACEMENT_3D('',#7630,#7631,#7632);
#7630 = CARTESIAN_POINT('',(69.3,-23.,20.));
#7631 = DIRECTION('',(0.,1.,0.));
#7632 = DIRECTION('',(0.,0.,-1.));
#7633 = PCURVE('',#3563,#7634);
#7634 = DEFINITIONAL_REPRESENTATION('',(#7635),#7639);
#7635 = CIRCLE('',#7636,2.3);
#7636 = AXIS2_PLACEMENT_2D('',#7637,#7638);
#7637 = CARTESIAN_POINT('',(16.2,7.3));
#7638 = DIRECTION('',(-1.,0.));
#7639 = ( GEOMETRIC_REPRESENTATION_CONTEXT(2) 
PARAMETRIC_REPRESENTATION_CONTEXT() REPRESENTATION_CONTEXT('2D SPACE',''
  ) );
#7640 = PCURVE('',#3939,#7641);
#7641 = DEFINITIONAL_REPRESENTATION('',(#7642),#7646);
#7642 = LINE('',#7643,#7644);
#7643 = CARTESIAN_POINT('',(0.,-7.));
#7644 = VECTOR('',#7645,1.);
#7645 = DIRECTION('',(1.,0.));
#7646 = ( GEOMETRIC_REPRESENTATION_CONTEXT(2) 
PARAMETRIC_REPRESENTATION_CONTEXT() REPRESENTATION_CONTEXT('2D SPACE',''
  ) );
#7647 = ORIENTED_EDGE('',*,*,#7648,.F.);
#7648 = EDGE_CURVE('',#7649,#7625,#7651,.T.);
#7649 = VERTEX_POINT('',#7650);
#7650 = CARTESIAN_POINT('',(90.7,-23.,17.7));
#7651 = SURFACE_CURVE('',#7652,(#7656,#7663),.PCURVE_S1.);
#7652 = LINE('',#7653,#7654);
#7653 = CARTESIAN_POINT('',(76.35,-23.,17.7));
#7654 = VECTOR('',#7655,1.);
#7655 = DIRECTION('',(-1.,0.,0.));
#7656 = PCURVE('',#3563,#7657);
#7657 = DEFINITIONAL_REPRESENTATION('',(#7658),#7662);
#7658 = LINE('',#7659,#7660);
#7659 = CARTESIAN_POINT('',(13.9,14.35));
#7660 = VECTOR('',#7661,1.);
#7661 = DIRECTION('',(0.,-1.));
#7662 = ( GEOMETRIC_REPRESENTATION_CONTEXT(2) 
PARAMETRIC_REPRESENTATION_CONTEXT() REPRESENTATION_CONTEXT('2D SPACE',''
  ) );
#7663 = PCURVE('',#3967,#7664);
#7664 = DEFINITIONAL_REPRESENTATION('',(#7665),#7669);
#7665 = LINE('',#7666,#7667);
#7666 = CARTESIAN_POINT('',(14.35,-7.));
#7667 = VECTOR('',#7668,1.);
#7668 = DIRECTION('',(1.,0.));
#7669 = ( GEOMETRIC_REPRESENTATION_CONTEXT(2) 
PARAMETRIC_REPRESENTATION_CONTEXT() REPRESENTATION_CONTEXT('2D SPACE',''
  ) );
#7670 = ORIENTED_EDGE('',*,*,#7671,.F.);
#7671 = EDGE_CURVE('',#7602,#7649,#7672,.T.);
#7672 = SURFACE_CURVE('',#7673,(#7678,#7685),.PCURVE_S1.);
#7673 = CIRCLE('',#7674,2.3);
#7674 = AXIS2_PLACEMENT_3D('',#7675,#7676,#7677);
#7675 = CARTESIAN_POINT('',(90.7,-23.,20.));
#7676 = DIRECTION('',(0.,1.,0.));
#7677 = DIRECTION('',(0.,0.,1.));
#7678 = PCURVE('',#3563,#7679);
#7679 = DEFINITIONAL_REPRESENTATION('',(#7680),#7684);
#7680 = CIRCLE('',#7681,2.3);
#7681 = AXIS2_PLACEMENT_2D('',#7682,#7683);
#7682 = CARTESIAN_POINT('',(16.2,28.7));
#7683 = DIRECTION('',(1.,0.));
#7684 = ( GEOMETRIC_REPRESENTATION_CONTEXT(2) 
PARAMETRIC_REPRESENTATION_CONTEXT() REPRESENTATION_CONTEXT('2D SPACE',''
  ) );
#7685 = PCURVE('',#3994,#7686);
#7686 = DEFINITIONAL_REPRESENTATION('',(#7687),#7691);
#7687 = LINE('',#7688,#7689);
#7688 = CARTESIAN_POINT('',(0.,-7.));
#7689 = VECTOR('',#7690,1.);
#7690 = DIRECTION('',(1.,0.));
#7691 = ( GEOMETRIC_REPRESENTATION_CONTEXT(2) 
PARAMETRIC_REPRESENTATION_CONTEXT() REPRESENTATION_CONTEXT('2D SPACE',''
  ) );
#7692 = FACE_BOUND('',#7693,.F.);
#7693 = EDGE_LOOP('',(#7694,#7719,#7743,#7766));
#7694 = ORIENTED_EDGE('',*,*,#7695,.F.);
#7695 = EDGE_CURVE('',#7696,#7698,#7700,.T.);
#7696 = VERTEX_POINT('',#7697);
#7697 = CARTESIAN_POINT('',(99.3,-23.,22.3));
#7698 = VERTEX_POINT('',#7699);
#7699 = CARTESIAN_POINT('',(120.7,-23.,22.3));
#7700 = SURFACE_CURVE('',#7701,(#7705,#7712),.PCURVE_S1.);
#7701 = LINE('',#7702,#7703);
#7702 = CARTESIAN_POINT('',(80.65,-23.,22.3));
#7703 = VECTOR('',#7704,1.);
#7704 = DIRECTION('',(1.,0.,0.));
#7705 = PCURVE('',#3563,#7706);
#7706 = DEFINITIONAL_REPRESENTATION('',(#7707),#7711);
#7707 = LINE('',#7708,#7709);
#7708 = CARTESIAN_POINT('',(18.5,18.65));
#7709 = VECTOR('',#7710,1.);
#7710 = DIRECTION('',(0.,1.));
#7711 = ( GEOMETRIC_REPRESENTATION_CONTEXT(2) 
PARAMETRIC_REPRESENTATION_CONTEXT() REPRESENTATION_CONTEXT('2D SPACE',''
  ) );
#7712 = PCURVE('',#3878,#7713);
#7713 = DEFINITIONAL_REPRESENTATION('',(#7714),#7718);
#7714 = LINE('',#7715,#7716);
#7715 = CARTESIAN_POINT('',(-18.65,-7.));
#7716 = VECTOR('',#7717,1.);
#7717 = DIRECTION('',(1.,0.));
#7718 = ( GEOMETRIC_REPRESENTATION_CONTEXT(2) 
PARAMETRIC_REPRESENTATION_CONTEXT() REPRESENTATION_CONTEXT('2D SPACE',''
  ) );
#7719 = ORIENTED_EDGE('',*,*,#7720,.F.);
#7720 = EDGE_CURVE('',#7721,#7696,#7723,.T.);
#7721 = VERTEX_POINT('',#7722);
#7722 = CARTESIAN_POINT('',(99.3,-23.,17.7));
#7723 = SURFACE_CURVE('',#7724,(#7729,#7736),.PCURVE_S1.);
#7724 = CIRCLE('',#7725,2.3);
#7725 = AXIS2_PLACEMENT_3D('',#7726,#7727,#7728);
#7726 = CARTESIAN_POINT('',(99.3,-23.,20.));
#7727 = DIRECTION('',(0.,1.,0.));
#7728 = DIRECTION('',(0.,0.,-1.));
#7729 = PCURVE('',#3563,#7730);
#7730 = DEFINITIONAL_REPRESENTATION('',(#7731),#7735);
#7731 = CIRCLE('',#7732,2.3);
#7732 = AXIS2_PLACEMENT_2D('',#7733,#7734);
#7733 = CARTESIAN_POINT('',(16.2,37.3));
#7734 = DIRECTION('',(-1.,0.));
#7735 = ( GEOMETRIC_REPRESENTATION_CONTEXT(2) 
PARAMETRIC_REPRESENTATION_CONTEXT() REPRESENTATION_CONTEXT('2D SPACE',''
  ) );
#7736 = PCURVE('',#3795,#7737);
#7737 = DEFINITIONAL_REPRESENTATION('',(#7738),#7742);
#7738 = LINE('',#7739,#7740);
#7739 = CARTESIAN_POINT('',(0.,-7.));
#7740 = VECTOR('',#7741,1.);
#7741 = DIRECTION('',(1.,0.));
#7742 = ( GEOMETRIC_REPRESENTATION_CONTEXT(2) 
PARAMETRIC_REPRESENTATION_CONTEXT() REPRESENTATION_CONTEXT('2D SPACE',''
  ) );
#7743 = ORIENTED_EDGE('',*,*,#7744,.F.);
#7744 = EDGE_CURVE('',#7745,#7721,#7747,.T.);
#7745 = VERTEX_POINT('',#7746);
#7746 = CARTESIAN_POINT('',(120.7,-23.,17.7));
#7747 = SURFACE_CURVE('',#7748,(#7752,#7759),.PCURVE_S1.);
#7748 = LINE('',#7749,#7750);
#7749 = CARTESIAN_POINT('',(91.35,-23.,17.7));
#7750 = VECTOR('',#7751,1.);
#7751 = DIRECTION('',(-1.,0.,0.));
#7752 = PCURVE('',#3563,#7753);
#7753 = DEFINITIONAL_REPRESENTATION('',(#7754),#7758);
#7754 = LINE('',#7755,#7756);
#7755 = CARTESIAN_POINT('',(13.9,29.35));
#7756 = VECTOR('',#7757,1.);
#7757 = DIRECTION('',(0.,-1.));
#7758 = ( GEOMETRIC_REPRESENTATION_CONTEXT(2) 
PARAMETRIC_REPRESENTATION_CONTEXT() REPRESENTATION_CONTEXT('2D SPACE',''
  ) );
#7759 = PCURVE('',#3823,#7760);
#7760 = DEFINITIONAL_REPRESENTATION('',(#7761),#7765);
#7761 = LINE('',#7762,#7763);
#7762 = CARTESIAN_POINT('',(29.35,-7.));
#7763 = VECTOR('',#7764,1.);
#7764 = DIRECTION('',(1.,0.));
#7765 = ( GEOMETRIC_REPRESENTATION_CONTEXT(2) 
PARAMETRIC_REPRESENTATION_CONTEXT() REPRESENTATION_CONTEXT('2D SPACE',''
  ) );
#7766 = ORIENTED_EDGE('',*,*,#7767,.F.);
#7767 = EDGE_CURVE('',#7698,#7745,#7768,.T.);
#7768 = SURFACE_CURVE('',#7769,(#7774,#7781),.PCURVE_S1.);
#7769 = CIRCLE('',#7770,2.3);
#7770 = AXIS2_PLACEMENT_3D('',#7771,#7772,#7773);
#7771 = CARTESIAN_POINT('',(120.7,-23.,20.));
#7772 = DIRECTION('',(0.,1.,0.));
#7773 = DIRECTION('',(0.,0.,1.));
#7774 = PCURVE('',#3563,#7775);
#7775 = DEFINITIONAL_REPRESENTATION('',(#7776),#7780);
#7776 = CIRCLE('',#7777,2.3);
#7777 = AXIS2_PLACEMENT_2D('',#7778,#7779);
#7778 = CARTESIAN_POINT('',(16.2,58.7));
#7779 = DIRECTION('',(1.,0.));
#7780 = ( GEOMETRIC_REPRESENTATION_CONTEXT(2) 
PARAMETRIC_REPRESENTATION_CONTEXT() REPRESENTATION_CONTEXT('2D SPACE',''
  ) );
#7781 = PCURVE('',#3852,#7782);
#7782 = DEFINITIONAL_REPRESENTATION('',(#7783),#7787);
#7783 = LINE('',#7784,#7785);
#7784 = CARTESIAN_POINT('',(0.,-7.));
#7785 = VECTOR('',#7786,1.);
#7786 = DIRECTION('',(1.,0.));
#7787 = ( GEOMETRIC_REPRESENTATION_CONTEXT(2) 
PARAMETRIC_REPRESENTATION_CONTEXT() REPRESENTATION_CONTEXT('2D SPACE',''
  ) );
#7788 = ADVANCED_FACE('',(#7789),#3535,.T.);
#7789 = FACE_BOUND('',#7790,.T.);
#7790 = EDGE_LOOP('',(#7791,#7792,#7793,#7814));
#7791 = ORIENTED_EDGE('',*,*,#3519,.F.);
#7792 = ORIENTED_EDGE('',*,*,#7525,.T.);
#7793 = ORIENTED_EDGE('',*,*,#7794,.T.);
#7794 = EDGE_CURVE('',#7526,#3726,#7795,.T.);
#7795 = SURFACE_CURVE('',#7796,(#7800,#7807),.PCURVE_S1.);
#7796 = LINE('',#7797,#7798);
#7797 = CARTESIAN_POINT('',(132.,-23.,38.));
#7798 = VECTOR('',#7799,1.);
#7799 = DIRECTION('',(0.,1.,0.));
#7800 = PCURVE('',#3535,#7801);
#7801 = DEFINITIONAL_REPRESENTATION('',(#7802),#7806);
#7802 = LINE('',#7803,#7804);
#7803 = CARTESIAN_POINT('',(70.,0.));
#7804 = VECTOR('',#7805,1.);
#7805 = DIRECTION('',(0.,1.));
#7806 = ( GEOMETRIC_REPRESENTATION_CONTEXT(2) 
PARAMETRIC_REPRESENTATION_CONTEXT() REPRESENTATION_CONTEXT('2D SPACE',''
  ) );
#7807 = PCURVE('',#3762,#7808);
#7808 = DEFINITIONAL_REPRESENTATION('',(#7809),#7813);
#7809 = LINE('',#7810,#7811);
#7810 = CARTESIAN_POINT('',(38.,-3.));
#7811 = VECTOR('',#7812,1.);
#7812 = DIRECTION('',(0.,-1.));
#7813 = ( GEOMETRIC_REPRESENTATION_CONTEXT(2) 
PARAMETRIC_REPRESENTATION_CONTEXT() REPRESENTATION_CONTEXT('2D SPACE',''
  ) );
#7814 = ORIENTED_EDGE('',*,*,#3725,.F.);
#7815 = ADVANCED_FACE('',(#7816),#3762,.T.);
#7816 = FACE_BOUND('',#7817,.T.);
#7817 = EDGE_LOOP('',(#7818,#7819,#7820,#7821,#7844,#7865,#7866));
#7818 = ORIENTED_EDGE('',*,*,#3748,.T.);
#7819 = ORIENTED_EDGE('',*,*,#7794,.F.);
#7820 = ORIENTED_EDGE('',*,*,#7548,.F.);
#7821 = ORIENTED_EDGE('',*,*,#7822,.T.);
#7822 = EDGE_CURVE('',#7549,#7823,#7825,.T.);
#7823 = VERTEX_POINT('',#7824);
#7824 = CARTESIAN_POINT('',(132.,-30.,4.));
#7825 = SURFACE_CURVE('',#7826,(#7830,#7837),.PCURVE_S1.);
#7826 = LINE('',#7827,#7828);
#7827 = CARTESIAN_POINT('',(132.,-23.,34.));
#7828 = VECTOR('',#7829,1.);
#7829 = DIRECTION('',(0.,-0.227229615606,-0.973841209742));
#7830 = PCURVE('',#3762,#7831);
#7831 = DEFINITIONAL_REPRESENTATION('',(#7832),#7836);
#7832 = LINE('',#7833,#7834);
#7833 = CARTESIAN_POINT('',(34.,-3.));
#7834 = VECTOR('',#7835,1.);
#7835 = DIRECTION('',(-0.973841209742,0.227229615606));
#7836 = ( GEOMETRIC_REPRESENTATION_CONTEXT(2) 
PARAMETRIC_REPRESENTATION_CONTEXT() REPRESENTATION_CONTEXT('2D SPACE',''
  ) );
#7837 = PCURVE('',#7585,#7838);
#7838 = DEFINITIONAL_REPRESENTATION('',(#7839),#7843);
#7839 = LINE('',#7840,#7841);
#7840 = CARTESIAN_POINT('',(0.,-3.));
#7841 = VECTOR('',#7842,1.);
#7842 = DIRECTION('',(1.,-0.));
#7843 = ( GEOMETRIC_REPRESENTATION_CONTEXT(2) 
PARAMETRIC_REPRESENTATION_CONTEXT() REPRESENTATION_CONTEXT('2D SPACE',''
  ) );
#7844 = ORIENTED_EDGE('',*,*,#7845,.T.);
#7845 = EDGE_CURVE('',#7823,#7091,#7846,.T.);
#7846 = SURFACE_CURVE('',#7847,(#7851,#7858),.PCURVE_S1.);
#7847 = LINE('',#7848,#7849);
#7848 = CARTESIAN_POINT('',(132.,-30.,4.));
#7849 = VECTOR('',#7850,1.);
#7850 = DIRECTION('',(0.,1.,0.));
#7851 = PCURVE('',#3762,#7852);
#7852 = DEFINITIONAL_REPRESENTATION('',(#7853),#7857);
#7853 = LINE('',#7854,#7855);
#7854 = CARTESIAN_POINT('',(4.,4.));
#7855 = VECTOR('',#7856,1.);
#7856 = DIRECTION('',(0.,-1.));
#7857 = ( GEOMETRIC_REPRESENTATION_CONTEXT(2) 
PARAMETRIC_REPRESENTATION_CONTEXT() REPRESENTATION_CONTEXT('2D SPACE',''
  ) );
#7858 = PCURVE('',#7106,#7859);
#7859 = DEFINITIONAL_REPRESENTATION('',(#7860),#7864);
#7860 = LINE('',#7861,#7862);
#7861 = CARTESIAN_POINT('',(0.,-3.));
#7862 = VECTOR('',#7863,1.);
#7863 = DIRECTION('',(1.,0.));
#7864 = ( GEOMETRIC_REPRESENTATION_CONTEXT(2) 
PARAMETRIC_REPRESENTATION_CONTEXT() REPRESENTATION_CONTEXT('2D SPACE',''
  ) );
#7865 = ORIENTED_EDGE('',*,*,#7118,.F.);
#7866 = ORIENTED_EDGE('',*,*,#5500,.T.);
#7867 = ADVANCED_FACE('',(#7868),#3795,.F.);
#7868 = FACE_BOUND('',#7869,.F.);
#7869 = EDGE_LOOP('',(#7870,#7871,#7892,#7893));
#7870 = ORIENTED_EDGE('',*,*,#3776,.F.);
#7871 = ORIENTED_EDGE('',*,*,#7872,.T.);
#7872 = EDGE_CURVE('',#3777,#7721,#7873,.T.);
#7873 = SURFACE_CURVE('',#7874,(#7878,#7885),.PCURVE_S1.);
#7874 = LINE('',#7875,#7876);
#7875 = CARTESIAN_POINT('',(99.3,-16.,17.7));
#7876 = VECTOR('',#7877,1.);
#7877 = DIRECTION('',(0.,-1.,0.));
#7878 = PCURVE('',#3795,#7879);
#7879 = DEFINITIONAL_REPRESENTATION('',(#7880),#7884);
#7880 = LINE('',#7881,#7882);
#7881 = CARTESIAN_POINT('',(0.,0.));
#7882 = VECTOR('',#7883,1.);
#7883 = DIRECTION('',(0.,-1.));
#7884 = ( GEOMETRIC_REPRESENTATION_CONTEXT(2) 
PARAMETRIC_REPRESENTATION_CONTEXT() REPRESENTATION_CONTEXT('2D SPACE',''
  ) );
#7885 = PCURVE('',#3823,#7886);
#7886 = DEFINITIONAL_REPRESENTATION('',(#7887),#7891);
#7887 = LINE('',#7888,#7889);
#7888 = CARTESIAN_POINT('',(21.4,0.));
#7889 = VECTOR('',#7890,1.);
#7890 = DIRECTION('',(0.,-1.));
#7891 = ( GEOMETRIC_REPRESENTATION_CONTEXT(2) 
PARAMETRIC_REPRESENTATION_CONTEXT() REPRESENTATION_CONTEXT('2D SPACE',''
  ) );
#7892 = ORIENTED_EDGE('',*,*,#7720,.T.);
#7893 = ORIENTED_EDGE('',*,*,#7894,.F.);
#7894 = EDGE_CURVE('',#3779,#7696,#7895,.T.);
#7895 = SURFACE_CURVE('',#7896,(#7900,#7907),.PCURVE_S1.);
#7896 = LINE('',#7897,#7898);
#7897 = CARTESIAN_POINT('',(99.3,-16.,22.3));
#7898 = VECTOR('',#7899,1.);
#7899 = DIRECTION('',(0.,-1.,0.));
#7900 = PCURVE('',#3795,#7901);
#7901 = DEFINITIONAL_REPRESENTATION('',(#7902),#7906);
#7902 = LINE('',#7903,#7904);
#7903 = CARTESIAN_POINT('',(3.14159265359,0.));
#7904 = VECTOR('',#7905,1.);
#7905 = DIRECTION('',(0.,-1.));
#7906 = ( GEOMETRIC_REPRESENTATION_CONTEXT(2) 
PARAMETRIC_REPRESENTATION_CONTEXT() REPRESENTATION_CONTEXT('2D SPACE',''
  ) );
#7907 = PCURVE('',#3878,#7908);
#7908 = DEFINITIONAL_REPRESENTATION('',(#7909),#7913);
#7909 = LINE('',#7910,#7911);
#7910 = CARTESIAN_POINT('',(0.,0.));
#7911 = VECTOR('',#7912,1.);
#7912 = DIRECTION('',(0.,-1.));
#7913 = ( GEOMETRIC_REPRESENTATION_CONTEXT(2) 
PARAMETRIC_REPRESENTATION_CONTEXT() REPRESENTATION_CONTEXT('2D SPACE',''
  ) );
#7914 = ADVANCED_FACE('',(#7915),#3823,.F.);
#7915 = FACE_BOUND('',#7916,.F.);
#7916 = EDGE_LOOP('',(#7917,#7918,#7939,#7940));
#7917 = ORIENTED_EDGE('',*,*,#3807,.F.);
#7918 = ORIENTED_EDGE('',*,*,#7919,.T.);
#7919 = EDGE_CURVE('',#3808,#7745,#7920,.T.);
#7920 = SURFACE_CURVE('',#7921,(#7925,#7932),.PCURVE_S1.);
#7921 = LINE('',#7922,#7923);
#7922 = CARTESIAN_POINT('',(120.7,-16.,17.7));
#7923 = VECTOR('',#7924,1.);
#7924 = DIRECTION('',(0.,-1.,0.));
#7925 = PCURVE('',#3823,#7926);
#7926 = DEFINITIONAL_REPRESENTATION('',(#7927),#7931);
#7927 = LINE('',#7928,#7929);
#7928 = CARTESIAN_POINT('',(0.,0.));
#7929 = VECTOR('',#7930,1.);
#7930 = DIRECTION('',(0.,-1.));
#7931 = ( GEOMETRIC_REPRESENTATION_CONTEXT(2) 
PARAMETRIC_REPRESENTATION_CONTEXT() REPRESENTATION_CONTEXT('2D SPACE',''
  ) );
#7932 = PCURVE('',#3852,#7933);
#7933 = DEFINITIONAL_REPRESENTATION('',(#7934),#7938);
#7934 = LINE('',#7935,#7936);
#7935 = CARTESIAN_POINT('',(3.14159265359,0.));
#7936 = VECTOR('',#7937,1.);
#7937 = DIRECTION('',(0.,-1.));
#7938 = ( GEOMETRIC_REPRESENTATION_CONTEXT(2) 
PARAMETRIC_REPRESENTATION_CONTEXT() REPRESENTATION_CONTEXT('2D SPACE',''
  ) );
#7939 = ORIENTED_EDGE('',*,*,#7744,.T.);
#7940 = ORIENTED_EDGE('',*,*,#7872,.F.);
#7941 = ADVANCED_FACE('',(#7942),#3852,.F.);
#7942 = FACE_BOUND('',#7943,.F.);
#7943 = EDGE_LOOP('',(#7944,#7945,#7966,#7967));
#7944 = ORIENTED_EDGE('',*,*,#3835,.F.);
#7945 = ORIENTED_EDGE('',*,*,#7946,.T.);
#7946 = EDGE_CURVE('',#3836,#7698,#7947,.T.);
#7947 = SURFACE_CURVE('',#7948,(#7952,#7959),.PCURVE_S1.);
#7948 = LINE('',#7949,#7950);
#7949 = CARTESIAN_POINT('',(120.7,-16.,22.3));
#7950 = VECTOR('',#7951,1.);
#7951 = DIRECTION('',(0.,-1.,0.));
#7952 = PCURVE('',#3852,#7953);
#7953 = DEFINITIONAL_REPRESENTATION('',(#7954),#7958);
#7954 = LINE('',#7955,#7956);
#7955 = CARTESIAN_POINT('',(0.,0.));
#7956 = VECTOR('',#7957,1.);
#7957 = DIRECTION('',(0.,-1.));
#7958 = ( GEOMETRIC_REPRESENTATION_CONTEXT(2) 
PARAMETRIC_REPRESENTATION_CONTEXT() REPRESENTATION_CONTEXT('2D SPACE',''
  ) );
#7959 = PCURVE('',#3878,#7960);
#7960 = DEFINITIONAL_REPRESENTATION('',(#7961),#7965);
#7961 = LINE('',#7962,#7963);
#7962 = CARTESIAN_POINT('',(21.4,0.));
#7963 = VECTOR('',#7964,1.);
#7964 = DIRECTION('',(0.,-1.));
#7965 = ( GEOMETRIC_REPRESENTATION_CONTEXT(2) 
PARAMETRIC_REPRESENTATION_CONTEXT() REPRESENTATION_CONTEXT('2D SPACE',''
  ) );
#7966 = ORIENTED_EDGE('',*,*,#7767,.T.);
#7967 = ORIENTED_EDGE('',*,*,#7919,.F.);
#7968 = ADVANCED_FACE('',(#7969),#3878,.F.);
#7969 = FACE_BOUND('',#7970,.F.);
#7970 = EDGE_LOOP('',(#7971,#7972,#7973,#7974));
#7971 = ORIENTED_EDGE('',*,*,#3864,.F.);
#7972 = ORIENTED_EDGE('',*,*,#7894,.T.);
#7973 = ORIENTED_EDGE('',*,*,#7695,.T.);
#7974 = ORIENTED_EDGE('',*,*,#7946,.F.);
#7975 = ADVANCED_FACE('',(#7976),#3910,.F.);
#7976 = FACE_BOUND('',#7977,.F.);
#7977 = EDGE_LOOP('',(#7978,#7979,#8000,#8001));
#7978 = ORIENTED_EDGE('',*,*,#3892,.F.);
#7979 = ORIENTED_EDGE('',*,*,#7980,.T.);
#7980 = EDGE_CURVE('',#3893,#7600,#7981,.T.);
#7981 = SURFACE_CURVE('',#7982,(#7986,#7993),.PCURVE_S1.);
#7982 = LINE('',#7983,#7984);
#7983 = CARTESIAN_POINT('',(69.3,-16.,22.3));
#7984 = VECTOR('',#7985,1.);
#7985 = DIRECTION('',(0.,-1.,0.));
#7986 = PCURVE('',#3910,#7987);
#7987 = DEFINITIONAL_REPRESENTATION('',(#7988),#7992);
#7988 = LINE('',#7989,#7990);
#7989 = CARTESIAN_POINT('',(0.,0.));
#7990 = VECTOR('',#7991,1.);
#7991 = DIRECTION('',(0.,-1.));
#7992 = ( GEOMETRIC_REPRESENTATION_CONTEXT(2) 
PARAMETRIC_REPRESENTATION_CONTEXT() REPRESENTATION_CONTEXT('2D SPACE',''
  ) );
#7993 = PCURVE('',#3939,#7994);
#7994 = DEFINITIONAL_REPRESENTATION('',(#7995),#7999);
#7995 = LINE('',#7996,#7997);
#7996 = CARTESIAN_POINT('',(3.14159265359,0.));
#7997 = VECTOR('',#7998,1.);
#7998 = DIRECTION('',(0.,-1.));
#7999 = ( GEOMETRIC_REPRESENTATION_CONTEXT(2) 
PARAMETRIC_REPRESENTATION_CONTEXT() REPRESENTATION_CONTEXT('2D SPACE',''
  ) );
#8000 = ORIENTED_EDGE('',*,*,#7599,.T.);
#8001 = ORIENTED_EDGE('',*,*,#8002,.F.);
#8002 = EDGE_CURVE('',#3895,#7602,#8003,.T.);
#8003 = SURFACE_CURVE('',#8004,(#8008,#8015),.PCURVE_S1.);
#8004 = LINE('',#8005,#8006);
#8005 = CARTESIAN_POINT('',(90.7,-16.,22.3));
#8006 = VECTOR('',#8007,1.);
#8007 = DIRECTION('',(0.,-1.,0.));
#8008 = PCURVE('',#3910,#8009);
#8009 = DEFINITIONAL_REPRESENTATION('',(#8010),#8014);
#8010 = LINE('',#8011,#8012);
#8011 = CARTESIAN_POINT('',(21.4,0.));
#8012 = VECTOR('',#8013,1.);
#8013 = DIRECTION('',(0.,-1.));
#8014 = ( GEOMETRIC_REPRESENTATION_CONTEXT(2) 
PARAMETRIC_REPRESENTATION_CONTEXT() REPRESENTATION_CONTEXT('2D SPACE',''
  ) );
#8015 = PCURVE('',#3994,#8016);
#8016 = DEFINITIONAL_REPRESENTATION('',(#8017),#8021);
#8017 = LINE('',#8018,#8019);
#8018 = CARTESIAN_POINT('',(0.,0.));
#8019 = VECTOR('',#8020,1.);
#8020 = DIRECTION('',(0.,-1.));
#8021 = ( GEOMETRIC_REPRESENTATION_CONTEXT(2) 
PARAMETRIC_REPRESENTATION_CONTEXT() REPRESENTATION_CONTEXT('2D SPACE',''
  ) );
#8022 = ADVANCED_FACE('',(#8023),#3939,.F.);
#8023 = FACE_BOUND('',#8024,.F.);
#8024 = EDGE_LOOP('',(#8025,#8026,#8047,#8048));
#8025 = ORIENTED_EDGE('',*,*,#3922,.F.);
#8026 = ORIENTED_EDGE('',*,*,#8027,.T.);
#8027 = EDGE_CURVE('',#3923,#7625,#8028,.T.);
#8028 = SURFACE_CURVE('',#8029,(#8033,#8040),.PCURVE_S1.);
#8029 = LINE('',#8030,#8031);
#8030 = CARTESIAN_POINT('',(69.3,-16.,17.7));
#8031 = VECTOR('',#8032,1.);
#8032 = DIRECTION('',(0.,-1.,0.));
#8033 = PCURVE('',#3939,#8034);
#8034 = DEFINITIONAL_REPRESENTATION('',(#8035),#8039);
#8035 = LINE('',#8036,#8037);
#8036 = CARTESIAN_POINT('',(0.,0.));
#8037 = VECTOR('',#8038,1.);
#8038 = DIRECTION('',(0.,-1.));
#8039 = ( GEOMETRIC_REPRESENTATION_CONTEXT(2) 
PARAMETRIC_REPRESENTATION_CONTEXT() REPRESENTATION_CONTEXT('2D SPACE',''
  ) );
#8040 = PCURVE('',#3967,#8041);
#8041 = DEFINITIONAL_REPRESENTATION('',(#8042),#8046);
#8042 = LINE('',#8043,#8044);
#8043 = CARTESIAN_POINT('',(21.4,0.));
#8044 = VECTOR('',#8045,1.);
#8045 = DIRECTION('',(0.,-1.));
#8046 = ( GEOMETRIC_REPRESENTATION_CONTEXT(2) 
PARAMETRIC_REPRESENTATION_CONTEXT() REPRESENTATION_CONTEXT('2D SPACE',''
  ) );
#8047 = ORIENTED_EDGE('',*,*,#7624,.T.);
#8048 = ORIENTED_EDGE('',*,*,#7980,.F.);
#8049 = ADVANCED_FACE('',(#8050),#3967,.F.);
#8050 = FACE_BOUND('',#8051,.F.);
#8051 = EDGE_LOOP('',(#8052,#8053,#8074,#8075));
#8052 = ORIENTED_EDGE('',*,*,#3951,.F.);
#8053 = ORIENTED_EDGE('',*,*,#8054,.T.);
#8054 = EDGE_CURVE('',#3952,#7649,#8055,.T.);
#8055 = SURFACE_CURVE('',#8056,(#8060,#8067),.PCURVE_S1.);
#8056 = LINE('',#8057,#8058);
#8057 = CARTESIAN_POINT('',(90.7,-16.,17.7));
#8058 = VECTOR('',#8059,1.);
#8059 = DIRECTION('',(0.,-1.,0.));
#8060 = PCURVE('',#3967,#8061);
#8061 = DEFINITIONAL_REPRESENTATION('',(#8062),#8066);
#8062 = LINE('',#8063,#8064);
#8063 = CARTESIAN_POINT('',(0.,0.));
#8064 = VECTOR('',#8065,1.);
#8065 = DIRECTION('',(0.,-1.));
#8066 = ( GEOMETRIC_REPRESENTATION_CONTEXT(2) 
PARAMETRIC_REPRESENTATION_CONTEXT() REPRESENTATION_CONTEXT('2D SPACE',''
  ) );
#8067 = PCURVE('',#3994,#8068);
#8068 = DEFINITIONAL_REPRESENTATION('',(#8069),#8073);
#8069 = LINE('',#8070,#8071);
#8070 = CARTESIAN_POINT('',(3.14159265359,0.));
#8071 = VECTOR('',#8072,1.);
#8072 = DIRECTION('',(0.,-1.));
#8073 = ( GEOMETRIC_REPRESENTATION_CONTEXT(2) 
PARAMETRIC_REPRESENTATION_CONTEXT() REPRESENTATION_CONTEXT('2D SPACE',''
  ) );
#8074 = ORIENTED_EDGE('',*,*,#7648,.T.);
#8075 = ORIENTED_EDGE('',*,*,#8027,.F.);
#8076 = ADVANCED_FACE('',(#8077),#3994,.F.);
#8077 = FACE_BOUND('',#8078,.F.);
#8078 = EDGE_LOOP('',(#8079,#8080,#8081,#8082));
#8079 = ORIENTED_EDGE('',*,*,#3979,.F.);
#8080 = ORIENTED_EDGE('',*,*,#8002,.T.);
#8081 = ORIENTED_EDGE('',*,*,#7671,.T.);
#8082 = ORIENTED_EDGE('',*,*,#8054,.F.);
#8083 = ADVANCED_FACE('',(#8084),#4121,.F.);
#8084 = FACE_BOUND('',#8085,.F.);
#8085 = EDGE_LOOP('',(#8086,#8087,#8088,#8089));
#8086 = ORIENTED_EDGE('',*,*,#5523,.F.);
#8087 = ORIENTED_EDGE('',*,*,#4105,.T.);
#8088 = ORIENTED_EDGE('',*,*,#7195,.T.);
#8089 = ORIENTED_EDGE('',*,*,#8090,.F.);
#8090 = EDGE_CURVE('',#5524,#7196,#8091,.T.);
#8091 = SURFACE_CURVE('',#8092,(#8096,#8103),.PCURVE_S1.);
#8092 = LINE('',#8093,#8094);
#8093 = CARTESIAN_POINT('',(68.,-6.4,0.));
#8094 = VECTOR('',#8095,1.);
#8095 = DIRECTION('',(0.,0.,1.));
#8096 = PCURVE('',#4121,#8097);
#8097 = DEFINITIONAL_REPRESENTATION('',(#8098),#8102);
#8098 = LINE('',#8099,#8100);
#8099 = CARTESIAN_POINT('',(0.,26.));
#8100 = VECTOR('',#8101,1.);
#8101 = DIRECTION('',(1.,0.));
#8102 = ( GEOMETRIC_REPRESENTATION_CONTEXT(2) 
PARAMETRIC_REPRESENTATION_CONTEXT() REPRESENTATION_CONTEXT('2D SPACE',''
  ) );
#8103 = PCURVE('',#5562,#8104);
#8104 = DEFINITIONAL_REPRESENTATION('',(#8105),#8109);
#8105 = LINE('',#8106,#8107);
#8106 = CARTESIAN_POINT('',(0.,0.));
#8107 = VECTOR('',#8108,1.);
#8108 = DIRECTION('',(1.,0.));
#8109 = ( GEOMETRIC_REPRESENTATION_CONTEXT(2) 
PARAMETRIC_REPRESENTATION_CONTEXT() REPRESENTATION_CONTEXT('2D SPACE',''
  ) );
#8110 = ADVANCED_FACE('',(#8111),#4697,.T.);
#8111 = FACE_BOUND('',#8112,.T.);
#8112 = EDGE_LOOP('',(#8113,#8114,#8115,#8116));
#8113 = ORIENTED_EDGE('',*,*,#4784,.F.);
#8114 = ORIENTED_EDGE('',*,*,#4681,.T.);
#8115 = ORIENTED_EDGE('',*,*,#4735,.T.);
#8116 = ORIENTED_EDGE('',*,*,#4833,.F.);
#8117 = ADVANCED_FACE('',(#8118),#4898,.T.);
#8118 = FACE_BOUND('',#8119,.T.);
#8119 = EDGE_LOOP('',(#8120,#8121,#8122,#8123));
#8120 = ORIENTED_EDGE('',*,*,#4985,.F.);
#8121 = ORIENTED_EDGE('',*,*,#4882,.T.);
#8122 = ORIENTED_EDGE('',*,*,#4936,.T.);
#8123 = ORIENTED_EDGE('',*,*,#5034,.F.);
#8124 = ADVANCED_FACE('',(#8125),#5099,.T.);
#8125 = FACE_BOUND('',#8126,.T.);
#8126 = EDGE_LOOP('',(#8127,#8128,#8129,#8130));
#8127 = ORIENTED_EDGE('',*,*,#5235,.F.);
#8128 = ORIENTED_EDGE('',*,*,#5083,.T.);
#8129 = ORIENTED_EDGE('',*,*,#5137,.T.);
#8130 = ORIENTED_EDGE('',*,*,#5186,.F.);
#8131 = ADVANCED_FACE('',(#8132),#5358,.T.);
#8132 = FACE_BOUND('',#8133,.T.);
#8133 = EDGE_LOOP('',(#8134,#8135,#8136,#8137));
#8134 = ORIENTED_EDGE('',*,*,#5398,.F.);
#8135 = ORIENTED_EDGE('',*,*,#5425,.T.);
#8136 = ORIENTED_EDGE('',*,*,#5667,.T.);
#8137 = ORIENTED_EDGE('',*,*,#5344,.F.);
#8138 = ADVANCED_FACE('',(#8139),#5562,.T.);
#8139 = FACE_BOUND('',#8140,.T.);
#8140 = EDGE_LOOP('',(#8141,#8142,#8143,#8144));
#8141 = ORIENTED_EDGE('',*,*,#8090,.F.);
#8142 = ORIENTED_EDGE('',*,*,#5546,.T.);
#8143 = ORIENTED_EDGE('',*,*,#7167,.T.);
#8144 = ORIENTED_EDGE('',*,*,#7218,.F.);
#8145 = ADVANCED_FACE('',(#8146),#5781,.F.);
#8146 = FACE_BOUND('',#8147,.F.);
#8147 = EDGE_LOOP('',(#8148,#8149,#8150,#8173));
#8148 = ORIENTED_EDGE('',*,*,#6530,.T.);
#8149 = ORIENTED_EDGE('',*,*,#5765,.T.);
#8150 = ORIENTED_EDGE('',*,*,#8151,.F.);
#8151 = EDGE_CURVE('',#8152,#5766,#8154,.T.);
#8152 = VERTEX_POINT('',#8153);
#8153 = CARTESIAN_POINT('',(30.,129.,4.));
#8154 = SURFACE_CURVE('',#8155,(#8159,#8166),.PCURVE_S1.);
#8155 = LINE('',#8156,#8157);
#8156 = CARTESIAN_POINT('',(30.,129.,4.));
#8157 = VECTOR('',#8158,1.);
#8158 = DIRECTION('',(1.110223024625E-16,1.,0.));
#8159 = PCURVE('',#5781,#8160);
#8160 = DEFINITIONAL_REPRESENTATION('',(#8161),#8165);
#8161 = LINE('',#8162,#8163);
#8162 = CARTESIAN_POINT('',(30.805843601499,-7.771561172376E-16));
#8163 = VECTOR('',#8164,1.);
#8164 = DIRECTION('',(0.,-1.));
#8165 = ( GEOMETRIC_REPRESENTATION_CONTEXT(2) 
PARAMETRIC_REPRESENTATION_CONTEXT() REPRESENTATION_CONTEXT('2D SPACE',''
  ) );
#8166 = PCURVE('',#5809,#8167);
#8167 = DEFINITIONAL_REPRESENTATION('',(#8168),#8172);
#8168 = LINE('',#8169,#8170);
#8169 = CARTESIAN_POINT('',(0.,0.));
#8170 = VECTOR('',#8171,1.);
#8171 = DIRECTION('',(0.,-1.));
#8172 = ( GEOMETRIC_REPRESENTATION_CONTEXT(2) 
PARAMETRIC_REPRESENTATION_CONTEXT() REPRESENTATION_CONTEXT('2D SPACE',''
  ) );
#8173 = ORIENTED_EDGE('',*,*,#8174,.F.);
#8174 = EDGE_CURVE('',#6394,#8152,#8175,.T.);
#8175 = SURFACE_CURVE('',#8176,(#8180,#8187),.PCURVE_S1.);
#8176 = LINE('',#8177,#8178);
#8177 = CARTESIAN_POINT('',(23.,129.,34.));
#8178 = VECTOR('',#8179,1.);
#8179 = DIRECTION('',(0.227229615606,-2.52275551123E-17,-0.973841209742)
  );
#8180 = PCURVE('',#5781,#8181);
#8181 = DEFINITIONAL_REPRESENTATION('',(#8182),#8186);
#8182 = LINE('',#8183,#8184);
#8183 = CARTESIAN_POINT('',(0.,0.));
#8184 = VECTOR('',#8185,1.);
#8185 = DIRECTION('',(1.,0.));
#8186 = ( GEOMETRIC_REPRESENTATION_CONTEXT(2) 
PARAMETRIC_REPRESENTATION_CONTEXT() REPRESENTATION_CONTEXT('2D SPACE',''
  ) );
#8187 = PCURVE('',#6409,#8188);
#8188 = DEFINITIONAL_REPRESENTATION('',(#8189),#8193);
#8189 = LINE('',#8190,#8191);
#8190 = CARTESIAN_POINT('',(16.548539099625,-1.951460900375));
#8191 = VECTOR('',#8192,1.);
#8192 = DIRECTION('',(-0.973841209742,0.227229615606));
#8193 = ( GEOMETRIC_REPRESENTATION_CONTEXT(2) 
PARAMETRIC_REPRESENTATION_CONTEXT() REPRESENTATION_CONTEXT('2D SPACE',''
  ) );
#8194 = ADVANCED_FACE('',(#8195),#5809,.F.);
#8195 = FACE_BOUND('',#8196,.F.);
#8196 = EDGE_LOOP('',(#8197,#8218,#8219,#8220));
#8197 = ORIENTED_EDGE('',*,*,#8198,.F.);
#8198 = EDGE_CURVE('',#8152,#6775,#8199,.T.);
#8199 = SURFACE_CURVE('',#8200,(#8204,#8211),.PCURVE_S1.);
#8200 = LINE('',#8201,#8202);
#8201 = CARTESIAN_POINT('',(30.,129.,4.));
#8202 = VECTOR('',#8203,1.);
#8203 = DIRECTION('',(-1.,1.110223024625E-16,0.));
#8204 = PCURVE('',#5809,#8205);
#8205 = DEFINITIONAL_REPRESENTATION('',(#8206),#8210);
#8206 = LINE('',#8207,#8208);
#8207 = CARTESIAN_POINT('',(0.,0.));
#8208 = VECTOR('',#8209,1.);
#8209 = DIRECTION('',(1.,0.));
#8210 = ( GEOMETRIC_REPRESENTATION_CONTEXT(2) 
PARAMETRIC_REPRESENTATION_CONTEXT() REPRESENTATION_CONTEXT('2D SPACE',''
  ) );
#8211 = PCURVE('',#6409,#8212);
#8212 = DEFINITIONAL_REPRESENTATION('',(#8213),#8217);
#8213 = LINE('',#8214,#8215);
#8214 = CARTESIAN_POINT('',(-13.45146090037,5.048539099625));
#8215 = VECTOR('',#8216,1.);
#8216 = DIRECTION('',(0.,-1.));
#8217 = ( GEOMETRIC_REPRESENTATION_CONTEXT(2) 
PARAMETRIC_REPRESENTATION_CONTEXT() REPRESENTATION_CONTEXT('2D SPACE',''
  ) );
#8218 = ORIENTED_EDGE('',*,*,#8151,.T.);
#8219 = ORIENTED_EDGE('',*,*,#5793,.T.);
#8220 = ORIENTED_EDGE('',*,*,#6797,.F.);
#8221 = ADVANCED_FACE('',(#8222),#6305,.T.);
#8222 = FACE_BOUND('',#8223,.T.);
#8223 = EDGE_LOOP('',(#8224,#8247,#8268,#8269,#8290,#8291,#8292,#8293));
#8224 = ORIENTED_EDGE('',*,*,#8225,.T.);
#8225 = EDGE_CURVE('',#6599,#8226,#8228,.T.);
#8226 = VERTEX_POINT('',#8227);
#8227 = CARTESIAN_POINT('',(30.,65.,4.));
#8228 = SURFACE_CURVE('',#8229,(#8233,#8240),.PCURVE_S1.);
#8229 = LINE('',#8230,#8231);
#8230 = CARTESIAN_POINT('',(23.,65.,34.));
#8231 = VECTOR('',#8232,1.);
#8232 = DIRECTION('',(0.227229615606,-2.52275551123E-17,-0.973841209742)
  );
#8233 = PCURVE('',#6305,#8234);
#8234 = DEFINITIONAL_REPRESENTATION('',(#8235),#8239);
#8235 = LINE('',#8236,#8237);
#8236 = CARTESIAN_POINT('',(16.548539099625,-1.951460900375));
#8237 = VECTOR('',#8238,1.);
#8238 = DIRECTION('',(-0.973841209742,0.227229615606));
#8239 = ( GEOMETRIC_REPRESENTATION_CONTEXT(2) 
PARAMETRIC_REPRESENTATION_CONTEXT() REPRESENTATION_CONTEXT('2D SPACE',''
  ) );
#8240 = PCURVE('',#6637,#8241);
#8241 = DEFINITIONAL_REPRESENTATION('',(#8242),#8246);
#8242 = LINE('',#8243,#8244);
#8243 = CARTESIAN_POINT('',(-7.568266533689E-17,-3.));
#8244 = VECTOR('',#8245,1.);
#8245 = DIRECTION('',(1.,0.));
#8246 = ( GEOMETRIC_REPRESENTATION_CONTEXT(2) 
PARAMETRIC_REPRESENTATION_CONTEXT() REPRESENTATION_CONTEXT('2D SPACE',''
  ) );
#8247 = ORIENTED_EDGE('',*,*,#8248,.T.);
#8248 = EDGE_CURVE('',#8226,#6678,#8249,.T.);
#8249 = SURFACE_CURVE('',#8250,(#8254,#8261),.PCURVE_S1.);
#8250 = LINE('',#8251,#8252);
#8251 = CARTESIAN_POINT('',(30.,65.,4.));
#8252 = VECTOR('',#8253,1.);
#8253 = DIRECTION('',(-1.,1.110223024625E-16,0.));
#8254 = PCURVE('',#6305,#8255);
#8255 = DEFINITIONAL_REPRESENTATION('',(#8256),#8260);
#8256 = LINE('',#8257,#8258);
#8257 = CARTESIAN_POINT('',(-13.45146090037,5.048539099625));
#8258 = VECTOR('',#8259,1.);
#8259 = DIRECTION('',(0.,-1.));
#8260 = ( GEOMETRIC_REPRESENTATION_CONTEXT(2) 
PARAMETRIC_REPRESENTATION_CONTEXT() REPRESENTATION_CONTEXT('2D SPACE',''
  ) );
#8261 = PCURVE('',#6693,#8262);
#8262 = DEFINITIONAL_REPRESENTATION('',(#8263),#8267);
#8263 = LINE('',#8264,#8265);
#8264 = CARTESIAN_POINT('',(3.330669073875E-16,-3.));
#8265 = VECTOR('',#8266,1.);
#8266 = DIRECTION('',(1.,0.));
#8267 = ( GEOMETRIC_REPRESENTATION_CONTEXT(2) 
PARAMETRIC_REPRESENTATION_CONTEXT() REPRESENTATION_CONTEXT('2D SPACE',''
  ) );
#8268 = ORIENTED_EDGE('',*,*,#6705,.F.);
#8269 = ORIENTED_EDGE('',*,*,#8270,.T.);
#8270 = EDGE_CURVE('',#6706,#6478,#8271,.T.);
#8271 = SURFACE_CURVE('',#8272,(#8276,#8283),.PCURVE_S1.);
#8272 = LINE('',#8273,#8274);
#8273 = CARTESIAN_POINT('',(26.,65.,8.));
#8274 = VECTOR('',#8275,1.);
#8275 = DIRECTION('',(-1.,1.110223024625E-16,0.));
#8276 = PCURVE('',#6305,#8277);
#8277 = DEFINITIONAL_REPRESENTATION('',(#8278),#8282);
#8278 = LINE('',#8279,#8280);
#8279 = CARTESIAN_POINT('',(-9.451460900375,1.048539099625));
#8280 = VECTOR('',#8281,1.);
#8281 = DIRECTION('',(0.,-1.));
#8282 = ( GEOMETRIC_REPRESENTATION_CONTEXT(2) 
PARAMETRIC_REPRESENTATION_CONTEXT() REPRESENTATION_CONTEXT('2D SPACE',''
  ) );
#8283 = PCURVE('',#6493,#8284);
#8284 = DEFINITIONAL_REPRESENTATION('',(#8285),#8289);
#8285 = LINE('',#8286,#8287);
#8286 = CARTESIAN_POINT('',(35.,3.330669073875E-16));
#8287 = VECTOR('',#8288,1.);
#8288 = DIRECTION('',(0.,1.));
#8289 = ( GEOMETRIC_REPRESENTATION_CONTEXT(2) 
PARAMETRIC_REPRESENTATION_CONTEXT() REPRESENTATION_CONTEXT('2D SPACE',''
  ) );
#8290 = ORIENTED_EDGE('',*,*,#6505,.T.);
#8291 = ORIENTED_EDGE('',*,*,#6366,.T.);
#8292 = ORIENTED_EDGE('',*,*,#6289,.F.);
#8293 = ORIENTED_EDGE('',*,*,#6598,.F.);
#8294 = ADVANCED_FACE('',(#8295),#6409,.F.);
#8295 = FACE_BOUND('',#8296,.F.);
#8296 = EDGE_LOOP('',(#8297,#8298,#8319,#8320));
#8297 = ORIENTED_EDGE('',*,*,#8198,.T.);
#8298 = ORIENTED_EDGE('',*,*,#8299,.T.);
#8299 = EDGE_CURVE('',#6775,#6392,#8300,.T.);
#8300 = SURFACE_CURVE('',#8301,(#8305,#8312),.PCURVE_S1.);
#8301 = LINE('',#8302,#8303);
#8302 = CARTESIAN_POINT('',(30.,129.,4.));
#8303 = VECTOR('',#8304,1.);
#8304 = DIRECTION('',(-1.,1.110223024625E-16,0.));
#8305 = PCURVE('',#6409,#8306);
#8306 = DEFINITIONAL_REPRESENTATION('',(#8307),#8311);
#8307 = LINE('',#8308,#8309);
#8308 = CARTESIAN_POINT('',(-13.45146090037,5.048539099625));
#8309 = VECTOR('',#8310,1.);
#8310 = DIRECTION('',(0.,-1.));
#8311 = ( GEOMETRIC_REPRESENTATION_CONTEXT(2) 
PARAMETRIC_REPRESENTATION_CONTEXT() REPRESENTATION_CONTEXT('2D SPACE',''
  ) );
#8312 = PCURVE('',#6437,#8313);
#8313 = DEFINITIONAL_REPRESENTATION('',(#8314),#8318);
#8314 = LINE('',#8315,#8316);
#8315 = CARTESIAN_POINT('',(85.,-4.));
#8316 = VECTOR('',#8317,1.);
#8317 = DIRECTION('',(0.,1.));
#8318 = ( GEOMETRIC_REPRESENTATION_CONTEXT(2) 
PARAMETRIC_REPRESENTATION_CONTEXT() REPRESENTATION_CONTEXT('2D SPACE',''
  ) );
#8319 = ORIENTED_EDGE('',*,*,#6391,.T.);
#8320 = ORIENTED_EDGE('',*,*,#8174,.T.);
#8321 = ADVANCED_FACE('',(#8322),#6437,.T.);
#8322 = FACE_BOUND('',#8323,.T.);
#8323 = EDGE_LOOP('',(#8324,#8325,#8346,#8347));
#8324 = ORIENTED_EDGE('',*,*,#6421,.T.);
#8325 = ORIENTED_EDGE('',*,*,#8326,.T.);
#8326 = EDGE_CURVE('',#6422,#6752,#8327,.T.);
#8327 = SURFACE_CURVE('',#8328,(#8332,#8339),.PCURVE_S1.);
#8328 = LINE('',#8329,#8330);
#8329 = CARTESIAN_POINT('',(26.,66.,4.));
#8330 = VECTOR('',#8331,1.);
#8331 = DIRECTION('',(1.,-1.110223024625E-16,0.));
#8332 = PCURVE('',#6437,#8333);
#8333 = DEFINITIONAL_REPRESENTATION('',(#8334),#8338);
#8334 = LINE('',#8335,#8336);
#8335 = CARTESIAN_POINT('',(22.,-1.110223024625E-15));
#8336 = VECTOR('',#8337,1.);
#8337 = DIRECTION('',(0.,-1.));
#8338 = ( GEOMETRIC_REPRESENTATION_CONTEXT(2) 
PARAMETRIC_REPRESENTATION_CONTEXT() REPRESENTATION_CONTEXT('2D SPACE',''
  ) );
#8339 = PCURVE('',#6465,#8340);
#8340 = DEFINITIONAL_REPRESENTATION('',(#8341),#8345);
#8341 = LINE('',#8342,#8343);
#8342 = CARTESIAN_POINT('',(4.,0.));
#8343 = VECTOR('',#8344,1.);
#8344 = DIRECTION('',(0.,1.));
#8345 = ( GEOMETRIC_REPRESENTATION_CONTEXT(2) 
PARAMETRIC_REPRESENTATION_CONTEXT() REPRESENTATION_CONTEXT('2D SPACE',''
  ) );
#8346 = ORIENTED_EDGE('',*,*,#6774,.T.);
#8347 = ORIENTED_EDGE('',*,*,#8299,.T.);
#8348 = ADVANCED_FACE('',(#8349),#6465,.T.);
#8349 = FACE_BOUND('',#8350,.T.);
#8350 = EDGE_LOOP('',(#8351,#8352,#8353,#8354));
#8351 = ORIENTED_EDGE('',*,*,#6751,.F.);
#8352 = ORIENTED_EDGE('',*,*,#8326,.F.);
#8353 = ORIENTED_EDGE('',*,*,#6449,.T.);
#8354 = ORIENTED_EDGE('',*,*,#8355,.F.);
#8355 = EDGE_CURVE('',#6729,#6450,#8356,.T.);
#8356 = SURFACE_CURVE('',#8357,(#8361,#8368),.PCURVE_S1.);
#8357 = LINE('',#8358,#8359);
#8358 = CARTESIAN_POINT('',(26.,66.,8.));
#8359 = VECTOR('',#8360,1.);
#8360 = DIRECTION('',(-1.,1.110223024625E-16,0.));
#8361 = PCURVE('',#6465,#8362);
#8362 = DEFINITIONAL_REPRESENTATION('',(#8363),#8367);
#8363 = LINE('',#8364,#8365);
#8364 = CARTESIAN_POINT('',(8.,0.));
#8365 = VECTOR('',#8366,1.);
#8366 = DIRECTION('',(0.,-1.));
#8367 = ( GEOMETRIC_REPRESENTATION_CONTEXT(2) 
PARAMETRIC_REPRESENTATION_CONTEXT() REPRESENTATION_CONTEXT('2D SPACE',''
  ) );
#8368 = PCURVE('',#6493,#8369);
#8369 = DEFINITIONAL_REPRESENTATION('',(#8370),#8374);
#8370 = LINE('',#8371,#8372);
#8371 = CARTESIAN_POINT('',(36.,4.440892098501E-16));
#8372 = VECTOR('',#8373,1.);
#8373 = DIRECTION('',(0.,1.));
#8374 = ( GEOMETRIC_REPRESENTATION_CONTEXT(2) 
PARAMETRIC_REPRESENTATION_CONTEXT() REPRESENTATION_CONTEXT('2D SPACE',''
  ) );
#8375 = ADVANCED_FACE('',(#8376),#6493,.T.);
#8376 = FACE_BOUND('',#8377,.T.);
#8377 = EDGE_LOOP('',(#8378,#8379,#8380,#8381));
#8378 = ORIENTED_EDGE('',*,*,#6728,.T.);
#8379 = ORIENTED_EDGE('',*,*,#8355,.T.);
#8380 = ORIENTED_EDGE('',*,*,#6477,.T.);
#8381 = ORIENTED_EDGE('',*,*,#8270,.F.);
#8382 = ADVANCED_FACE('',(#8383),#6693,.F.);
#8383 = FACE_BOUND('',#8384,.F.);
#8384 = EDGE_LOOP('',(#8385,#8408,#8429,#8430));
#8385 = ORIENTED_EDGE('',*,*,#8386,.F.);
#8386 = EDGE_CURVE('',#8387,#6650,#8389,.T.);
#8387 = VERTEX_POINT('',#8388);
#8388 = CARTESIAN_POINT('',(30.,62.,4.));
#8389 = SURFACE_CURVE('',#8390,(#8394,#8401),.PCURVE_S1.);
#8390 = LINE('',#8391,#8392);
#8391 = CARTESIAN_POINT('',(30.,62.,4.));
#8392 = VECTOR('',#8393,1.);
#8393 = DIRECTION('',(-1.,1.110223024625E-16,0.));
#8394 = PCURVE('',#6693,#8395);
#8395 = DEFINITIONAL_REPRESENTATION('',(#8396),#8400);
#8396 = LINE('',#8397,#8398);
#8397 = CARTESIAN_POINT('',(0.,0.));
#8398 = VECTOR('',#8399,1.);
#8399 = DIRECTION('',(1.,0.));
#8400 = ( GEOMETRIC_REPRESENTATION_CONTEXT(2) 
PARAMETRIC_REPRESENTATION_CONTEXT() REPRESENTATION_CONTEXT('2D SPACE',''
  ) );
#8401 = PCURVE('',#6665,#8402);
#8402 = DEFINITIONAL_REPRESENTATION('',(#8403),#8407);
#8403 = LINE('',#8404,#8405);
#8404 = CARTESIAN_POINT('',(0.2,7.));
#8405 = VECTOR('',#8406,1.);
#8406 = DIRECTION('',(0.,-1.));
#8407 = ( GEOMETRIC_REPRESENTATION_CONTEXT(2) 
PARAMETRIC_REPRESENTATION_CONTEXT() REPRESENTATION_CONTEXT('2D SPACE',''
  ) );
#8408 = ORIENTED_EDGE('',*,*,#8409,.T.);
#8409 = EDGE_CURVE('',#8387,#8226,#8410,.T.);
#8410 = SURFACE_CURVE('',#8411,(#8415,#8422),.PCURVE_S1.);
#8411 = LINE('',#8412,#8413);
#8412 = CARTESIAN_POINT('',(30.,62.,4.));
#8413 = VECTOR('',#8414,1.);
#8414 = DIRECTION('',(1.110223024625E-16,1.,0.));
#8415 = PCURVE('',#6693,#8416);
#8416 = DEFINITIONAL_REPRESENTATION('',(#8417),#8421);
#8417 = LINE('',#8418,#8419);
#8418 = CARTESIAN_POINT('',(0.,0.));
#8419 = VECTOR('',#8420,1.);
#8420 = DIRECTION('',(0.,-1.));
#8421 = ( GEOMETRIC_REPRESENTATION_CONTEXT(2) 
PARAMETRIC_REPRESENTATION_CONTEXT() REPRESENTATION_CONTEXT('2D SPACE',''
  ) );
#8422 = PCURVE('',#6637,#8423);
#8423 = DEFINITIONAL_REPRESENTATION('',(#8424),#8428);
#8424 = LINE('',#8425,#8426);
#8425 = CARTESIAN_POINT('',(30.805843601499,-7.771561172376E-16));
#8426 = VECTOR('',#8427,1.);
#8427 = DIRECTION('',(0.,-1.));
#8428 = ( GEOMETRIC_REPRESENTATION_CONTEXT(2) 
PARAMETRIC_REPRESENTATION_CONTEXT() REPRESENTATION_CONTEXT('2D SPACE',''
  ) );
#8429 = ORIENTED_EDGE('',*,*,#8248,.T.);
#8430 = ORIENTED_EDGE('',*,*,#6677,.F.);
#8431 = ADVANCED_FACE('',(#8432),#6665,.F.);
#8432 = FACE_BOUND('',#8433,.F.);
#8433 = EDGE_LOOP('',(#8434,#8435,#8436));
#8434 = ORIENTED_EDGE('',*,*,#8386,.T.);
#8435 = ORIENTED_EDGE('',*,*,#6649,.F.);
#8436 = ORIENTED_EDGE('',*,*,#8437,.T.);
#8437 = EDGE_CURVE('',#6622,#8387,#8438,.T.);
#8438 = SURFACE_CURVE('',#8439,(#8443,#8450),.PCURVE_S1.);
#8439 = LINE('',#8440,#8441);
#8440 = CARTESIAN_POINT('',(23.,62.,34.));
#8441 = VECTOR('',#8442,1.);
#8442 = DIRECTION('',(0.227229615606,-2.52275551123E-17,-0.973841209742)
  );
#8443 = PCURVE('',#6665,#8444);
#8444 = DEFINITIONAL_REPRESENTATION('',(#8445),#8449);
#8445 = LINE('',#8446,#8447);
#8446 = CARTESIAN_POINT('',(30.2,0.));
#8447 = VECTOR('',#8448,1.);
#8448 = DIRECTION('',(-0.973841209742,0.227229615606));
#8449 = ( GEOMETRIC_REPRESENTATION_CONTEXT(2) 
PARAMETRIC_REPRESENTATION_CONTEXT() REPRESENTATION_CONTEXT('2D SPACE',''
  ) );
#8450 = PCURVE('',#6637,#8451);
#8451 = DEFINITIONAL_REPRESENTATION('',(#8452),#8456);
#8452 = LINE('',#8453,#8454);
#8453 = CARTESIAN_POINT('',(0.,0.));
#8454 = VECTOR('',#8455,1.);
#8455 = DIRECTION('',(1.,0.));
#8456 = ( GEOMETRIC_REPRESENTATION_CONTEXT(2) 
PARAMETRIC_REPRESENTATION_CONTEXT() REPRESENTATION_CONTEXT('2D SPACE',''
  ) );
#8457 = ADVANCED_FACE('',(#8458),#6637,.F.);
#8458 = FACE_BOUND('',#8459,.F.);
#8459 = EDGE_LOOP('',(#8460,#8461,#8462,#8463));
#8460 = ORIENTED_EDGE('',*,*,#8437,.F.);
#8461 = ORIENTED_EDGE('',*,*,#6621,.F.);
#8462 = ORIENTED_EDGE('',*,*,#8225,.T.);
#8463 = ORIENTED_EDGE('',*,*,#8409,.F.);
#8464 = ADVANCED_FACE('',(#8465),#7106,.F.);
#8465 = FACE_BOUND('',#8466,.F.);
#8466 = EDGE_LOOP('',(#8467,#8490,#8511,#8512));
#8467 = ORIENTED_EDGE('',*,*,#8468,.F.);
#8468 = EDGE_CURVE('',#8469,#7063,#8471,.T.);
#8469 = VERTEX_POINT('',#8470);
#8470 = CARTESIAN_POINT('',(129.,-30.,4.));
#8471 = SURFACE_CURVE('',#8472,(#8476,#8483),.PCURVE_S1.);
#8472 = LINE('',#8473,#8474);
#8473 = CARTESIAN_POINT('',(129.,-30.,4.));
#8474 = VECTOR('',#8475,1.);
#8475 = DIRECTION('',(0.,1.,0.));
#8476 = PCURVE('',#7106,#8477);
#8477 = DEFINITIONAL_REPRESENTATION('',(#8478),#8482);
#8478 = LINE('',#8479,#8480);
#8479 = CARTESIAN_POINT('',(0.,0.));
#8480 = VECTOR('',#8481,1.);
#8481 = DIRECTION('',(1.,0.));
#8482 = ( GEOMETRIC_REPRESENTATION_CONTEXT(2) 
PARAMETRIC_REPRESENTATION_CONTEXT() REPRESENTATION_CONTEXT('2D SPACE',''
  ) );
#8483 = PCURVE('',#7421,#8484);
#8484 = DEFINITIONAL_REPRESENTATION('',(#8485),#8489);
#8485 = LINE('',#8486,#8487);
#8486 = CARTESIAN_POINT('',(-13.45146090037,5.048539099625));
#8487 = VECTOR('',#8488,1.);
#8488 = DIRECTION('',(0.,-1.));
#8489 = ( GEOMETRIC_REPRESENTATION_CONTEXT(2) 
PARAMETRIC_REPRESENTATION_CONTEXT() REPRESENTATION_CONTEXT('2D SPACE',''
  ) );
#8490 = ORIENTED_EDGE('',*,*,#8491,.T.);
#8491 = EDGE_CURVE('',#8469,#7823,#8492,.T.);
#8492 = SURFACE_CURVE('',#8493,(#8497,#8504),.PCURVE_S1.);
#8493 = LINE('',#8494,#8495);
#8494 = CARTESIAN_POINT('',(129.,-30.,4.));
#8495 = VECTOR('',#8496,1.);
#8496 = DIRECTION('',(1.,0.,0.));
#8497 = PCURVE('',#7106,#8498);
#8498 = DEFINITIONAL_REPRESENTATION('',(#8499),#8503);
#8499 = LINE('',#8500,#8501);
#8500 = CARTESIAN_POINT('',(0.,0.));
#8501 = VECTOR('',#8502,1.);
#8502 = DIRECTION('',(0.,-1.));
#8503 = ( GEOMETRIC_REPRESENTATION_CONTEXT(2) 
PARAMETRIC_REPRESENTATION_CONTEXT() REPRESENTATION_CONTEXT('2D SPACE',''
  ) );
#8504 = PCURVE('',#7585,#8505);
#8505 = DEFINITIONAL_REPRESENTATION('',(#8506),#8510);
#8506 = LINE('',#8507,#8508);
#8507 = CARTESIAN_POINT('',(30.805843601499,-0.));
#8508 = VECTOR('',#8509,1.);
#8509 = DIRECTION('',(0.,-1.));
#8510 = ( GEOMETRIC_REPRESENTATION_CONTEXT(2) 
PARAMETRIC_REPRESENTATION_CONTEXT() REPRESENTATION_CONTEXT('2D SPACE',''
  ) );
#8511 = ORIENTED_EDGE('',*,*,#7845,.T.);
#8512 = ORIENTED_EDGE('',*,*,#7090,.F.);
#8513 = ADVANCED_FACE('',(#8514),#7078,.T.);
#8514 = FACE_BOUND('',#8515,.T.);
#8515 = EDGE_LOOP('',(#8516,#8517,#8538,#8539));
#8516 = ORIENTED_EDGE('',*,*,#7433,.T.);
#8517 = ORIENTED_EDGE('',*,*,#8518,.T.);
#8518 = EDGE_CURVE('',#7434,#7035,#8519,.T.);
#8519 = SURFACE_CURVE('',#8520,(#8524,#8531),.PCURVE_S1.);
#8520 = LINE('',#8521,#8522);
#8521 = CARTESIAN_POINT('',(66.,-26.,4.));
#8522 = VECTOR('',#8523,1.);
#8523 = DIRECTION('',(0.,-1.,0.));
#8524 = PCURVE('',#7078,#8525);
#8525 = DEFINITIONAL_REPRESENTATION('',(#8526),#8530);
#8526 = LINE('',#8527,#8528);
#8527 = CARTESIAN_POINT('',(22.,0.));
#8528 = VECTOR('',#8529,1.);
#8529 = DIRECTION('',(0.,-1.));
#8530 = ( GEOMETRIC_REPRESENTATION_CONTEXT(2) 
PARAMETRIC_REPRESENTATION_CONTEXT() REPRESENTATION_CONTEXT('2D SPACE',''
  ) );
#8531 = PCURVE('',#7050,#8532);
#8532 = DEFINITIONAL_REPRESENTATION('',(#8533),#8537);
#8533 = LINE('',#8534,#8535);
#8534 = CARTESIAN_POINT('',(4.,0.));
#8535 = VECTOR('',#8536,1.);
#8536 = DIRECTION('',(0.,1.));
#8537 = ( GEOMETRIC_REPRESENTATION_CONTEXT(2) 
PARAMETRIC_REPRESENTATION_CONTEXT() REPRESENTATION_CONTEXT('2D SPACE',''
  ) );
#8538 = ORIENTED_EDGE('',*,*,#7062,.T.);
#8539 = ORIENTED_EDGE('',*,*,#8540,.T.);
#8540 = EDGE_CURVE('',#7063,#7404,#8541,.T.);
#8541 = SURFACE_CURVE('',#8542,(#8546,#8553),.PCURVE_S1.);
#8542 = LINE('',#8543,#8544);
#8543 = CARTESIAN_POINT('',(129.,-30.,4.));
#8544 = VECTOR('',#8545,1.);
#8545 = DIRECTION('',(0.,1.,0.));
#8546 = PCURVE('',#7078,#8547);
#8547 = DEFINITIONAL_REPRESENTATION('',(#8548),#8552);
#8548 = LINE('',#8549,#8550);
#8549 = CARTESIAN_POINT('',(85.,-4.));
#8550 = VECTOR('',#8551,1.);
#8551 = DIRECTION('',(0.,1.));
#8552 = ( GEOMETRIC_REPRESENTATION_CONTEXT(2) 
PARAMETRIC_REPRESENTATION_CONTEXT() REPRESENTATION_CONTEXT('2D SPACE',''
  ) );
#8553 = PCURVE('',#7421,#8554);
#8554 = DEFINITIONAL_REPRESENTATION('',(#8555),#8559);
#8555 = LINE('',#8556,#8557);
#8556 = CARTESIAN_POINT('',(-13.45146090037,5.048539099625));
#8557 = VECTOR('',#8558,1.);
#8558 = DIRECTION('',(0.,-1.));
#8559 = ( GEOMETRIC_REPRESENTATION_CONTEXT(2) 
PARAMETRIC_REPRESENTATION_CONTEXT() REPRESENTATION_CONTEXT('2D SPACE',''
  ) );
#8560 = ADVANCED_FACE('',(#8561),#7050,.T.);
#8561 = FACE_BOUND('',#8562,.T.);
#8562 = EDGE_LOOP('',(#8563,#8564,#8565,#8566));
#8563 = ORIENTED_EDGE('',*,*,#7034,.F.);
#8564 = ORIENTED_EDGE('',*,*,#8518,.F.);
#8565 = ORIENTED_EDGE('',*,*,#7456,.T.);
#8566 = ORIENTED_EDGE('',*,*,#8567,.F.);
#8567 = EDGE_CURVE('',#7007,#7457,#8568,.T.);
#8568 = SURFACE_CURVE('',#8569,(#8573,#8580),.PCURVE_S1.);
#8569 = LINE('',#8570,#8571);
#8570 = CARTESIAN_POINT('',(66.,-26.,8.));
#8571 = VECTOR('',#8572,1.);
#8572 = DIRECTION('',(0.,1.,0.));
#8573 = PCURVE('',#7050,#8574);
#8574 = DEFINITIONAL_REPRESENTATION('',(#8575),#8579);
#8575 = LINE('',#8576,#8577);
#8576 = CARTESIAN_POINT('',(8.,0.));
#8577 = VECTOR('',#8578,1.);
#8578 = DIRECTION('',(0.,-1.));
#8579 = ( GEOMETRIC_REPRESENTATION_CONTEXT(2) 
PARAMETRIC_REPRESENTATION_CONTEXT() REPRESENTATION_CONTEXT('2D SPACE',''
  ) );
#8580 = PCURVE('',#7022,#8581);
#8581 = DEFINITIONAL_REPRESENTATION('',(#8582),#8586);
#8582 = LINE('',#8583,#8584);
#8583 = CARTESIAN_POINT('',(36.,0.));
#8584 = VECTOR('',#8585,1.);
#8585 = DIRECTION('',(0.,1.));
#8586 = ( GEOMETRIC_REPRESENTATION_CONTEXT(2) 
PARAMETRIC_REPRESENTATION_CONTEXT() REPRESENTATION_CONTEXT('2D SPACE',''
  ) );
#8587 = ADVANCED_FACE('',(#8588),#7022,.T.);
#8588 = FACE_BOUND('',#8589,.T.);
#8589 = EDGE_LOOP('',(#8590,#8591,#8592,#8593));
#8590 = ORIENTED_EDGE('',*,*,#7006,.T.);
#8591 = ORIENTED_EDGE('',*,*,#8567,.T.);
#8592 = ORIENTED_EDGE('',*,*,#7479,.T.);
#8593 = ORIENTED_EDGE('',*,*,#8594,.F.);
#8594 = EDGE_CURVE('',#6984,#7480,#8595,.T.);
#8595 = SURFACE_CURVE('',#8596,(#8600,#8607),.PCURVE_S1.);
#8596 = LINE('',#8597,#8598);
#8597 = CARTESIAN_POINT('',(65.,-26.,8.));
#8598 = VECTOR('',#8599,1.);
#8599 = DIRECTION('',(0.,1.,0.));
#8600 = PCURVE('',#7022,#8601);
#8601 = DEFINITIONAL_REPRESENTATION('',(#8602),#8606);
#8602 = LINE('',#8603,#8604);
#8603 = CARTESIAN_POINT('',(35.,0.));
#8604 = VECTOR('',#8605,1.);
#8605 = DIRECTION('',(0.,1.));
#8606 = ( GEOMETRIC_REPRESENTATION_CONTEXT(2) 
PARAMETRIC_REPRESENTATION_CONTEXT() REPRESENTATION_CONTEXT('2D SPACE',''
  ) );
#8607 = PCURVE('',#6887,#8608);
#8608 = DEFINITIONAL_REPRESENTATION('',(#8609),#8613);
#8609 = LINE('',#8610,#8611);
#8610 = CARTESIAN_POINT('',(-9.451460900375,1.048539099625));
#8611 = VECTOR('',#8612,1.);
#8612 = DIRECTION('',(0.,-1.));
#8613 = ( GEOMETRIC_REPRESENTATION_CONTEXT(2) 
PARAMETRIC_REPRESENTATION_CONTEXT() REPRESENTATION_CONTEXT('2D SPACE',''
  ) );
#8614 = ADVANCED_FACE('',(#8615),#6887,.T.);
#8615 = FACE_BOUND('',#8616,.T.);
#8616 = EDGE_LOOP('',(#8617,#8640,#8661,#8662,#8663,#8664,#8665,#8666));
#8617 = ORIENTED_EDGE('',*,*,#8618,.T.);
#8618 = EDGE_CURVE('',#6872,#8619,#8621,.T.);
#8619 = VERTEX_POINT('',#8620);
#8620 = CARTESIAN_POINT('',(65.,-30.,4.));
#8621 = SURFACE_CURVE('',#8622,(#8626,#8633),.PCURVE_S1.);
#8622 = LINE('',#8623,#8624);
#8623 = CARTESIAN_POINT('',(65.,-23.,34.));
#8624 = VECTOR('',#8625,1.);
#8625 = DIRECTION('',(0.,-0.227229615606,-0.973841209742));
#8626 = PCURVE('',#6887,#8627);
#8627 = DEFINITIONAL_REPRESENTATION('',(#8628),#8632);
#8628 = LINE('',#8629,#8630);
#8629 = CARTESIAN_POINT('',(16.548539099625,-1.951460900375));
#8630 = VECTOR('',#8631,1.);
#8631 = DIRECTION('',(-0.973841209742,0.227229615606));
#8632 = ( GEOMETRIC_REPRESENTATION_CONTEXT(2) 
PARAMETRIC_REPRESENTATION_CONTEXT() REPRESENTATION_CONTEXT('2D SPACE',''
  ) );
#8633 = PCURVE('',#6915,#8634);
#8634 = DEFINITIONAL_REPRESENTATION('',(#8635),#8639);
#8635 = LINE('',#8636,#8637);
#8636 = CARTESIAN_POINT('',(0.,-3.));
#8637 = VECTOR('',#8638,1.);
#8638 = DIRECTION('',(1.,-0.));
#8639 = ( GEOMETRIC_REPRESENTATION_CONTEXT(2) 
PARAMETRIC_REPRESENTATION_CONTEXT() REPRESENTATION_CONTEXT('2D SPACE',''
  ) );
#8640 = ORIENTED_EDGE('',*,*,#8641,.T.);
#8641 = EDGE_CURVE('',#8619,#6956,#8642,.T.);
#8642 = SURFACE_CURVE('',#8643,(#8647,#8654),.PCURVE_S1.);
#8643 = LINE('',#8644,#8645);
#8644 = CARTESIAN_POINT('',(65.,-30.,4.));
#8645 = VECTOR('',#8646,1.);
#8646 = DIRECTION('',(0.,1.,0.));
#8647 = PCURVE('',#6887,#8648);
#8648 = DEFINITIONAL_REPRESENTATION('',(#8649),#8653);
#8649 = LINE('',#8650,#8651);
#8650 = CARTESIAN_POINT('',(-13.45146090037,5.048539099625));
#8651 = VECTOR('',#8652,1.);
#8652 = DIRECTION('',(0.,-1.));
#8653 = ( GEOMETRIC_REPRESENTATION_CONTEXT(2) 
PARAMETRIC_REPRESENTATION_CONTEXT() REPRESENTATION_CONTEXT('2D SPACE',''
  ) );
#8654 = PCURVE('',#6971,#8655);
#8655 = DEFINITIONAL_REPRESENTATION('',(#8656),#8660);
#8656 = LINE('',#8657,#8658);
#8657 = CARTESIAN_POINT('',(0.,-3.));
#8658 = VECTOR('',#8659,1.);
#8659 = DIRECTION('',(1.,0.));
#8660 = ( GEOMETRIC_REPRESENTATION_CONTEXT(2) 
PARAMETRIC_REPRESENTATION_CONTEXT() REPRESENTATION_CONTEXT('2D SPACE',''
  ) );
#8661 = ORIENTED_EDGE('',*,*,#6983,.F.);
#8662 = ORIENTED_EDGE('',*,*,#8594,.T.);
#8663 = ORIENTED_EDGE('',*,*,#7502,.T.);
#8664 = ORIENTED_EDGE('',*,*,#7378,.T.);
#8665 = ORIENTED_EDGE('',*,*,#7272,.F.);
#8666 = ORIENTED_EDGE('',*,*,#6871,.F.);
#8667 = ADVANCED_FACE('',(#8668),#6971,.F.);
#8668 = FACE_BOUND('',#8669,.F.);
#8669 = EDGE_LOOP('',(#8670,#8693,#8714,#8715));
#8670 = ORIENTED_EDGE('',*,*,#8671,.F.);
#8671 = EDGE_CURVE('',#8672,#6928,#8674,.T.);
#8672 = VERTEX_POINT('',#8673);
#8673 = CARTESIAN_POINT('',(62.,-30.,4.));
#8674 = SURFACE_CURVE('',#8675,(#8679,#8686),.PCURVE_S1.);
#8675 = LINE('',#8676,#8677);
#8676 = CARTESIAN_POINT('',(62.,-30.,4.));
#8677 = VECTOR('',#8678,1.);
#8678 = DIRECTION('',(0.,1.,0.));
#8679 = PCURVE('',#6971,#8680);
#8680 = DEFINITIONAL_REPRESENTATION('',(#8681),#8685);
#8681 = LINE('',#8682,#8683);
#8682 = CARTESIAN_POINT('',(0.,0.));
#8683 = VECTOR('',#8684,1.);
#8684 = DIRECTION('',(1.,0.));
#8685 = ( GEOMETRIC_REPRESENTATION_CONTEXT(2) 
PARAMETRIC_REPRESENTATION_CONTEXT() REPRESENTATION_CONTEXT('2D SPACE',''
  ) );
#8686 = PCURVE('',#6943,#8687);
#8687 = DEFINITIONAL_REPRESENTATION('',(#8688),#8692);
#8688 = LINE('',#8689,#8690);
#8689 = CARTESIAN_POINT('',(0.2,7.));
#8690 = VECTOR('',#8691,1.);
#8691 = DIRECTION('',(0.,-1.));
#8692 = ( GEOMETRIC_REPRESENTATION_CONTEXT(2) 
PARAMETRIC_REPRESENTATION_CONTEXT() REPRESENTATION_CONTEXT('2D SPACE',''
  ) );
#8693 = ORIENTED_EDGE('',*,*,#8694,.T.);
#8694 = EDGE_CURVE('',#8672,#8619,#8695,.T.);
#8695 = SURFACE_CURVE('',#8696,(#8700,#8707),.PCURVE_S1.);
#8696 = LINE('',#8697,#8698);
#8697 = CARTESIAN_POINT('',(62.,-30.,4.));
#8698 = VECTOR('',#8699,1.);
#8699 = DIRECTION('',(1.,0.,0.));
#8700 = PCURVE('',#6971,#8701);
#8701 = DEFINITIONAL_REPRESENTATION('',(#8702),#8706);
#8702 = LINE('',#8703,#8704);
#8703 = CARTESIAN_POINT('',(0.,0.));
#8704 = VECTOR('',#8705,1.);
#8705 = DIRECTION('',(0.,-1.));
#8706 = ( GEOMETRIC_REPRESENTATION_CONTEXT(2) 
PARAMETRIC_REPRESENTATION_CONTEXT() REPRESENTATION_CONTEXT('2D SPACE',''
  ) );
#8707 = PCURVE('',#6915,#8708);
#8708 = DEFINITIONAL_REPRESENTATION('',(#8709),#8713);
#8709 = LINE('',#8710,#8711);
#8710 = CARTESIAN_POINT('',(30.805843601499,-0.));
#8711 = VECTOR('',#8712,1.);
#8712 = DIRECTION('',(0.,-1.));
#8713 = ( GEOMETRIC_REPRESENTATION_CONTEXT(2) 
PARAMETRIC_REPRESENTATION_CONTEXT() REPRESENTATION_CONTEXT('2D SPACE',''
  ) );
#8714 = ORIENTED_EDGE('',*,*,#8641,.T.);
#8715 = ORIENTED_EDGE('',*,*,#6955,.F.);
#8716 = ADVANCED_FACE('',(#8717),#6943,.F.);
#8717 = FACE_BOUND('',#8718,.F.);
#8718 = EDGE_LOOP('',(#8719,#8720,#8721));
#8719 = ORIENTED_EDGE('',*,*,#8671,.T.);
#8720 = ORIENTED_EDGE('',*,*,#6927,.F.);
#8721 = ORIENTED_EDGE('',*,*,#8722,.T.);
#8722 = EDGE_CURVE('',#6900,#8672,#8723,.T.);
#8723 = SURFACE_CURVE('',#8724,(#8728,#8735),.PCURVE_S1.);
#8724 = LINE('',#8725,#8726);
#8725 = CARTESIAN_POINT('',(62.,-23.,34.));
#8726 = VECTOR('',#8727,1.);
#8727 = DIRECTION('',(0.,-0.227229615606,-0.973841209742));
#8728 = PCURVE('',#6943,#8729);
#8729 = DEFINITIONAL_REPRESENTATION('',(#8730),#8734);
#8730 = LINE('',#8731,#8732);
#8731 = CARTESIAN_POINT('',(30.2,0.));
#8732 = VECTOR('',#8733,1.);
#8733 = DIRECTION('',(-0.973841209742,0.227229615606));
#8734 = ( GEOMETRIC_REPRESENTATION_CONTEXT(2) 
PARAMETRIC_REPRESENTATION_CONTEXT() REPRESENTATION_CONTEXT('2D SPACE',''
  ) );
#8735 = PCURVE('',#6915,#8736);
#8736 = DEFINITIONAL_REPRESENTATION('',(#8737),#8741);
#8737 = LINE('',#8738,#8739);
#8738 = CARTESIAN_POINT('',(0.,0.));
#8739 = VECTOR('',#8740,1.);
#8740 = DIRECTION('',(1.,-0.));
#8741 = ( GEOMETRIC_REPRESENTATION_CONTEXT(2) 
PARAMETRIC_REPRESENTATION_CONTEXT() REPRESENTATION_CONTEXT('2D SPACE',''
  ) );
#8742 = ADVANCED_FACE('',(#8743),#6915,.F.);
#8743 = FACE_BOUND('',#8744,.F.);
#8744 = EDGE_LOOP('',(#8745,#8746,#8747,#8748));
#8745 = ORIENTED_EDGE('',*,*,#8722,.F.);
#8746 = ORIENTED_EDGE('',*,*,#6899,.F.);
#8747 = ORIENTED_EDGE('',*,*,#8618,.T.);
#8748 = ORIENTED_EDGE('',*,*,#8694,.F.);
#8749 = ADVANCED_FACE('',(#8750),#7421,.F.);
#8750 = FACE_BOUND('',#8751,.F.);
#8751 = EDGE_LOOP('',(#8752,#8753,#8754,#8755));
#8752 = ORIENTED_EDGE('',*,*,#8468,.T.);
#8753 = ORIENTED_EDGE('',*,*,#8540,.T.);
#8754 = ORIENTED_EDGE('',*,*,#7403,.T.);
#8755 = ORIENTED_EDGE('',*,*,#8756,.T.);
#8756 = EDGE_CURVE('',#7406,#8469,#8757,.T.);
#8757 = SURFACE_CURVE('',#8758,(#8762,#8769),.PCURVE_S1.);
#8758 = LINE('',#8759,#8760);
#8759 = CARTESIAN_POINT('',(129.,-23.,34.));
#8760 = VECTOR('',#8761,1.);
#8761 = DIRECTION('',(0.,-0.227229615606,-0.973841209742));
#8762 = PCURVE('',#7421,#8763);
#8763 = DEFINITIONAL_REPRESENTATION('',(#8764),#8768);
#8764 = LINE('',#8765,#8766);
#8765 = CARTESIAN_POINT('',(16.548539099625,-1.951460900375));
#8766 = VECTOR('',#8767,1.);
#8767 = DIRECTION('',(-0.973841209742,0.227229615606));
#8768 = ( GEOMETRIC_REPRESENTATION_CONTEXT(2) 
PARAMETRIC_REPRESENTATION_CONTEXT() REPRESENTATION_CONTEXT('2D SPACE',''
  ) );
#8769 = PCURVE('',#7585,#8770);
#8770 = DEFINITIONAL_REPRESENTATION('',(#8771),#8775);
#8771 = LINE('',#8772,#8773);
#8772 = CARTESIAN_POINT('',(0.,0.));
#8773 = VECTOR('',#8774,1.);
#8774 = DIRECTION('',(1.,-0.));
#8775 = ( GEOMETRIC_REPRESENTATION_CONTEXT(2) 
PARAMETRIC_REPRESENTATION_CONTEXT() REPRESENTATION_CONTEXT('2D SPACE',''
  ) );
#8776 = ADVANCED_FACE('',(#8777),#7585,.F.);
#8777 = FACE_BOUND('',#8778,.F.);
#8778 = EDGE_LOOP('',(#8779,#8780,#8781,#8782));
#8779 = ORIENTED_EDGE('',*,*,#7571,.T.);
#8780 = ORIENTED_EDGE('',*,*,#7822,.T.);
#8781 = ORIENTED_EDGE('',*,*,#8491,.F.);
#8782 = ORIENTED_EDGE('',*,*,#8756,.F.);
#8783 = ( GEOMETRIC_REPRESENTATION_CONTEXT(3) 
GLOBAL_UNCERTAINTY_ASSIGNED_CONTEXT((#8787)) 
GLOBAL_UNIT_ASSIGNED_CONTEXT((#8784,#8785,#8786)) REPRESENTATION_CONTEXT
('Context #1','3D Context with UNIT and UNCERTAINTY') );
#8784 = ( LENGTH_UNIT() NAMED_UNIT(*) SI_UNIT(.MILLI.,.METRE.) );
#8785 = ( NAMED_UNIT(*) PLANE_ANGLE_UNIT() SI_UNIT($,.RADIAN.) );
#8786 = ( NAMED_UNIT(*) SI_UNIT($,.STERADIAN.) SOLID_ANGLE_UNIT() );
#8787 = UNCERTAINTY_MEASURE_WITH_UNIT(LENGTH_MEASURE(1.E-07),#8784,
  'distance_accuracy_value','confusion accuracy');
#8788 = PRODUCT_RELATED_PRODUCT_CATEGORY('part',$,(#7));
ENDSEC;
END-ISO-10303-21;
